<?xml version="1.0" encoding="UTF-8"?>
<TEI xmlns="http://www.tei-c.org/ns/1.0" xml:id="sz2_bibliographie">
   <text>
      <body>
         <listBibl xml:id="bibliographie">
            <bibl xml:id="anon_les_eaux_d_aix">Les eaux d'Aix : nouvelle divertissante ; Du Mois de May 1701, Köln: Marteau, 1701.<ptr type="opac" cRef="180849395"/>
            </bibl>
            <bibl xml:id="barbier_dictionnaire">Barbier d'Aucour, Jean: Le Dictionnaire De L'Académie Françoise., Paris: Coignard, 1694.<ptr type="opac" cRef="136068626"/>
            </bibl>
            <bibl xml:id="bentivoglio_opere">Bentivoglio, Guido: Opere : Nuov. Racc. insieme / del Cardinal Bentivoglio., Paris: Redelichuysen, 1645.<ptr type="opac" cRef="150035462"/>
            </bibl>
            <bibl xml:id="boethius_consolatione">Anicius Manlius Severinus Boethius: Des Fürtrefflichen Hochweisen Herrn Severini Boetii Weil. Bürgermeisters zu Rom Consolatio Philosophiae, Oder Christlich-vernunfft-gemesser Trost und Unterricht/ in Widerwertigkeit und Bestürtzung über dem vermeinten Wohl- oder Ubel-Stand der Bösen und Frommen : Verteutschet, und Mit beygefügten kurtzen Anmerckungen über etliche dunckele Ort desselben, übers. von Christian Knorr von Rosenroth, Lüneburg: Lipper, 1697.<ptr type="opac" cRef="536109648"/>
            </bibl>
            <bibl xml:id="bruslé_montpleinchamp_histoire_alexandre_farnese">Bruslé de Montpleinchamp, Jean-Chrysostome: L'Histoire d'Alexandre Farneze, Duc de Parme et de Plaizance, gouverneur de la Belgique, Amsterdam (recte Brüssel): Michils Foppens, 1692.<ptr type="opac" cRef="150440464"/>
            </bibl>
            <bibl xml:id="capel_von_suendlichen_versuchungen_1_2">Capel, Richard: Richard Capel's, Weyland Berühmten Engelländischen Theologi, Geistreicher Tractat Von Sündlichen Versuchungen/ Worinne Ihre Gefahr Natur/ und Cur gezeiget wird / Anitzo Zur Beförderung des wahren Christenthums aus dem Engelländischen ins Hoch-Teutsche übersetzet Durch M. G. K. [Erster und Zweiter Theil], Aschersleben/Quedlinburg: Struntz, 1701.<ptr type="opac" cRef="150892977"/>
            </bibl>
            <bibl xml:id="capel_von_suendlichen_versuchungen_3_4">Capel, Richard: Richard Capel's, Weyland Berühmten Engelländischen Theologi, Geistreicher Tractat Von Sündlichen Versuchungen/ Worinne Ihre Gefahr Natur/ und Cur gezeiget wird / Anitzo Zur Beförderung des wahren Christenthums aus dem Engelländischen ins Hoch-Teutsche übersetzet Durch M. G. K. [Dritter und Vierdter Theil], Aschersleben/Quedlinburg: Struntz, 1701.<ptr type="opac" cRef="150892977"/>
            </bibl>
            <bibl xml:id="courtilz-sandras_memoires_madame_fresne">Courtilz de Sandras, Gatien de: Mémoires De Madame La Marquise De Frêne : Enrichis de figures, Amsterdam: Malherbe, 1701.<ptr type="gvk" cRef=""/>
            </bibl>
            <bibl xml:id="epictetus_handbuechlein">Epictetus: Des Epicteti Hand-Büchlein : Aus dem Griechischen/ mit Hülffe der Lateinisch- Spanisch: Italiänisch- Frantzösisch- Englisch- und Holländischen Verdolmetschung in die deutsche Sprache von neuem übersetzet Im Jahr 1670, übers. von Friedrich von Walther, Oels: Bockshammer, 1695.<ptr type="opac" cRef="535841868"/>
            </bibl>
            <bibl xml:id="ernst_des_himmlischen_salomonis">Ernst, Jacob Daniel: Des Him[m]lischen Salomonis gründliches und Warhafftiges Urtheil/ Von der wahren und falschen Glückseeligkeit der Menschen : Aus dem V. Cap. Matthaei, und VI. Cap. Lucae, in XV. Betrachtungen ... fürgestellet/ Welchem beygefüget die sonderbare Bekehr- und Beruffung des Zöllners Matthäi/ In VIII. Betrachtungen erwogen. Benebenst nützlichen Registern ..., Altenburg: Richter, 1695.<ptr type="opac" cRef="535475098"/>
            </bibl>
            <bibl xml:id="gracián_obras_i">Gracián y Morales, Baltasar: Obras De Lorenzo Gracian. Tomo Primero: Que Contiene, El Criticon, Primera, Segunda y Tercera Parte. El Oraculo. Y El Heroe. Tomo Secundo: Que Contiene, La Agudeza, Y Arte De Ingenio. El Discreto. El Politico Don Fernando el Catolico. Meditaciones varias para antes, y despues de la Sagrada Comunion. Ultima Impression, mas corrigenda, y enriquecida de tablas. Tome 1, Madrid: Redondo, De Val, 1664.<ptr type="opac" cRef="151606471"/>
               <note>Das Exemplar Herzog August Bibliothek: Ll 109: 1-2 der zweibändigen Werkausgabe von 1664 stammt laut Exlibris aus dem Besitz Herzog Ludwig Rudolphs.</note>
            </bibl>
            <bibl xml:id="le_vassor_histoire_louis_xiii">Le Vassor, Michel: Histoire Du Regne De Louis XIII. Roi De France Et De Navarre. 2. ed., revue et corrigée. Tome 1 [-Tome 10], Amsterdam: Le Jeune, 1700 [-1711].<ptr type="opac" cRef="216810957"/>
            </bibl>
            <bibl xml:id="mezeray_histoire">Mézeray, François Eudes de: Histoire de France avant Clovis : l'origine des François et leur establissement dans les Gaules, l'estat de la religion et la conduite des eglises dans les Gaules jusqu'au regne de Clovis, Amsterdam: Schelte, 1696.<ptr type="opac" cRef="221766022"/>
            </bibl>
            <bibl xml:id="nani_historia_veneta">Nani, Battista: Historia della Repvblica Veneta, Bologna: Longhi, 1680.<ptr type="opac" cRef="151171750"/>
            </bibl>
            <bibl xml:id="pascal_pensées">Pascal, Blaise: Pensées ... Sur la Religion, Et sur quelques autres sujets. Ed. nouvelle. Augmentée de beaucoup de Pensées, de la Vie de l'Autheur, &amp; de quelques Dissertations., Amsterdam: Wetstein, 1699.<ptr type="opac" cRef="150333269"/>
               <note>Die Exemplare der an der HAB bewahrten Ausgaben seit 1670 bis 1701 lassen einen einstigen Besitz Herzog Ludwig Rudolphs nicht erkennen. <!--Geprüft: nur OPAC!--></note>
            </bibl>
            <bibl xml:id="philostratus_images">Vigenère, Blaise de: Les images ou tableaux de platte peinture des deux Philostrates sophistes grecs et les statues de Callistrate, Paris: Guillemot, 1637.<ptr type="opac" cRef="253096111"/>
            </bibl>
            <bibl xml:id="salnove_venerie_royale">Salnove, Robert de: La venerie royale divisée en 4 parties : qui continnent Le Chasses du Cerf ... avec le denombrement des forests et grands buissons de France ... (et un Dictionnaire des chasseurs), Paris: Sommaville, 1665.<ptr type="opac" cRef="230502520"/>
            </bibl>
            <bibl xml:id="schmidt_compendium">Schmidt, Johann Andreas: Compendium Historiae Ecclesiasticae In Varios Studiosae Iuventutis Usus Conscriptum, Helmstedt: Süstermann, 1701.<ptr type="opac" cRef="392564157"/>
            </bibl>
            <bibl xml:id="valckenier_das_verwirrte_europa">Valckenier, Pieter: Das Verwirrte Europa. Oder, Politische und Historische Beschreibung Der in Europa, fürnehmlich in dem Vereinigten Niederlande, und in dessen Nachbarschafft, seither dem Jahre 1664. entstandenen, und durch die gesuchte allgemeine Monarchie der Frantzosen, verursachten blutigen Kriege, ... nebenst deroselben Ursachen und Gründen : Fürgestelt in vier Teilen, ... Nebenst den Authenticquen Copeyen der Briefe und gewissen Berichten ; Geziert mit vielen kunstreichen Kupffer-Stücken, ... / Durch Hrn. Petrus Valckenier, JC. Niederländischen Ordinaren Residenten in Franckfurt am Mayn. 3 Bde., Amsterdam: Meurs; Someren; Boom, 1677-1683.<ptr type="opac" cRef="135738806"/>
            </bibl>
         </listBibl>
      </body>
   </text>
</TEI>
