<?xml version="1.0" encoding="UTF-8"?>
<TEI xmlns="http://www.tei-c.org/ns/1.0" xml:id="sz2.register.orte">
   <teiHeader>
      <fileDesc>
         <titleStmt>
            <title>Ortsregister (mit Geoinformationen)</title>
            <respStmt>
               <resp>erstellt und bearbeitet von</resp>
               <name>Alexander Zirr</name>
               <name>Andreas Herz</name>
               <name>Jan-Hendrik Hütten</name>
            </respStmt>
         </titleStmt>
         <publicationStmt>
            <publisher>
               <name type="org">Herzog August Bibliothek Wolfenbüttel</name>
               <ptr target="http://www.hab.de"/>
               <address>
                  <street>Lessingplatz 1</street>
                  <name type="city">Wolfenbüttel</name>
                  <postCode>D-38299</postCode>
                  <name type="country">Germany</name>
               </address>
            </publisher>
         </publicationStmt>
         <sourceDesc>
            <p/>
         </sourceDesc>
      </fileDesc>
   </teiHeader>
   <text>
      <body>
         <listPlace xml:id="place">
            <place xml:id="aken">
               <placeName ref="http://www.geonames.org/2958781/aken.html">Aken</placeName>
               <location>
                  <geo>51.85274 12.04461</geo>
               </location>
            </place>
            <place xml:id="aleppo">
               <placeName ref="http://www.geonames.org/170063/aleppo.html">Aleppo</placeName>
               <location>
                  <geo>36.20124 37.16117</geo>
               </location>
            </place>
            <place xml:id="alfeld">
               <placeName ref="http://www.geonames.org/2958533/alfeld.html">Alfeld</placeName>
               <location>
                  <geo>51.98382 9.81989</geo>
               </location>
            </place>
            <place xml:id="aller_river">
               <placeName ref="http://www.geonames.org/2958425/aller.html">Aller, Fluss</placeName>
               <location>
                  <geo>52.94632 9.18439</geo>
               </location>
            </place>
            <place xml:id="altona">
               <placeName ref="http://www.geonames.org/2911296/altona.html">Altona</placeName>
               <location>
                  <geo>53.55 9.93333</geo>
               </location>
            </place>
            <place xml:id="ampleben">
               <placeName ref="http://www.geonames.org/2956372/ampleben.html">Ampleben</placeName>
               <location>
                  <geo>52.17825 10.74703</geo>
               </location>
            </place>
            <place xml:id="amsterdam">
               <placeName ref="http://www.geonames.org/2759794/amsterdam.html">Amsterdam</placeName>
               <location>
                  <geo>52.37403 4.88969</geo>
               </location>
            </place>
            <place xml:id="angers">
               <placeName ref="http://www.geonames.org/3037656/angers.html">Angers</placeName>
               <location>
                  <geo>47.47156 -0.55202</geo>
               </location>
            </place>
            <place xml:id="antwerpen">
               <placeName ref="https://www.geonames.org/2803138/antwerpen.html">Antwerpen</placeName>
               <location>
                  <geo>51.22047 4.40026</geo>
               </location>
            </place>
            <place xml:id="arnstadt">
               <placeName ref="http://www.geonames.org/2955439/arnstadt.html">Arnstadt</placeName>
               <location>
                  <geo>50.84048 10.95198</geo>
               </location>
            </place>
            <place xml:id="aschaffenburg">
               <placeName ref="http://www.geonames.org/2955272/aschaffenburg.html">Aschaffenburg</placeName>
               <location>
                  <geo>49.97704 9.15214</geo>
               </location>
            </place>
            <place xml:id="aschaffenburg_schloss_johannisburg">
               <placeName ref="http://www.geonames.org/6943340/schloss-johannisburg.html">Schloss Johannisburg</placeName>
               <location>
                  <geo>49.97604 9.14168</geo>
               </location>
            </place>
            <place xml:id="augsburg">
               <placeName ref="http://www.geonames.org/2954172/augsburg.html">Augsburg</placeName>
               <location>
                  <geo>48.37154 10.89851</geo>
               </location>
            </place>
            <place xml:id="aurich">
               <placeName ref="http://www.geonames.org/2954006/aurich.html">Aurich</placeName>
               <location>
                  <geo>53.46919 7.48232</geo>
               </location>
            </place>
            <place xml:id="bacharach">
               <placeName ref="http://www.geonames.org/2953702/bacharach.html">Bacharach</placeName>
               <location>
                  <geo>50.05725 7.76948</geo>
               </location>
            </place>
            <place xml:id="bamberg">
               <placeName ref="http://www.geonames.org/2952984/bamberg.html">Bamberg</placeName>
               <location>
                  <geo>49.89873 10.90067</geo>
               </location>
            </place>
            <place xml:id="berlin">
               <placeName ref="http://www.geonames.org/2950159/berlin.html">Berlin</placeName>
               <location>
                  <geo>52.52437 13.41053</geo>
               </location>
            </place>
            <place xml:id="bevern">
               <placeName ref="http://www.geonames.org/2949489/bevern.html">Bevern</placeName>
               <location>
                  <geo>51.85826 9.49408</geo>
               </location>
            </place>
            <place xml:id="biebrich">
               <placeName ref="http://www.geonames.org/2949235/biebrich.html">Biebrich</placeName>
               <location>
                  <geo>50.0415 8.24878</geo>
               </location>
            </place>
            <place xml:id="bingen_maeuseturm">
               <placeName ref="http://www.geonames.org/11886814/binger-maeuseturm.html">Bingen, Mäuseturm</placeName>
               <location>
                  <geo>49.972 7.88008</geo>
               </location>
            </place>
            <place xml:id="binger_loch">
               <placeName ref="http://www.geonames.org/2948820/binger-loch.html">Binger Loch</placeName>
               <location>
                  <geo>49.97353 7.87711</geo>
               </location>
            </place>
            <place xml:id="bissingen">
               <placeName ref="https://www.geonames.org/2948204/bissingen.html">Bissingen (Bayern)</placeName>
               <location>
                  <geo>48.71694 10.61766</geo>
               </location>
            </place>
            <place xml:id="blankenburg">
               <placeName ref="http://www.geonames.org/2948071/blankenburg.html">Blankenburg</placeName>
               <location>
                  <geo>51.79025 10.95509</geo>
               </location>
            </place>
            <place xml:id="bockelskamp">
               <placeName ref="http://www.geonames.org/2947375/bockelskamp.html">Bockelskamp (Wienhausen)</placeName>
               <location>
                  <geo>52.57849 10.14845</geo>
               </location>
            </place>
            <place xml:id="boppard">
               <placeName ref="http://www.geonames.org/2946366/boppard.html">Boppard</placeName>
               <location>
                  <geo>50.23085 7.58992</geo>
               </location>
            </place>
            <place xml:id="boxtal">
               <placeName ref="https://www.geonames.org/2945682/boxtal.html">Boxtal</placeName>
               <location>
                  <geo>49.7636 9.40205</geo>
               </location>
            </place>
            <place xml:id="braubach">
               <placeName ref="http://www.geonames.org/2945136/braubach.html">Braubach</placeName>
               <location>
                  <geo>50.2736 7.64508</geo>
               </location>
            </place>
            <place xml:id="braunlage">
               <placeName ref="http://www.geonames.org/2945055/braunlage.html">Braunlage</placeName>
               <location>
                  <geo>51.72651 10.6109</geo>
               </location>
            </place>
            <place xml:id="braunschweig">
               <placeName ref="http://www.geonames.org/2945024/braunschweig.html">Braunschweig</placeName>
               <location>
                  <geo>52.26594 10.52673</geo>
               </location>
            </place>
            <place xml:id="bremen">
               <placeName ref="http://www.geonames.org/2944388/bremen.html">Bremen</placeName>
               <location>
                  <geo>53.07582 8.80717</geo>
               </location>
            </place>
            <place xml:id="broistedt">
               <placeName ref="https://www.geonames.org/2943856/broistedt.html">Broistedt</placeName>
               <location>
                  <geo>52.18656 10.33058</geo>
               </location>
            </place>
            <place xml:id="bruchhausen">
               <placeName ref="http://www.geonames.org/2943587/bruchhausen-vilsen.html">Bruchhausen (Bruchhausen-Vilsen)</placeName>
               <location>
                  <geo>52.82931 8.99066</geo>
               </location>
            </place>
            <place xml:id="brueggen">
               <placeName ref="http://www.geonames.org/2943335/brueggen.html">Brüggen</placeName>
               <location>
                  <geo>52.0425 9.7745</geo>
               </location>
            </place>
            <place xml:id="bruessel">
               <placeName ref="http://www.geonames.org/2800866/brussels.html">Brüssel</placeName>
               <location>
                  <geo>50.85045 4.34878</geo>
               </location>
            </place>
            <place xml:id="bueckeburg">
               <placeName ref="http://www.geonames.org/2942159/bueckeburg.html">Bückeburg</placeName>
               <location>
                  <geo>52.26065 9.04939</geo>
               </location>
            </place>
            <place xml:id="burgdorf">
               <placeName ref="http://www.geonames.org/2941405/burgdorf.html">Burgdorf</placeName>
               <location>
                  <geo>52.44628 10.0064</geo>
               </location>
            </place>
            <place xml:id="buergstadt">
               <placeName ref="http://www.geonames.org/2941151/buergstadt.html">Bürgstadt</placeName>
               <location>
                  <geo>49.71476 9.26916</geo>
               </location>
            </place>
            <place xml:id="butzbach">
               <placeName ref="http://www.geonames.org/2940512/butzbach.html">Butzbach</placeName>
               <location>
                  <geo>50.43395 8.67122</geo>
               </location>
            </place>
            <place xml:id="celle">
               <placeName ref="http://www.geonames.org/2940213/celle.html">Celle</placeName>
               <location>
                  <geo>52.62264 10.08047</geo>
               </location>
            </place>
            <place xml:id="châtelet">
               <placeName ref="http://www.geonames.org/2800448/chatelet.html">Châtelet</placeName>
               <location>
                  <geo>50.40338 4.52826</geo>
               </location>
            </place>
            <place xml:id="coburg">
               <placeName ref="http://www.geonames.org/2939951/coburg.html">Coburg</placeName>
               <location>
                  <geo>50.25937 10.96384</geo>
               </location>
            </place>
            <place xml:id="cornberg">
               <placeName ref="http://www.geonames.org/2939847/cornberg.html">Cornberg</placeName>
               <location>
                  <geo>51.0416 9.86051</geo>
               </location>
            </place>
            <place xml:id="corvey_kloster">
               <placeName ref="http://www.geonames.org/10942877/imperial-abbey-of-corvey.html">Corvey, Kloster</placeName>
               <location>
                  <geo>51.77819 9.41043</geo>
               </location>
            </place>
            <place xml:id="cramme">
               <placeName ref="http://www.geonames.org/2939788/cramme.html">Cramme</placeName>
               <location>
                  <geo>52.11331 10.44671</geo>
               </location>
            </place>
            <place xml:id="darmstadt">
               <placeName ref="http://www.geonames.org/2938913/darmstadt.html">Darmstadt</placeName>
               <location>
                  <geo>49.87167 8.65027</geo>
               </location>
            </place>
            <place xml:id="delmenhorst">
               <placeName ref="https://www.geonames.org/2938323/delmenhorst.html">Delmenhorst</placeName>
               <location>
                  <geo>53.0511 8.63091</geo>
               </location>
            </place>
            <place xml:id="delitzsch">
               <placeName ref="http://www.geonames.org/2938376/delitzsch.html">Delitzsch</placeName>
               <location>
                  <geo>51.52546 12.34284</geo>
               </location>
            </place>
            <place xml:id="dinkelsbuehl">
               <placeName ref="http://www.geonames.org/2936886/dinkelsbuehl.html">Dinkelsbühl</placeName>
               <location>
                  <geo>49.06942 10.31985</geo>
               </location>
            </place>
            <place xml:id="dorfprozelten">
               <placeName ref="https://www.geonames.org/2936040/dorfprozelten.html">Dorfprozelten</placeName>
               <location>
                  <geo>49.78056 9.38028</geo>
               </location>
            </place>
            <place xml:id="dresden">
               <placeName ref="http://www.geonames.org/2935022/dresden.html">Dresden</placeName>
               <location>
                  <geo>51.05089 13.73832</geo>
               </location>
            </place>
            <place xml:id="duderstadt">
               <placeName ref="http://www.geonames.org/2934728/duderstadt.html">Duderstadt</placeName>
               <location>
                  <geo>51.51312 10.25951</geo>
               </location>
            </place>
            <place xml:id="eisenach">
               <placeName ref="http://www.geonames.org/2931574/eisenach.html">Eisenach</placeName>
               <location>
                  <geo>50.9807 10.31522</geo>
               </location>
            </place>
            <place xml:id="eisfeld">
               <placeName ref="http://www.geonames.org/2931433/eisfeld.html">Eisfeld</placeName>
               <location>
                  <geo>50.42648 10.90695</geo>
               </location>
            </place>
            <place xml:id="elm">
               <placeName ref="http://www.geonames.org/2930878/elm.html">Elm, Höhenzug</placeName>
               <location>
                  <geo>52.18015 10.81186</geo>
               </location>
            </place>
            <place xml:id="elsenfeld">
               <placeName ref="http://www.geonames.org/2930747/elsenfeld.html">Elsenfeld</placeName>
               <location>
                  <geo>49.84289 9.16355</geo>
               </location>
            </place>
            <place xml:id="ems">
               <placeName ref="http://www.geonames.org/2953507/bad-ems.html">Ems (Bad Ems)</placeName>
               <location>
                  <geo>50.33544 7.71369</geo>
               </location>
            </place>
            <place xml:id="erfurt">
               <placeName ref="http://www.geonames.org/2929670/erfurt.html">Erfurt</placeName>
               <location>
                  <geo>50.9787 11.03283</geo>
               </location>
            </place>
            <place xml:id="erlangen">
               <placeName ref="http://www.geonames.org/2929567/erlangen.html">Erlangen</placeName>
               <location>
                  <geo>49.59099 11.00783</geo>
               </location>
            </place>
            <place xml:id="erlenbach_am_main">
               <placeName ref="http://www.geonames.org/2929484/erlenbach-am-main.html">Erlenbach am Main</placeName>
               <location>
                  <geo>49.80341 9.16311</geo>
               </location>
            </place>
            <place xml:id="esens">
               <placeName ref="http://www.geonames.org/2928911/esens.html">Esens</placeName>
               <location>
                  <geo>53.64866 7.61267</geo>
               </location>
            </place>
            <place xml:id="etsch_river">
               <placeName ref="http://www.geonames.org/3183470/fiume-adige.html">Etsch (Adige), Fluss</placeName>
               <location>
                  <geo>45.16278 12.32806</geo>
               </location>
            </place>
            <place xml:id="europa">
               <placeName ref="http://www.geonames.org/6255148/europe.html">Europa</placeName>
               <location>
                  <geo>48.69096 9.14062</geo>
               </location>
            </place>
            <place xml:id="faulbach">
               <placeName ref="https://www.geonames.org/2927726/faulbach.html">Faulbach</placeName>
               <location>
                  <geo>49.78528 9.44417</geo>
               </location>
            </place>
            <place xml:id="festung_koenigstein">
               <placeName ref="http://www.geonames.org/2885766/festung-koenigstein.html">Königstein, Festung</placeName>
               <location>
                  <geo>50.91911 14.05581</geo>
               </location>
            </place>
            <place xml:id="ferrara">
               <placeName ref="http://www.geonames.org/6542120/ferrara.html">Ferrara</placeName>
               <location>
                  <geo>44.82678 11.62071</geo>
               </location>
            </place>
            <place xml:id="frankfurt_main">
               <placeName ref="http://www.geonames.org/2925533/frankfurt-am-main.html">Frankfurt (Main)</placeName>
               <location>
                  <geo>50.11552 8.68417</geo>
               </location>
            </place>
            <place xml:id="frauenwald">
               <placeName ref="http://www.geonames.org/2925286/frauenwald.html">Frauenwald</placeName>
               <location>
                  <geo>50.5843 10.85841</geo>
               </location>
            </place>
            <place xml:id="fraustadt">
               <placeName ref="https://www.geonames.org/3081300/wschowa.html">Fraustadt (Wschowa)</placeName>
               <location>
                  <geo>51.80705 16.31663</geo>
               </location>
            </place>
            <place xml:id="freudenberg">
               <placeName ref="http://www.geonames.org/6558012/freudenberg.html">Freudenberg</placeName>
               <location>
                  <geo>49.745 9.32917</geo>
               </location>
            </place>
            <place xml:id="friedberg_hessen">
               <placeName ref="http://www.geonames.org/2924802/friedberg.html">Friedberg (Hessen)</placeName>
               <location>
                  <geo>50.33739 8.75591</geo>
               </location>
            </place>
            <place xml:id="friedeburg">
               <placeName ref="http://www.geonames.org/2924788/friedeburg.html">Friedeburg</placeName>
               <location>
                  <geo>53.45 7.83333</geo>
               </location>
            </place>
            <place xml:id="fritzlar">
               <placeName ref="http://www.geonames.org/2924326/fritzlar.html">Fritzlar</placeName>
               <location>
                  <geo>51.13181 9.27557</geo>
               </location>
            </place>
            <place xml:id="gandersheim">
               <placeName ref="http://www.geonames.org/2953456/bad-gandersheim.html">(Bad) Gandersheim</placeName>
               <location>
                  <geo>51.87167 10.02537</geo>
               </location>
            </place>
            <place xml:id="geesthacht">
               <placeName ref="https://www.geonames.org/2922102/geesthacht.html">Geesthacht</placeName>
               <location>
                  <geo>53.43575 10.3779</geo>
               </location>
            </place>
            <place xml:id="giessen">
               <placeName ref="http://www.geonames.org/2920512/giessen.html">Gießen</placeName>
               <location>
                  <geo>50.58727 8.67554</geo>
               </location>
            </place>
            <place xml:id="gilserberg">
               <placeName ref="http://www.geonames.org/2920389/gilserberg.html">Gilserberg</placeName>
               <location>
                  <geo>50.95 9.06667</geo>
               </location>
            </place>
            <place xml:id="gleussen">
               <placeName ref="http://www.geonames.org/2919929/gleussen.html">Gleußen</placeName>
               <location>
                  <geo>50.13493 10.89836</geo>
               </location>
            </place>
            <place xml:id="gotha">
               <placeName ref="http://www.geonames.org/2918752/gotha.html">Gotha</placeName>
               <location>
                  <geo>50.94823 10.70193</geo>
               </location>
            </place>
            <place xml:id="gottorf">
               <placeName ref="http://www.geonames.org/2918605/schlesrf.html">Gottorf</placeName>
               <location>
                  <geo>54.51188 9.54082</geo>
               </location>
            </place>
            <place xml:id="gross_dahlum">
               <placeName ref="http://www.geonames.org/2916877/gross-dahlum.html">Großdahlum (Voigtsdahlum)</placeName>
               <location>
                  <geo>52.13981 10.85072</geo>
               </location>
            </place>
            <place xml:id="gross_floethe">
               <placeName ref="http://www.geonames.org/2915640/gross-floethe.html">Groß Flöthe</placeName>
               <location>
                  <geo>52.08763 10.46946</geo>
               </location>
            </place>
            <place xml:id="grossheubach">
               <placeName ref="http://www.geonames.org/2915511/grossheubach.html">Großheubach</placeName>
               <location>
                  <geo>49.72834 9.2228</geo>
               </location>
            </place>
            <place xml:id="gross_vahlberg">
               <placeName ref="http://www.geonames.org/2914925/gross-vahlberg.html">Groß Vahlberg</placeName>
               <location>
                  <geo>52.1376 10.69811</geo>
               </location>
            </place>
            <place xml:id="grosswallstadt">
               <placeName ref="http://www.geonames.org/2914890/grosswallstadt.html">Großwallstadt</placeName>
               <location>
                  <geo>49.87936 9.15338</geo>
               </location>
            </place>
            <place xml:id="gruenenwoert">
               <placeName ref="https://www.geonames.org/2914249/gruenenwoert.html">Grünenwört</placeName>
               <location>
                  <geo>49.77024 9.46925</geo>
               </location>
            </place>
            <place xml:id="gunzenhausen">
               <placeName ref="http://www.geonames.org/2913537/gunzenhausen.html">Gunzenhausen</placeName>
               <location>
                  <geo>49.11663 10.75971</geo>
               </location>
            </place>
            <place xml:id="hademstorf">
               <placeName ref="http://www.geonames.org/2912811/hademstorf.html">Hademstorf</placeName>
               <location>
                  <geo>52.71373 9.6314</geo>
               </location>
            </place>
            <place xml:id="hahnenklee">
               <placeName ref="http://www.geonames.org/11608633/hahnenklee.html">Hahnenklee</placeName>
               <location>
                  <geo>51.85969 10.33925</geo>
               </location>
            </place>
            <place xml:id="halberstadt">
               <placeName ref="http://www.geonames.org/2911665/halberstadt.html">Halberstadt</placeName>
               <location>
                  <geo>51.89562 11.05622</geo>
               </location>
            </place>
            <place xml:id="halchter">
               <placeName ref="http://www.geonames.org/2911639/halchter.html">Halchter</placeName>
               <location>
                  <geo>52.14302 10.54548</geo>
               </location>
            </place>
            <place xml:id="hamburg">
               <placeName ref="http://www.geonames.org/2911298/hamburg.html">Hamburg</placeName>
               <location>
                  <geo>53.55073 9.99302</geo>
               </location>
            </place>
            <place xml:id="hanau">
               <placeName ref="http://www.geonames.org/2911007/hanau-am-main.html">Hanau</placeName>
               <location>
                  <geo>50.13423 8.91418</geo>
               </location>
            </place>
            <place xml:id="hannover">
               <placeName ref="https://www.geonames.org/2910831/hannover.html">Hannover</placeName>
               <location>
                  <geo>52.37052 9.73322</geo>
               </location>
            </place>
            <place xml:id="harz">
               <placeName ref="http://www.geonames.org/2909965/harz.html">Harz</placeName>
               <location>
                  <geo>51.75619 10.63462</geo>
               </location>
            </place>
            <place xml:id="harzburg">
               <placeName ref="http://www.geonames.org/2953449/bad-harzburg.html">Heute Bad Harzburg, am nördlichen Harzrand gelegen; Standort einer einst kaiserlichen Reichsburg auf dem Burgberg, später Sitz des nach der Harzburg benannten Amtes im Fürstentum Braunschweig-Wolfenbüttel; die benachbarte Neustadt hatte seit dem 16. Jahrhundert vom fürstlichen Salinenbetrieb prosperiert und sich anschließend zu einer bedeutenden Kur- und Badestadt entwickelt, die sich seit 1892 Bad Harzburg nennen darf.</placeName>
               <location>
                  <geo>51.88268 10.56157</geo>
               </location>
            </place>
            <place xml:id="hasloch">
               <placeName ref="http://www.geonames.org/2909491/hasloch.html">Hasloch</placeName>
               <location>
                  <geo>49.79194 9.49361</geo>
               </location>
            </place>
            <place xml:id="hedwigsburg">
               <placeName ref="http://www.geonames.org/2908363/hedwigsburg.html">Hedwigsburg</placeName>
               <location>
                  <geo>52.10953 10.58327</geo>
               </location>
            </place>
            <place xml:id="hehlen">
               <placeName ref="http://www.geonames.org/2908165/hehlen.html">Hehlen</placeName>
               <location>
                  <geo>51.98858 9.47004</geo>
               </location>
            </place>
            <place xml:id="helmstedt">
               <placeName ref="http://www.geonames.org/2906676/helmstedt.html">Helmstedt</placeName>
               <location>
                  <geo>52.2279 11.00985</geo>
               </location>
            </place>
            <place xml:id="henriettenthal">
               <placeName ref="http://www.geonames.org/2906303/henriettenthal.html">Henriettenthal</placeName>
               <location>
                  <geo>50.26133 8.24367</geo>
               </location>
            </place>
            <place xml:id="herrenhausen_schloss">
               <placeName ref="http://www.geonames.org/2905801/herrenhausen.html">Herrenhausen, Schloss</placeName>
               <location>
                  <geo>52.39184 9.69698</geo>
               </location>
            </place>
            <place xml:id="hessen">
               <placeName ref="http://www.geonames.org/2905331/hessen.html">Hessen</placeName>
               <location>
                  <geo>52.01702 10.779</geo>
               </location>
            </place>
            <place xml:id="hildesheim">
               <placeName ref="http://www.geonames.org/2904789/hildesheim.html">Hildesheim</placeName>
               <location>
                  <geo>52.15077 9.95112</geo>
               </location>
            </place>
            <place xml:id="hils">
               <placeName ref="http://www.geonames.org/2904636/hils.html">Hils</placeName>
               <location>
                  <geo>51.8966 9.83139</geo>
               </location>
            </place>
            <place xml:id="hirschaid">
               <placeName ref="http://www.geonames.org/2903810/hirschaid.html">Hirschaid</placeName>
               <location>
                  <geo>49.81789 10.98918</geo>
               </location>
            </place>
            <place xml:id="hoechstaedt_an_der_donau">
               <placeName ref="https://www.geonames.org/2903012/hoechstaedt-an-der-donau.html">Höchstädt an der Donau</placeName>
               <location>
                  <geo>48.61124 10.56816</geo>
               </location>
            </place>
            <place xml:id="hohenaltheim">
               <placeName ref="http://www.geonames.org/2901986/hohenaltheim.html">Hohenaltheim</placeName>
               <location>
                  <geo>48.78402 10.53486</geo>
               </location>
            </place>
            <place xml:id="holzminden">
               <placeName ref="http://www.geonames.org/2899601/holzminden.html">Holzminden</placeName>
               <location>
                  <geo>51.82798 9.4455</geo>
               </location>
            </place>
            <place xml:id="homburg">
               <placeName ref="http://www.geonames.org/2953436/bad-homburg-vor-der-hoehe.html">(Bad) Homburg</placeName>
               <location>
                  <geo>50.22683 8.61816</geo>
               </location>
            </place>
            <place xml:id="hoechst_am_main">
               <placeName ref="http://www.geonames.org/2903019/hoechst.html">Höchst am Main</placeName>
               <location>
                  <geo>50.09581 8.53861</geo>
               </location>
            </place>
            <place xml:id="ichtershausen">
               <placeName ref="http://www.geonames.org/2896768/ichtershausen.html">Ichtershausen</placeName>
               <location>
                  <geo>50.87602 10.97028</geo>
               </location>
            </place>
            <place xml:id="idstein">
               <placeName ref="http://www.geonames.org/2896736/idstein.html">Idstein</placeName>
               <location>
                  <geo>50.21773 8.26679</geo>
               </location>
            </place>
            <place xml:id="ilmenau">
               <placeName ref="http://www.geonames.org/2896514/ilmenau.html">Ilmenau</placeName>
               <location>
                  <geo>50.68322 10.91858</geo>
               </location>
            </place>
            <place xml:id="ilsenburg">
               <placeName ref="http://www.geonames.org/2896483/ilsenburg.html">Ilsenburg</placeName>
               <location>
                  <geo>51.86695 10.67817</geo>
               </location>
            </place>
            <place xml:id="isny">
               <placeName ref="http://www.geonames.org/2895638/isny.html">Isny</placeName>
               <location>
                  <geo>47.6926 10.03857</geo>
               </location>
            </place>
            <place xml:id="kastel">
               <placeName ref="http://www.geonames.org/2892488/kastel.html">Kastel</placeName>
               <location>
                  <geo>50.00994 8.28291</geo>
               </location>
            </place>
            <place xml:id="kassel">
               <placeName ref="http://www.geonames.org/2892518/kassel.html">Kassel</placeName>
               <location>
                  <geo>51.31667 9.5</geo>
               </location>
            </place>
            <place xml:id="kelsterbach">
               <placeName ref="http://www.geonames.org/2891742/kelsterbach.html">Kelsterbach</placeName>
               <location>
                  <geo>50.06135 8.52916</geo>
               </location>
            </place>
            <place xml:id="kirtorf">
               <placeName ref="http://www.geonames.org/2890222/kirtorf.html">Kirtorf</placeName>
               <location>
                  <geo>50.76942 9.10389</geo>
               </location>
            </place>
            <place xml:id="kleinheubach">
               <placeName ref="http://www.geonames.org/2888751/kleinheubach.html">Kleinheubach</placeName>
               <location>
                  <geo>49.72109 9.21346</geo>
               </location>
            </place>
            <place xml:id="klein_vahlberg">
               <placeName ref="http://www.geonames.org/2888092/klein-vahlberg.html">Klein Vahlberg</placeName>
               <location>
                  <geo>52.12337 10.71836</geo>
               </location>
            </place>
            <place xml:id="kleinwallstadt">
               <placeName ref="http://www.geonames.org/2888053/kleinwallstadt.html">Kleinwallstadt</placeName>
               <location>
                  <geo>49.87464 9.16927</geo>
               </location>
            </place>
            <place xml:id="klingenberg_main">
               <placeName ref="http://www.geonames.org/2887736/klingenberg-am-main.html">Klingenberg am Main</placeName>
               <location>
                  <geo>49.78507 9.18025</geo>
               </location>
            </place>
            <place xml:id="koblenz">
               <placeName ref="http://www.geonames.org/2886946/koblenz.html">Koblenz</placeName>
               <location>
                  <geo>50.35357 7.57883</geo>
               </location>
            </place>
            <place xml:id="koelleda">
               <placeName ref="http://www.geonames.org/2886363/koelleda.html">Kölleda</placeName>
               <location>
                  <geo>51.18745 11.24488</geo>
               </location>
            </place>
            <place xml:id="koeln">
               <placeName ref="http://www.geonames.org/2886242/koeln.html">Köln</placeName>
               <location>
                  <geo>50.93333 6.95</geo>
               </location>
            </place>
            <place xml:id="koenigslutter">
               <placeName ref="https://www.geonames.org/2885800/koenigslutter-am-elm.html">Königslutter</placeName>
               <location>
                  <geo>52.25116 10.81683</geo>
               </location>
            </place>
            <place xml:id="koenigshofen">
               <placeName ref="https://www.geonames.org/2885834/koenigshofen.html">Königshofen</placeName>
               <location>
                  <geo>49.54618 9.73482</geo>
               </location>
            </place>
            <place xml:id="konstantinopel">
               <placeName ref="http://www.geonames.org/745044/istanbul.html">Konstantinopel (İstanbul)</placeName>
               <location>
                  <geo>41.01384 28.94966</geo>
               </location>
            </place>
            <place xml:id="kopenhagen">
               <placeName ref="http://www.geonames.org/2618425/copenhagen.html">Kopenhagen (København)</placeName>
               <location>
                  <geo>55.67594 12.56553</geo>
               </location>
            </place>
            <place xml:id="kueblingen">
               <placeName ref="http://www.geonames.org/2883171/kueblingen.html">Küblingen</placeName>
               <location>
                  <geo>52.14603 10.78737</geo>
               </location>
            </place>
            <place xml:id="kulmbach">
               <placeName ref="https://www.geonames.org/2882588/kulmbach.html">Kulmbach</placeName>
               <location>
                  <geo>50.10068 11.45032</geo>
               </location>
            </place>
            <place xml:id="lahn_river">
               <placeName ref="http://www.geonames.org/2881909/lahn.html">Lahn, Fluss</placeName>
               <location>
                  <geo>50.30789 7.59827</geo>
               </location>
            </place>
            <place xml:id="lahnstein">
               <placeName ref="http://www.geonames.org/2881889/lahnstein.html">Lahnstein</placeName>
               <location>
                  <geo>50.3 7.61667</geo>
               </location>
            </place>
            <place xml:id="langeleben">
               <placeName ref="http://www.geonames.org/2881305/langeleben.html">Langeleben</placeName>
               <location>
                  <geo>52.20783 10.81436</geo>
               </location>
            </place>
            <place xml:id="langlingen">
               <placeName ref="http://www.geonames.org/2880613/langlingen.html">Langlingen</placeName>
               <location>
                  <geo>52.55593 10.28291</geo>
               </location>
            </place>
            <place xml:id="langelsheim">
               <placeName ref="http://www.geonames.org/2881291/langelsheim.htmll">Langelsheim</placeName>
               <location>
                  <geo>51.93789 10.33264</geo>
               </location>
            </place>
            <place xml:id="langwedel">
               <placeName ref="http://www.geonames.org/2880547/langwedel.html">Langwedel</placeName>
               <location>
                  <geo>52.97864 9.18542</geo>
               </location>
            </place>
            <place xml:id="laudenbach">
               <placeName ref="http://www.geonames.org/2880203/laudenbach.html">Laudenbach</placeName>
               <location>
                  <geo>49.74583 9.17611</geo>
               </location>
            </place>
            <place xml:id="leipzig">
               <placeName ref="http://www.geonames.org/2879139/leipzig.html">Leipzig</placeName>
               <location>
                  <geo>51.33962 12.37129</geo>
               </location>
            </place>
            <place xml:id="lichtenberg">
               <placeName ref="https://www.geonames.org/2878108/lichtenberg.html">Lichtenberg (Salzgitter)</placeName>
               <location>
                  <geo>52.12875 10.29058</geo>
               </location>
            </place>
            <place xml:id="lucklum">
               <placeName ref="http://www.geonames.org/2875477/lucklum.html">Lucklum</placeName>
               <location>
                  <geo>52.20517 10.68942</geo>
               </location>
            </place>
            <place xml:id="lueneburg">
               <placeName ref="http://www.geonames.org/2875115/lueneburg.html">Lüneburg</placeName>
               <location>
                  <geo>53.2509 10.41409</geo>
               </location>
            </place>
            <place xml:id="lutter_am_barenberge">
               <placeName ref="http://www.geonames.org/2874832/lutter-am-barenberge.html">Lutter am Barenberge</placeName>
               <location>
                  <geo>51.98943 10.2693</geo>
               </location>
            </place>
            <place xml:id="magdeburg">
               <placeName ref="http://www.geonames.org/2874545/magdeburg.html">Magdeburg</placeName>
               <location>
                  <geo>52.12773 11.62916</geo>
               </location>
            </place>
            <place xml:id="mailand">
               <placeName ref="http://www.geonames.org/3173434/citta-metropolitana-di-milano.html">Mailand</placeName>
               <location>
                  <geo>45.45186 9.14586</geo>
               </location>
            </place>
            <place xml:id="main_river">
               <placeName ref="http://www.geonames.org/2874265/main.html">Main, Fluss</placeName>
               <location>
                  <geo>49.99427 8.29447</geo>
               </location>
            </place>
            <place xml:id="mainz">
               <placeName ref="http://www.geonames.org/2874225/mainz.html">Mainz</placeName>
               <location>
                  <geo>49.98419 8.2791</geo>
               </location>
            </place>
            <place xml:id="mansfeld">
               <placeName ref="http://www.geonames.org/2873852/mansfeld.html">Mansfeld</placeName>
               <location>
                  <geo>51.59234 11.45223</geo>
               </location>
            </place>
            <place xml:id="marburg_lahn">
               <placeName ref="http://www.geonames.org/2873759/marburg-an-der-lahn.html">Marburg an der Lahn</placeName>
               <location>
                  <geo>50.80904 8.77069</geo>
               </location>
            </place>
            <place xml:id="meiningen">
               <placeName ref="http://www.geonames.org/2872225/meiningen.html">Meiningen</placeName>
               <location>
                  <geo>50.56787 10.41521</geo>
               </location>
            </place>
            <place xml:id="merseburg">
               <placeName ref="http://www.geonames.org/2871736/merseburg.html">Merseburg</placeName>
               <location>
                  <geo>51.35478 11.98923</geo>
               </location>
            </place>
            <place xml:id="milet">
               <placeName ref="https://www.geonames.org/10182607/milet-harabeleri.html">Milet</placeName>
               <location>
                  <geo>37.53066 27.27937</geo>
               </location>
            </place>
            <place xml:id="miltenberg">
               <placeName ref="http://www.geonames.org/6558388/miltenberg.html">Miltenberg</placeName>
               <location>
                  <geo>49.7036 9.2606</geo>
               </location>
            </place>
            <place xml:id="minden">
               <placeName ref="http://www.geonames.org/2871039/minden.html">Minden</placeName>
               <location>
                  <geo>52.28953 8.91455</geo>
               </location>
            </place>
            <place xml:id="modena">
               <placeName ref="http://www.geonames.org/6541461/modena.html">Modena</placeName>
               <location>
                  <geo>44.65587 10.9192</geo>
               </location>
            </place>
            <place xml:id="mondfeld">
               <placeName ref="https://www.geonames.org/2869805/mondfeld.html">Mondfeld</placeName>
               <location>
                  <geo>49.78229 9.41731</geo>
               </location>
            </place>
            <place xml:id="montpellier">
               <placeName ref="http://www.geonames.org/2992166/montpellier.html">Montpellier</placeName>
               <location>
                  <geo>43.61093 3.87635</geo>
               </location>
            </place>
            <place xml:id="mosel_river">
               <placeName ref="http://www.geonames.org/2869073/moselle-river.html">Mosel, Fluss</placeName>
               <location>
                  <geo>50.3638 7.6</geo>
               </location>
            </place>
            <place xml:id="moenchsdeggingen">
               <placeName ref="https://www.geonames.org/2869847/moenchsdeggingen.html">Mönchdeggingen</placeName>
               <location>
                  <geo>48.77605 10.58043</geo>
               </location>
            </place>
            <place xml:id="moenchsroth">
               <placeName ref="https://www.geonames.org/2869823/moenchsroth.html">Mönchsroth,</placeName>
               <location>
                  <geo>49.01851 10.35856</geo>
               </location>
            </place>
            <place xml:id="muenster">
               <placeName ref="http://www.geonames.org/2867543/muenster.html">Münster</placeName>
               <location>
                  <geo>51.96236 7.62571</geo>
               </location>
            </place>
            <place xml:id="namur">
               <placeName ref="http://www.geonames.org/2790471/namur.html">Namur</placeName>
               <location>
                  <geo>50.4669 4.86746</geo>
               </location>
            </place>
            <place xml:id="narva">
               <placeName ref="http://www.geonames.org/590031/narva.html">Narva</placeName>
               <location>
                  <geo>59.37722 28.19028</geo>
               </location>
            </place>
            <place xml:id="nassau_lahn">
               <placeName ref="http://www.geonames.org/2867037/nassau.html">Nassau (Lahn)</placeName>
               <location>
                  <geo>50.31453 7.80025</geo>
               </location>
            </place>
            <place xml:id="neapel">
               <placeName ref="http://www.geonames.org/3172391/napoli.html">Neapel</placeName>
               <location>
                  <geo>40.88333 14.41667</geo>
               </location>
            </place>
            <place xml:id="neuburg_donau">
               <placeName ref="http://www.geonames.org/2866070/neuburg-an-der-donau.html">Neuburg an der Donau</placeName>
               <location>
                  <geo>48.73218 11.18709</geo>
               </location>
            </place>
            <place xml:id="niedernberg">
               <placeName ref="http://www.geonames.org/2863088/niedernberg.html">Niedernberg</placeName>
               <location>
                  <geo>49.91222 9.13694</geo>
               </location>
            </place>
            <place xml:id="niederrimbach">
               <placeName ref="http://www.geonames.org/2862951/niederrimbach.html">Niederrimbach</placeName>
               <location>
                  <geo>49.47469 9.99661</geo>
               </location>
            </place>
            <place xml:id="northeim">
               <placeName ref="http://www.geonames.org/2861814/northeim.html">Northeim</placeName>
               <location>
                  <geo>51.70662 9.99997</geo>
               </location>
            </place>
            <place xml:id="noerdlingen">
               <placeName ref="https://www.geonames.org/2861914/noerdlingen.html">Nördlingen</placeName>
               <location>
                  <geo>48.85122 10.48868</geo>
               </location>
            </place>
            <place xml:id="nuernberg">
               <placeName ref="http://www.geonames.org/2861650/nuernberg.html">Nürnberg</placeName>
               <location>
                  <geo>49.45421 11.07752</geo>
               </location>
            </place>
            <place xml:id="obernburg_am_main">
               <placeName ref="http://www.geonames.org/2859675/obernburg-am-main.html">Obernburg am Main</placeName>
               <location>
                  <geo>49.83577 9.13101</geo>
               </location>
            </place>
            <place xml:id="obernau">
               <placeName ref="http://www.geonames.org/2859692/obernau.html">Obernau</placeName>
               <location>
                  <geo>49.93694 9.13177</geo>
               </location>
            </place>
            <place xml:id="oberwerth">
               <placeName ref="https://www.geonames.org/2858564/oberwerth.html">Oberwerth</placeName>
               <location>
                  <geo>50.33684 7.58974</geo>
               </location>
            </place>
            <place xml:id="oderwald">
               <placeName ref="https://www.geonames.org/2858052/oderwald.html">Oderwald</placeName>
               <location>
                  <geo>52.10925 10.51553</geo>
               </location>
            </place>
            <place xml:id="oettingen">
               <placeName ref="http://www.geonames.org/2857847/oettingen-in-bayern.html">Oettingen</placeName>
               <location>
                  <geo>48.95274 10.60465</geo>
               </location>
            </place>
            <place xml:id="ohof">
               <placeName ref="http://www.geonames.org/2857606/ohof.html">Ohof</placeName>
               <location>
                  <geo>52.45095 10.30865</geo>
               </location>
            </place>
            <place xml:id="ohrum">
               <placeName ref="http://www.geonames.org/2857547/ohrum.html">Ohrum</placeName>
               <location>
                  <geo>52.12084 10.56284</geo>
               </location>
            </place>
            <place xml:id="oker_river">
               <placeName ref="http://www.geonames.org/2857520/oker.html">Oker, Fluss</placeName>
               <location>
                  <geo>52.52144 10.35873</geo>
               </location>
            </place>
            <place xml:id="oldenburg">
               <placeName ref="http://www.geonames.org/2857458/oldenburg.html">Oldenburg</placeName>
               <location>
                  <geo>53.14118 8.21467</geo>
               </location>
            </place>
            <place xml:id="olmuetz">
               <placeName ref="http://www.geonames.org/3069011/olomouc.html">Olmütz (Olomouc)</placeName>
               <location>
                  <geo>49.59552 17.25175</geo>
               </location>
            </place>
            <place xml:id="orleans">
               <placeName ref="http://www.geonames.org/2989317/orleans.html">Orléans</placeName>
               <location>
                  <geo>47.90289 1.90389</geo>
               </location>
            </place>
            <place xml:id="osnabrueck">
               <placeName ref="http://www.geonames.org/2856883/osnabrueck.html">Osnabrück</placeName>
               <location>
                  <geo>52.27264 8.0498</geo>
               </location>
            </place>
            <place xml:id="paderborn">
               <placeName ref="http://www.geonames.org/2855745/paderborn.html">Paderborn</placeName>
               <location>
                  <geo>51.71905 8.75439</geo>
               </location>
            </place>
            <place xml:id="paris">
               <placeName ref="http://www.geonames.org/2988507/paris.html">Paris</placeName>
               <location>
                  <geo>48.85341 2.3488</geo>
               </location>
            </place>
            <place xml:id="peine">
               <placeName ref="http://www.geonames.org/2855047/peine.html">Peine</placeName>
               <location>
                  <geo>52.31928 10.2352</geo>
               </location>
            </place>
            <place xml:id="ploen">
               <placeName ref="http://www.geonames.org/2853162/ploen.html">Plön</placeName>
               <location>
                  <geo>54.16241 10.42333</geo>
               </location>
            </place>
            <place xml:id="posen">
               <placeName ref="https://www.geonames.org/3088171/poznan.html">Poznan</placeName>
               <location>
                  <geo>52.40692 16.92993</geo>
               </location>
            </place>
            <place xml:id="pyrmont">
               <placeName ref="http://www.geonames.org/2953379/bad-pyrmont.html">Pyrmont (Bad Pyrmont)</placeName>
               <location>
                  <geo>51.98589 9.25246</geo>
               </location>
            </place>
            <place xml:id="quedlinburg">
               <placeName ref="http://www.geonames.org/2851465/quedlinburg.html">Quedlinburg</placeName>
               <location>
                  <geo>51.78843 11.15006</geo>
               </location>
            </place>
            <place xml:id="rastatt">
               <placeName ref="http://www.geonames.org/2850257/rastatt.html">Rastatt</placeName>
               <location>
                  <geo>48.85851 8.20965</geo>
               </location>
            </place>
            <place xml:id="reistenhausen">
               <placeName ref="http://www.geonames.org/2848514/reistenhausen.html">Reistenhausen</placeName>
               <location>
                  <geo>49.77294 9.31752</geo>
               </location>
            </place>
            <place xml:id="regensburg">
               <placeName ref="http://www.geonames.org/2849483/regensburg.html">Regensburg</placeName>
               <location>
                  <geo>49.01513 12.10161</geo>
               </location>
            </place>
            <place xml:id="rendsburg">
               <placeName ref="http://www.geonames.org/2848245/rendsburg.html">Rendsburg</placeName>
               <location>
                  <geo>54.30663 9.66313</geo>
               </location>
            </place>
            <place xml:id="rhein_river">
               <placeName ref="http://www.geonames.org/2748179/rhine-river.html">Rhein, Fluss</placeName>
               <location>
                  <geo>51.97198 5.91545</geo>
               </location>
            </place>
            <place xml:id="rheinfels_festung">
               <placeName ref="http://www.geonames.org/2847637/ruine-rheinfels.html">Rheinfels, Festung</placeName>
               <location>
                  <geo>50.15422 7.70458</geo>
               </location>
            </place>
            <place xml:id="riddagshausen">
               <placeName ref="http://www.geonames.org/2847423/riddagshausen.html">Riddagshausen</placeName>
               <location>
                  <geo>52.26924 10.57216</geo>
               </location>
            </place>
            <place xml:id="roellfeld">
               <placeName ref="http://www.geonames.org/2845412/roellfeld.html">Röllfeld</placeName>
               <location>
                  <geo>49.76727 9.18918</geo>
               </location>
            </place>
            <place xml:id="rudolstadt">
               <placeName ref="http://www.geonames.org/2843355/rudolstadt.html">Rudolstadt</placeName>
               <location>
                  <geo>50.72043 11.34046</geo>
               </location>
            </place>
            <place xml:id="ruedesheim_rhein">
               <placeName ref="http://www.geonames.org/2843395/ruedesheim-am-rhein.html">Rüdesheim</placeName>
               <location>
                  <geo>49.9789 7.92442</geo>
               </location>
            </place>
            <place xml:id="ruesselsheim">
               <placeName ref="http://www.geonames.org/2842884/ruesselsheim.html">Rüsselsheim</placeName>
               <location>
                  <geo>49.98955 8.42251</geo>
               </location>
            </place>
            <place xml:id="saint-cloud">
               <placeName ref="http://www.geonames.org/2981041/saint-cloud.html">Saint-Cloud</placeName>
               <location>
                  <geo>48.84598 2.20289</geo>
               </location>
            </place>
            <place xml:id="saint-germain-en-laye_schloss">
               <placeName ref="http://www.geonames.org/6615526/chateau-de-saint-germain-en-laye.html">Saint-Germain-en-Laye, Schloss</placeName>
               <location>
                  <geo>48.8979 2.09592</geo>
               </location>
            </place>
            <place xml:id="salder">
               <placeName ref="http://www.geonames.org/2842310/salder.html">Salder</placeName>
               <location>
                  <geo>52.1364 10.33732</geo>
               </location>
            </place>
            <place xml:id="salzdahlum">
               <placeName ref="http://www.geonames.org/2842163/salzdahlum.html">Salzdahlum</placeName>
               <location>
                  <geo>52.19603 10.58541</geo>
               </location>
            </place>
            <place xml:id="sangerhausen">
               <placeName ref="http://www.geonames.org/2841693/sangerhausen.html">Sangerhausen</placeName>
               <location>
                  <geo>51.47221 11.29533</geo>
               </location>
            </place>
            <place xml:id="schaumburg">
               <placeName ref="http://www.geonames.org/2840134/schaumburg.html">Schaumburg</placeName>
               <location>
                  <geo>52.20072 9.19496</geo>
               </location>
            </place>
            <place xml:id="scheuern">
               <placeName ref="http://www.geonames.org/2950300/bergnassau-scheuern.html">Scheuern (Nassau)</placeName>
               <location>
                  <geo>50.30776 7.78909</geo>
               </location>
            </place>
            <place xml:id="schierstein">
               <placeName ref="http://www.geonames.org/2839380/schierstein.html">Schierstein</placeName>
               <location>
                  <geo>50.04457 8.19788</geo>
               </location>
            </place>
            <place xml:id="schlangenbad">
               <placeName ref="http://www.geonames.org/2838918/schlangenbad.html">Schlangenbad</placeName>
               <location>
                  <geo>50.09322 8.10312</geo>
               </location>
            </place>
            <place xml:id="schoeningen">
               <placeName ref="http://www.geonames.org/2836543/schoeningen.html">Schöningen</placeName>
               <location>
                  <geo>52.13802 10.96745</geo>
               </location>
            </place>
            <place xml:id="schoeppenstedt">
               <placeName ref="http://www.geonames.org/2836396/schoeppenstedt.html">Schöppenstedt</placeName>
               <location>
                  <geo>52.14308 10.7745</geo>
               </location>
            </place>
            <place xml:id="schrattenhofen">
               <placeName ref="http://www.geonames.org/2836174/schrattenhofen.html">Schrattenhofen</placeName>
               <location>
                  <geo>48.81811 10.64592</geo>
               </location>
            </place>
            <place xml:id="schwabach">
               <placeName ref="http://www.geonames.org/2835537/schwabach.html">Schwabach</placeName>
               <location>
                  <geo>49.33047 11.02346</geo>
               </location>
            </place>
            <place xml:id="schwalbach">
               <placeName ref="http://www.geonames.org/2953348/bad-schwalbach.html">(Bad) Schwalbach</placeName>
               <location>
                  <geo>50.14196 8.06964</geo>
               </location>
            </place>
            <place xml:id="schwalbach_taunus">
               <placeName ref="http://www.geonames.org/2835381/schwalbach-am-taunus.html">Schwalbach am Taunus</placeName>
               <location>
                  <geo>50.15 8.53333</geo>
               </location>
            </place>
            <place xml:id="schwerin">
               <placeName ref="https://www.geonames.org/2834282/schwerin.html">Schwerin</placeName>
               <location>
                  <geo>53.62937 11.41316</geo>
               </location>
            </place>
            <place xml:id="seesen">
               <placeName ref="http://www.geonames.org/2833592/seesen.html">Seesen</placeName>
               <location>
                  <geo>51.89095 10.17847</geo>
               </location>
            </place>
            <place xml:id="sindlingen">
               <placeName ref="http://www.geonames.org/7118086/sindlingen.html">Sindlingen</placeName>
               <location>
                  <geo>50.08468 8.51629</geo>
               </location>
            </place>
            <place xml:id="sluis">
               <placeName ref="http://www.geonames.org/2747117/sluis.html">Sluis</placeName>
               <location>
                  <geo>51.30833 3.38611</geo>
               </location>
            </place>
            <place xml:id="soehlde">
               <placeName ref="http://www.geonames.org/2831671/soehlde.html">Söhlde</placeName>
               <location>
                  <geo>52.18898 10.23239</geo>
               </location>
            </place>
            <place xml:id="stadtprozelten">
               <placeName ref="https://www.geonames.org/2829751/stadtprozelten.html">Stadtprozelten</placeName>
               <location>
                  <geo>49.78466 9.41184</geo>
               </location>
            </place>
            <place xml:id="staffelstein">
               <placeName ref="http://www.geonames.org/2829701/bad-staffelstein.html">Staffelstein (Bad Staffelstein)</placeName>
               <location>
                  <geo>50.10199 11.00128</geo>
               </location>
            </place>
            <place xml:id="steterburg">
               <placeName ref="http://www.geonames.org/2827271/steterburg.html">Steterburg</placeName>
               <location>
                  <geo>52.19027 10.47253</geo>
               </location>
            </place>
            <place xml:id="stettin">
               <placeName ref="http://www.geonames.org/3083829/szczecin.html">Stettin (Szczecin)</placeName>
               <location>
                  <geo>53.42894 14.55302</geo>
               </location>
            </place>
            <place xml:id="stiege">
               <placeName ref="http://www.geonames.org/2827108/stiege.html">Stiege (Harz)</placeName>
               <location>
                  <geo>51.66517 10.88322</geo>
               </location>
            </place>
            <place xml:id="strassburg">
               <placeName ref="http://www.geonames.org/2973783/strasbourg.html">Straßburg (Strasbourg)</placeName>
               <location>
                  <geo>48.58392 7.74553</geo>
               </location>
            </place>
            <place xml:id="strelitz_alt">
               <placeName ref="https://www.geonames.org/2825922/strelitz-alt.html">Strelitz-Alt</placeName>
               <location>
                  <geo>53.33235 13.09548</geo>
               </location>
            </place>
            <place xml:id="strelitz_neu">
               <placeName ref="https://www.geonames.org/2864005/neustrelitz.html">Neustrelitz</placeName>
               <location>
                  <geo>53.3613 13.07292</geo>
               </location>
            </place>
            <place xml:id="stuttgart">
               <placeName ref="http://www.geonames.org/2825297/stuttgart.html">Stuttgart</placeName>
               <location>
                  <geo>48.78232 9.17702</geo>
               </location>
            </place>
            <place xml:id="sulzbach_am_main">
               <placeName ref="http://www.geonames.org/2824806/sulzbach-am-main.html">Sulzbach am Main</placeName>
               <location>
                  <geo>49.91149 9.15315</geo>
               </location>
            </place>
            <place xml:id="suedkampen">
               <placeName ref="http://www.geonames.org/2825006/suedkampen.html">Südkampen (Walsrode)</placeName>
               <location>
                  <geo>52.84672 9.42342</geo>
               </location>
            </place>
            <place xml:id="suepplingenburg">
               <placeName ref="http://www.geonames.org/2824602/suepplingenburg.html">Süpplingenburg</placeName>
               <location>
                  <geo>52.25072 10.91011</geo>
               </location>
            </place>
            <place xml:id="tannhausen">
               <placeName ref="http://www.geonames.org/2824055/tannhausen.html">Tannhausen</placeName>
               <location>
                  <geo>48.9787 10.36129</geo>
               </location>
            </place>
            <place xml:id="thurneck">
               <placeName ref="http://www.geonames.org/2822518/thurneck.html">Thurneck</placeName>
               <location>
                  <geo>48.74651 10.63305</geo>
               </location>
            </place>
            <place xml:id="toulouse">
               <placeName ref="http://www.geonames.org/2972315/toulouse.html">Toulouse</placeName>
               <location>
                  <geo>43.60426 1.44367</geo>
               </location>
            </place>
            <place xml:id="trennfurt">
               <placeName ref="http://www.geonames.org/2821324/trennfurt.html">Trennfurt</placeName>
               <location>
                  <geo>49.77759 9.1738</geo>
               </location>
            </place>
            <place xml:id="trient">
               <placeName ref="http://www.geonames.org/3165243/trento.html">Trient (Trento)</placeName>
               <location>
                  <geo>46.06787 11.12108</geo>
               </location>
            </place>
            <place xml:id="trochtelfingen">
               <placeName ref="http://www.geonames.org/2821064/trochtelfingen.html">Trochtelfingen</placeName>
               <location>
                  <geo>48.84375 10.3975</geo>
               </location>
            </place>
            <place xml:id="turin">
               <placeName ref="http://www.geonames.org/3165524/turin.html">Turin (Torino)</placeName>
               <location>
                  <geo>45.07049 7.68682</geo>
               </location>
            </place>
            <place xml:id="venedig">
               <placeName ref="http://www.geonames.org/3164603/venezia.html">Venedig (Venezia)</placeName>
               <location>
                  <geo>45.43713 12.33265</geo>
               </location>
            </place>
            <place xml:id="verden">
               <placeName ref="http://www.geonames.org/2817599/verden.html">Verden</placeName>
               <location>
                  <geo>52.92343 9.23491</geo>
               </location>
            </place>
            <place xml:id="volkersheim">
               <placeName ref="http://www.geonames.org/2816655/volkersheim.html">Volkersheim</placeName>
               <location>
                  <geo>52.01806 10.14965</geo>
               </location>
            </place>
            <place xml:id="wallonien">
               <placeName ref="http://www.geonames.org/3337387/wallonia.html">Wallonien</placeName>
               <location>
                  <geo>50.5 4.75</geo>
               </location>
            </place>
            <place xml:id="warschau">
               <placeName ref="http://www.geonames.org/756135/warsaw.html">Warschau (Warszawa)</placeName>
               <location>
                  <geo>52.22977 21.01178</geo>
               </location>
            </place>
            <place xml:id="wassermungenau">
               <placeName ref="http://www.geonames.org/2813719/wassermungenau.html">Wassermungenau</placeName>
               <location>
                  <geo>49.21762 10.88489</geo>
               </location>
            </place>
            <place xml:id="weferlingen">
               <placeName ref="https://www.geonames.org/2813405/weferlingen.html">Weferlingen</placeName>
               <location>
                  <geo>52.31205 11.05791</geo>
               </location>
            </place>
            <place xml:id="wendefurth">
               <placeName ref="http://www.geonames.org/2811314/wendefurth.html">Wendefurth</placeName>
               <location>
                  <geo>51.73864 10.92101</geo>
               </location>
            </place>
            <place xml:id="wenzen">
               <placeName ref="http://www.geonames.org/2811016/wenzen.html">Wenzen</placeName>
               <location>
                  <geo>51.87072 9.81293</geo>
               </location>
            </place>
            <place xml:id="wertheim">
               <placeName ref="https://www.geonames.org/2810716/wertheim.html">Wertheim</placeName>
               <location>
                  <geo>49.759 9.50852</geo>
               </location>
            </place>
            <place xml:id="westerburg_burg">
               <placeName ref="http://www.geonames.org/2810412/westerburg.html">Westerburg, Burg</placeName>
               <location>
                  <geo>52.01634 10.8669</geo>
               </location>
            </place>
            <place xml:id="wetzlar">
               <placeName ref="https://www.geonames.org/2809889/wetzlar.html">Wetzlar</placeName>
               <location>
                  <geo>50.56109 8.50495</geo>
               </location>
            </place>
            <place xml:id="wien">
               <placeName ref="http://www.geonames.org/2761369/vienna.html">Wien</placeName>
               <location>
                  <geo>48.20849 16.37208</geo>
               </location>
            </place>
            <place xml:id="wiesbaden">
               <placeName ref="http://www.geonames.org/2809346/wiesbaden.html">Wiesbaden</placeName>
               <location>
                  <geo>50.08258 8.24932</geo>
               </location>
            </place>
            <place xml:id="winsen_aller">
               <placeName ref="http://www.geonames.org/2807846/winsen.html">Winsen (Aller)</placeName>
               <location>
                  <geo>52.68301 9.91362</geo>
               </location>
            </place>
            <place xml:id="woerth_am_main">
               <placeName ref="http://www.geonames.org/2806082/woerth-am-main.html">Wörth am Main</placeName>
               <location>
                  <geo>49.7972 9.15389</geo>
               </location>
            </place>
            <place xml:id="wolfenbuettel">
               <placeName ref="http://www.geonames.org/2806914/wolfenbuettel.html">Wolfenbüttel</placeName>
               <location>
                  <geo>52.16442 10.54095</geo>
               </location>
            </place>
            <place xml:id="wuerzburg">
               <placeName ref="http://www.geonames.org/2805615/wuerzburg.html">Würzburg</placeName>
               <location>
                  <geo>49.79391 9.95121</geo>
               </location>
            </place>
            <place xml:id="zuerich">
               <placeName ref="http://www.geonames.org/2657896/zuerich.html">Zürich</placeName>
               <location>
                  <geo>47.36667 8.55</geo>
               </location>
            </place>
         </listPlace>
      </body>
   </text>
</TEI>
