<?xml version="1.0" encoding="UTF-8"?><TEI xmlns="http://www.tei-c.org/ns/1.0" xmlns:xi="http://www.w3.org/2001/XInclude" next="1596.xml" n="1595" prev="1594.xml" type="edition">
    <teiHeader>
        <fileDesc><titleStmt><title>
          Herzog August der Jüngere von Braunschweig-Wolfenbüttel (1579-1666): Ephemerides. Sive Diarium (1594-1635)
           – 1595</title><principal ref="https://doi.org/10.1515/editio-2016-0009">Inga Hanna Ralle</principal><funder ref="http://d-nb.info/gnd/5055588-1">Niedersächsisches Ministerium für Wissenschaft und Kultur</funder><respStmt><name>Jacqueline Krone</name><resp>Metadaten, Recherche und Korrektur</resp></respStmt><respStmt><name ref="http://orcid.org/0000-0001-9292-5673">David Maus</name><resp>Technische Konzeption und Begleitung</resp></respStmt></titleStmt><publicationStmt><publisher><name ref="http://d-nb.info/gnd/8989-8">Herzog August Bibliothek Wolfenbüttel</name></publisher><pubPlace>Wolfenbüttel</pubPlace><date when="2017">2017</date><availability><licence target="https://creativecommons.org/licenses/by-sa/4.0/">CC-BY-SA 4.0</licence></availability></publicationStmt><sourceDesc><bibl>
          Herzog August der Jüngere von Braunschweig-Wolfenbüttel (1579-1666): Ephemerides. Sive Diarium (1594-1635). Herzog
          August Bibliothek, Signatur: Cod.  Guelf. 42.19 Aug. 2°
        </bibl></sourceDesc></fileDesc>
    </teiHeader>
    <text>
        <body>
            <div><head facs="http://selbstzeugnisse.hab.de/edition/images/00006.jpg" n="1v">Anno 1595.</head>
                <div xml:id="E1595-01-21"><head><date when="1595-01-21">Den 21 Jan<ex>uaris</ex> <c>♂</c></date></head> <p> Armbender.</p></div>
                <div xml:id="E1595-01-24"><head><date when="1595-01-24">Den 24 Jan<ex>uaris</ex>
                    <c>♀</c></date></head>
                    <p> H<ex>err</ex>
                        <rs ref="register.xml#Moritz_von_Sachsen-Lauenburg" type="person">Moritz</rs> gehn <rs ref="register.xml#Dannenberg" type="place">Dannenberg</rs> kommen.</p></div>
                <div xml:id="E1595-03-29"><head><date when="1595-03-29">Den 29 Mar<ex>tÿ</ex> <c>♄</c></date></head>
                    <p> <del>V.V</del>. <add place="above"><rs ref="register.xml#Volrat_von_Watzdorf" type="person">Volraht</rs> von</add> W. <add place="above">atzdorf</add> ankommen.</p></div>
                <div xml:id="E1595-03-31"><head><date when="1595-03-31">Den 31 Mar<ex>tÿ</ex>
                    <c>☽</c></date></head>
                    <p>  mein<rs type="person"> Hoffmeister</rs> word<ex>en</ex>.</p><note type="annotation">Gemeint ist Volrat von Watzdorf</note></div>
                <div xml:id="E1595-07-14"><head><date when="1595-07-14">Den 14 Jul<ex>ÿ</ex>
                    <c>☽</c></date></head>
                    <p>  H<ex>err</ex>
                        <rs ref="register.xml#Moritz_von_Sachsen-Lauenburg" type="person">Moritz</rs> nach <rs ref="register.xml#Dannenberg" type="place">Dannenberg</rs> kommen.</p></div>
                <div xml:id="E1595-07-17"><head><date when="1595-07-17">Den 17 Jul<ex>ÿ</ex>
                    <c>♃</c></date></head>
                    <p>  wied<ex>er</ex>wegkgezogen.</p></div>
                <div xml:id="E1595-07-31"><note>#2</note><head><date when="1595-07-31">Den 31 <c>♃</c> Jul<ex>ÿ</ex></date></head> <p> <rs ref="register.xml#T_B_Walmoden" type="person">Thedel Borchart vo<ex>n</ex> Wallmöd<ex>en</ex>.</rs></p></div>
                <div xml:id="E1595-07-29"><note>#1</note><head><date when="1595-07-29">Den 29 Jul<ex>ÿ</ex>
                <c>♂</c></date></head>
                <p>  H<ex>err</ex>
                    <rs ref="register.xml#Moritz_von_Sachsen-Lauenburg" type="person">Moritz</rs> nach <rs ref="register.xml#Dannenberg" type="place">Dannenberg</rs> Kommen.</p></div>
                <div xml:id="E1595-08-04"><head><date when="1595-08-04">Den 4 Aug<ex>usti</ex>
                    <c>☽</c></date></head>
                    <p>  wied<ex>er</ex>wegkgezog<ex>en</ex>.</p></div>
                <div xml:id="E1595-09-22"><head><date when="1595-09-22">Den 22 Sept<ex>embris</ex>
                    <c>☽</c></date></head>
                    <p>mein <w>gerähte</w><note type="annotation">Gerät meint hier Hausrat, Ausrüstung und Vorrat</note> wegkgeschickett.</p></div>
                <div xml:id="E1595-10-08"><note place="margin-left">*</note> <head><date when="1595-10-08">Den 8. Octob<ex>ris</ex>
                    <c>☿</c></date></head>
                    <p>  vo<ex>n</ex>
                <rs ref="register.xml#Dannenberg" type="place">Dannenberg</rs> biß <rs ref="register.xml#Clenz" type="place">Clentz</rs>, stadt, Berge stadt mittagßmahl, Horst edelmanßsitz,<rs ref="register.xml#Diesdorf" type="place"> Distorf</rs>
                        Kloster, 6 meill.</p></div>
                <div xml:id="E1595-10-09"><head><date when="1595-10-09">Den 9 Octob<ex>ris</ex>
                    <c>♃</c></date></head>
                    <p>  biß <rs ref="register.xml#Juebar" type="place">Jevern,</rs> <rs ref="register.xml#Brome" type="place">Brome</rs>, <foreign xml:lang="lat">N<ex>ota</ex> B<ex>ene</ex></foreign><note type="translation" resp="as">wohlgemerkt, übrigens</note>. d<ex>en</ex>
                        Zoll daselbst, <rs ref="register.xml#Ahnebeck" type="place">Anebeck</rs>,<rs ref="register.xml#Wolfsburg" type="place"> Wolffsburgk</rs>, mittagßmahl, <rs ref="register.xml#Kampe" type="place">Kampe</rs>, H<ex>err</ex>
                        Ernsten hauß, <rs ref="register.xml#Lehre" type="place">Lehre</rs>, 7. meill.</p></div>
                <div xml:id="E1595-10-10"><head><date when="1595-10-10">Den 10. Octob<ex>ris</ex>
                    <c>♀</c></date></head>
                    <p>  biß <rs ref="register.xml#Braunschweig" type="place">Braunschweich</rs>, 2 meill,
                        alda die <seg>fawle Mätze</seg><note type="annotation">Faule Mette, auch „Faule Metze“ oder „Faule Mettje“ genannt, mittelalterliches Riesengeschütz der Braunschweiger Stadtverteidigung. <ref target="https://de.wikipedia.org/wiki/Faule_Mette">Wikipedia</ref></note> besehen, darauf diese buchstab<ex>en</ex>
                gegraben waren, na christi borlt, <seg>mcccc in dem eilfften Jahr</seg><note type="annotation">Das Jahr 1411</note>. Darnach die Wasserkunst. Hernacher S<ex>anct</ex> Andreae
                Kirchen, alda vo<ex>m</ex> Thurn die stadt übersehen; auf d<ex>en</ex> morg<ex>en</ex>, den <rs ref="register.xml#Christian_IV._v_Daenemark" type="person">König auß
                    Dennemarck.</rs></p></div>
                <div xml:id="E1595-10-11"><head><date when="1595-10-11">Den 11 Octob<ex>ris</ex> <c>♄</c></date></head>
                    <p>  den Thumb beseh<ex>en</ex> da
                        diese rythmi im fenster stehen, <foreign xml:lang="lat">de parente meo</foreign><note type="translation" resp="as">Von meinem Vater</note>: <foreign xml:lang="lat">Heroum sobolis, heros clarissime, magnus, \\ De te Henrice sibi patria spondet
                            humus</foreign><note type="translation" resp="as">Epischer Nachkomme, berühmter bedeutender Held. Von dir, Heinrich, verspricht sich die Heimat Land.</note>.*
                
                <pb facs="http://selbstzeugnisse.hab.de/edition/images/00007.jpg" n="2r"/>
                
                *darnach die schule zu S<ex>anct</ex> Martini, benebest d<ex>er</ex> Kirchen, in
                welcher <rs ref="register.xml#M_Chemnitz" type="person">D. Martini Chemnitÿ</rs> bildnůß zusehen; biß <rs ref="register.xml#Salder" type="place">Saldern</rs>
                dorf, <rs ref="register.xml#Gebhardshagen" type="place">Gewerßhagen</rs>, <rs ref="register.xml#Ringelheim" type="place">Ringelen</rs>
                    ein Kloster, da die Jnderste vorüber fleůst, <rs ref="register.xml#Wallmoden" type="place">Wallmöden</rs> 4 meill. Edelmanß sitz.</p></div>
                <div xml:id="E1595-10-12"><head><date when="1595-10-12">Den 12 Octob<ex>ris</ex> <c>☉</c></date></head>
                    <p>  biß <rs ref="register.xml#Bad_Lauterberg" type="place">Lauter</rs> schloß vnd stadt, <rs ref="register.xml#Seesen" type="place">Sesen</rs>
                    mittagßmahl, <rs ref="register.xml#Wollershausen" type="place">Wollberhaůsen</rs> Kloster,<rs ref="register.xml#Northeim" type="place"> Nordtheim</rs> stadt, 5 meill.</p></div>
                <div xml:id="E1595-10-13"><head><date when="1595-10-13">Den 13 Octob<ex>ris</ex>
                    <c>☽</c></date></head>
                    <p>  biß <rs ref="register.xml#Noerten-Hardenberg" type="place">Nörtem stadt</rs>, <rs ref="register.xml#Hardenberg" type="place">Harenbergk</rs>,
                <rs ref="register.xml#Goettingen" type="place">Göttingen</rs>, mittagsmahl, <rs ref="register.xml#Friedland" type="place">Friedeleben</rs> schloß, <rs ref="register.xml#Wallhausen" type="place">Wallhausen</rs> dorf, 5 meill.</p></div>
                <div xml:id="E1595-10-14"><head><date when="1595-10-14">Den 14 Octobr<ex>is</ex>
                    <c>♂</c></date></head>
                    <p>  biß <rs ref="register.xml#Bad_Sooden-Allendorf" type="place">Altendorf</rs> stadt, da saltz
                gemachet wirdt, Hohe Eÿche dorf, Gerstung<ex>en</ex> Ampthauß
                        vnd stadt, <rs ref="register.xml#Berka" type="place">Berka</rs> ein fleck<ex>en</ex> 5 meill.</p></div>
                <div xml:id="E1595-10-15"><head><date when="1595-10-15">Den 15 Octob<ex>ris</ex>
                    <c>☿</c></date></head>
                    <p>  vo<ex>n</ex>
                        dannen biß <rs ref="register.xml#Marksuhl" type="place">Marcksull</rs>,<rs ref="register.xml#Bad_Salzungen" type="place"> Saltzing&lt;<ex>en&gt;</ex> stadt</rs>, da eine
                        Saltzgrube ist, Burckbreitung, 3 meill.</p></div>
                <div xml:id="E1595-10-17"><head><date when="1595-10-15">Den 17 Octob<ex>ris</ex>
                    <c>♀</c></date></head>
                    <p>  biß <rs ref="register.xml#Geisa" type="place">Geysa</rs> stadt , 3 meill. vnd
                        ½.</p></div>
                <div xml:id="E1595-10-18"><head><date when="1595-10-18">Den 18 Octob<ex>ris</ex> <c>♄</c></date></head>
                    <p>  biß <rs ref="register.xml#Fulda" type="place">Fulda</rs> stadt 3½ alda im Thumb geseh<ex>en</ex> den grossen stern, vnd die Perlentafell da 43 bilderröcke
                        mitt lauter Perlen gantz vnd gar bestickett gewesen; Jmgleich<ex>en</ex> d<ex>er</ex> Jesuiter Kirchen zu S<ex>anct</ex> Peter.</p></div>
                <div xml:id="E1595-10-19"><head><date when="1595-10-19">Den 19 Octob<ex>ris</ex> <c>☉</c></date></head>
                    <p>  biß zu<ex>m</ex> <rs type="place">Newenhofe</rs>
                        schloß, <rs ref="register.xml#Schluechtern" type="place">Schlichtern stadt</rs> 3 meill</p></div>
                <div xml:id="E1595-10-20"><head><date when="1595-10-20">Den 20 Octob<ex>ris</ex>
                    <c>☽</c></date></head>
                    <p>  biß <rs ref="register.xml#Steinau_an_der_Strasse" type="place">Stein an d<ex>er</ex> strassen</rs> stadt, Haůser Kloster, zum <rs ref="register.xml#Bad_Soden-Salmuenster" type="place">Münster</rs> stadt, <rs type="place">Wirtim</rs>
                        stadt, <rs ref="register.xml#Gelnhausen" type="place">Geelhausen</rs> Reichstadt mittagßmahl, alda eine altartafell vo<ex>n</ex> 1000 güld<ex>en</ex>; d<ex>er</ex>
                        <rs type="person">bischoff vo<ex>n</ex> M.</rs> hatt 700 fl<note place="foot" xml:id="ftn1" n="1"/> davone geb<ex>en</ex> wöllen; <rs type="place">Möritze</rs> schloß, <rs ref="register.xml#Hasselroth" type="place">NewHaselen</rs>
                        dorf 5 meill</p></div>
                <div xml:id="E1595-10-21"><head><date when="1595-10-21">Den 21 <add place="above">Octob<ex>ris</ex></add> biß <c>♂</c></date></head>
                    <p>  <seg>Steine<ex>n</ex> schloß</seg><note type="annotation" resp="ao">Schloß Steinheim</note> vnd stadt, <rs ref="register.xml#Hanau" type="place">Hanaw</rs> festungk, <rs ref="register.xml#Frankfurt_am_Main" type="place">Franckfurth am Mayen</rs> 4 meill.
                        zu<ex>m</ex> Ochsen.</p></div>
                <div xml:id="E1595-10-22"><head><date when="1595-10-22">Den 22 Octob<ex>ris</ex>
                    <c>☿</c></date></head>
                    <p>  auf d<ex>en</ex>
                Thumb gestiege<ex>n</ex> vnd die stadt beseh<ex>en</ex>,
                        hernach vortgezog<ex>en</ex> biß <rs ref="register.xml#Arheilgen" type="place">Allheilige<ex>n</ex>
                            dorf</rs> 2 ½ meill. <seg>Den Hirschsprung vo<ex>n</ex> 75 schuhen gesehen</seg><note type="annotation">Der Legende nach hat ein Hirsch an dieser Stelle während einer Jagd einen unerwartet weiten Sprung unternommen, um sich zu retten, vgl. <ref target="http://www.freunde-sprendlingens.de/hirschsprung-legende.html">die Hirschsprunglegende</ref></note>.</p></div>
                <div xml:id="E1595-10-23"><head><date when="1595-10-23">Den 23 Octob<ex>ris</ex>
                    <c>♃</c></date></head>
                    <p>  biß <rs ref="register.xml#Darmstadt" type="place">Darmstadt</rs> schloß vnd
                stadt, <rs ref="register.xml#Frankenstein" type="place">Franckenstein,</rs> <rs ref="register.xml#Bickenbach" type="place">Bietenbach</rs>, <rs ref="register.xml#Auerbach" type="place">Awerbach</rs>, 3 schlösser, <rs ref="register.xml#Zwingenberg" type="place">Zwingenburgk stadt</rs>, <rs ref="register.xml#Bensheim" type="place">Bentzem</rs>
                stadt mittagßmahl, alda 2 Kugeln im Thor <del rend="overstrike">steck<ex>en</ex></del>
                        vermawret: wintzigk schloß, <rs ref="register.xml#Weinheim" type="place">Weinheimstadt</rs> 5 ½.</p></div>
                <div xml:id="E1595-10-24"><head><date when="1595-10-24">Den 24 Octob<ex>ris</ex>
                    <c>♀</c></date></head>
                    <p>  biß <rs ref="register.xml#Ladenburg" type="place">Ladenburgk</rs> stadt,
                <rs ref="register.xml#Heidelberg" type="place">Heidelbergk</rs> zum Hirsch<ex>en</ex> mittagßmahl, <rs type="person">Salvatore di Gretia</rs>,
                        <rs ref="register.xml#Ludwig_von_Sayn-Wittgenstein" type="person">Graf vo<ex>n</ex> Wittgenstein</rs>; <rs ref="register.xml#Speyer" type="place">Speÿer</rs> zum Einhorn, 15 meill.</p></div>
                <div xml:id="E1595-10-25"><head><date when="1595-10-25">Den 25 Octob<ex>ris</ex> <c>♄</c></date></head>
                    <p>  Jm Thume den <rs ref="register.xml#Zeutern_OElberg" type="place">Ölbergk</rs> beseh<ex>en</ex>, vnd am and<ex>er</ex>n Orth d<ex>az</ex>
                        <w>Judenbadt</w><note type="annotation">Mikwe in Speyer</note>.</p></div>
                <div xml:id="E1595-10-26"><head><date when="1595-10-26">Den 26 Octob<ex>ris</ex> <c>☉</c></date></head>
                    <p>  zun brüed<ex>er</ex>n in die
                Kirche gang<ex>en</ex>. Epitaph: <rs ref="register.xml#Moritz_Graf_zu_Diez" type="person">Mauritÿ Landtgravÿ Hassior</rs> mortui
                        1575. M. Januar: Heiligk grab besehen.</p></div>
                <div xml:id="E1595-10-27"><head><date when="1595-10-27">Den 27 Octob<ex>ris</ex>
                    <c>☽</c></date></head>
                    <p>  biß <rs ref="register.xml#Oberhausen-Rheinhausen" type="place">Reinhausen</rs> dorf da ma<ex>n</ex> vber d<ex>en</ex> Rein fehret, <rs ref="register.xml#Bruchsal" type="place">Brůxell</rs> stadt
                        3 meill.</p></div>
                
                    <pb facs="http://selbstzeugnisse.hab.de/edition/images/00008.jpg" n="2v"/>
                
                <div xml:id="E1595-10-28"><head><date when="1595-10-28">Den 28 Octob<ex>ris</ex>
                    <c>♂</c></date></head>
                    <p>  biß <rs ref="register.xml#Heidelsheim" type="place">Heÿdelsen</rs> stadt, <rs ref="register.xml#Bretten" type="place">Bretta</rs>
                stadt, in welcher <rs ref="register.xml#Philipp_Melanchthon" type="person">D. Philippus Melantho<ex>n</ex></rs> geboren, alda wir
                mittagßmahl gehalte<ex>n</ex>. <rs ref="register.xml#Maulbronn" type="place">Mawllbrun</rs> Kloster, <rs ref="register.xml#Vaihingen_an_der_Enz" type="place">Vaihingen</rs>
                stadt, vnd
                schloß, 4 meill.</p></div>
                <div xml:id="E1595-10-29"><head><date when="1595-10-29">Den 29 Octob<ex>ris</ex>
                    <c>☿</c></date></head>
                    <p>  vo<ex>n</ex>
                        danne<ex>n</ex> biß <rs ref="register.xml#Markgroeningen" type="place">Gröninge<ex>n</ex></rs> stadt,
                <rs ref="register.xml#Asperg" type="place">HohenAsperg</rs> schloß, <rs ref="register.xml#Wuerttemberg" type="place">Wirtenbergk</rs> schloß; Camelthier mitt einem Mohren, <rs ref="register.xml#Stuttgart" type="place">Stuttgardt</rs>
                        stadt mit eine<ex>m</ex> schloß, 3 meill.</p></div>
                <div xml:id="E1595-10-30"><head><date when="1595-10-30">Den 30 Octobr<ex>is</ex>
                    <c>♃</c></date></head>
                    <p>  still geleg<ex>en.</ex></p></div>
                <div xml:id="E1595-10-31"><head><date when="1595-10-31">Den 31 Octob<ex>ris</ex>
                    <c>♀</c></date></head>
                    <p>  biß <rs ref="register.xml#Waldenbuch" type="place">Waltenbuch</rs>, 2 meÿll.</p></div>
                <div xml:id="E1595-11-01"><head><date when="1595-11-01">Den 1 Novemb<ex>ris</ex> <c>♄</c></date></head> <p> biß <rs ref="register.xml#Tuebingen" type="place">Tybingen</rs> Vniversitet, 2 meill.</p></div>
                <div xml:id="E1595-11-04"><head><date when="1595-11-04">Den 4 Novembr<ex>is</ex>
                    <c>♂</c></date></head>
                    <p>auß dem <seg>f<ex>ürst</ex>l<ex>ichen</ex> Collegio</seg><note type="annotation">Collegium illustre in Tübingen, herzogliche Hofschule und später Ritterakademie</note> in 
                        <rs ref="register.xml#Heinrich_Bocer" type="person">D. Henrici Boceri</rs> behausung mich begeben.</p></div>
                <div xml:id="E1595-11-12"><head><date when="1595-11-12">Den 12 Nov<ex>embris</ex>
                    <c>☿</c></date></head>
                    <p>  : Krank gelegen.</p></div>
                <div xml:id="E1595-11-25"><head><date when="1595-11-25">Den 25 Nov<ex>embris</ex>
                    <c>♂</c></date></head>
                    <p>  Springer gewesen.</p></div>
                <div xml:id="E1595-12-04"><head><date when="1595-12-04">Den 4 Decemb<ex>ris</ex>
                    <c>♃</c></date></head>
                    <p>  mein <w>gerähte</w><note type="annotation">Gerät meint hier Hausrat, Ausrüstung und Vorrat</note> ankomme<ex>n</ex>.</p></div>
                <div xml:id="E1595-12-28"><head><date when="1595-12-28">Den 28 Dece<ex>m</ex>b<ex>ris</ex> <c>☉</c> </date></head> <p>d<ex>az</ex> <seg>furstliche stipe<ex>n</ex>diu<ex>m</ex></seg><note type="annotation">Fürstliches Theologisches Stipendium (Tübingen)</note>
                    beseh<ex>en</ex>.</p></div>
            </div>
        </body>
    </text>
</TEI>