<?xml version="1.0" encoding="UTF-8"?><TEI xmlns="http://www.tei-c.org/ns/1.0" xmlns:xi="http://www.w3.org/2001/XInclude" n="1597" prev="1596.xml" next="1598.xml" type="edition">
    <teiHeader>
        <fileDesc><titleStmt><title>
          Herzog August der Jüngere von Braunschweig-Wolfenbüttel (1579-1666): Ephemerides. Sive Diarium (1594-1635)
           – 1597</title><principal ref="https://doi.org/10.1515/editio-2016-0009">Inga Hanna Ralle</principal><funder ref="http://d-nb.info/gnd/5055588-1">Niedersächsisches Ministerium für Wissenschaft und Kultur</funder><respStmt><name>Jacqueline Krone</name><resp>Metadaten, Recherche und Korrektur</resp></respStmt><respStmt><name ref="http://orcid.org/0000-0001-9292-5673">David Maus</name><resp>Technische Konzeption und Begleitung</resp></respStmt></titleStmt><publicationStmt><publisher><name ref="http://d-nb.info/gnd/8989-8">Herzog August Bibliothek Wolfenbüttel</name></publisher><pubPlace>Wolfenbüttel</pubPlace><date when="2017">2017</date><availability><licence target="https://creativecommons.org/licenses/by-sa/4.0/">CC-BY-SA 4.0</licence></availability></publicationStmt><sourceDesc><bibl>
          Herzog August der Jüngere von Braunschweig-Wolfenbüttel (1579-1666): Ephemerides. Sive Diarium (1594-1635). Herzog
          August Bibliothek, Signatur: Cod.  Guelf. 42.19 Aug. 2°
        </bibl></sourceDesc></fileDesc>
    </teiHeader>
    <text>
        <body>
            <div><head facs="http://selbstzeugnisse.hab.de/edition/images/00010.jpg" n="3v">Anno 1597.</head>
                
                <div xml:id="E1597-03-22"><head><date when="1597-03-22">Den 22 Martÿ, <c>♂</c></date></head>
                    <p> <rs type="person">Hermann<ex>us</ex></rs> wegkgezog<ex>en</ex>.</p></div>
                <div xml:id="E1597-05-13"><head><date when="1597-05-13">Den 13 Maÿ <c>♀</c></date></head>
                    <p>  gehn <rs ref="register.xml#Herrenberg" type="place">Herrenbergk</rs>
                gezog<ex>en</ex>.</p></div>
                <div xml:id="E1597-05-14"><head><date when="1597-05-14">Den 14 Maÿ <c>♄</c></date></head>
                    <p>  wied<ex>er</ex>kommen.</p></div>
                <div xml:id="E1597-05-16"><head><date when="1597-05-16">Den 16 Maÿ <c>☽</c></date></head>
                    <p>  <rs type="person">Bothmer</rs>
                        wegkgezogen.</p></div>
                <div xml:id="E1597-05-17"><head><date when="1597-05-17">Den 17 May <c>♂</c></date></head>
                    <p>  <rs type="person">Nicolaus d<ex>er</ex> fechter</rs> angetreten.</p></div>
                <div xml:id="E1597-06-18"><head><date when="1597-06-18">Den 18 Junÿ <c>♄</c></date></head>
                    <p>  d<ex>az</ex> silbern Püchßle od<ex>er</ex>
                        Pfeifle</p></div>
                <div xml:id="E1597-07-05"><head><date when="1597-07-05">Den 5 Julÿ <c>♂</c></date></head>
                    <p>  <rs type="person">Cardinall auß
                        Ostereich</rs> Kommen, <unclear>Korneter</unclear> rubinring.</p></div>
                <div xml:id="E1597-07-12"><head><date when="1597-07-12">Den 12 Julÿ <c>♂</c></date></head>
                    <p>  Hirschpirsch,
                        <rs type="person">Cardinall</rs>, <rs type="person">Bischof zu Straßburgk</rs>, <unclear>weÿde</unclear> <foreign xml:lang="lat">m<ex>anu</ex> p<ex>ropria</ex></foreign><note type="translation" resp="as">eigenhändig</note></p></div>
                <div xml:id="E1597-08-13"><head><date when="1597-08-13">Den 13 Aug<ex>usti</ex> <c>♄</c></date></head>
                    <p>  <rs type="person">Graf Ernst von Mansfeldt</rs> beÿ mir gewesen.</p></div>
                <div xml:id="E1597-09-11"><head><date when="1597-09-11">Den 11 Sept<ex>embris</ex> <c>☉</c></date></head>
                    <p>  H<ex>err</ex> <rs ref="register.xml#Philipp_II._Pommern_Stettin" type="person">Philipp vo<ex>n</ex> Pommern</rs> beÿ mir gewesen. <c type="accent">x</c><note type="annotation">Schluss- oder Betonungszeichen</note></p></div>
                <div xml:id="E1597-10-12"><head><date when="1597-10-12">Den 12 Octobr<ex>is</ex>
                    <c>☿</c></date></head>
                    <p>  <rs type="place">Hirschaw Kloster</rs> gezogen 2
                        meill <foreign xml:lang="lat">N<ex>ota</ex>B<ex>ene</ex></foreign><note type="translation" resp="as">wohlgemerkt, übrigens</note>.</p></div>
                <div xml:id="E1597-10-13"><head><date when="1597-10-13">Den 13 Octob<ex>ris</ex>
                    <c>♃</c></date></head>
                    <p>  biß <rs ref="register.xml#Herrenberg" type="place">Herrenberg</rs> 1 meill.</p></div>
                <div xml:id="E1597-10-14"><head><date when="1597-10-14">Den 14 Octob<ex>ris</ex>
                    <c>♀</c></date></head>
                    <p>  wied<ex>er</ex>Kommen naher <rs type="place">Pfeffing</rs>; vnd <rs ref="register.xml#Tuebingen" type="place">Tÿbing<ex>en</ex></rs>.</p></div>
                          </div>
        </body>
    </text>
</TEI>