<?xml version="1.0" encoding="UTF-8"?><TEI xmlns="http://www.tei-c.org/ns/1.0" xmlns:xi="http://www.w3.org/2001/XInclude" next="1604.xml" n="1603" prev="1602.xml" type="edition">
    <teiHeader>
        <fileDesc><titleStmt><title>
          Herzog August der Jüngere von Braunschweig-Wolfenbüttel (1579-1666): Ephemerides. Sive Diarium (1594-1635)
           – 1603</title><principal ref="https://doi.org/10.1515/editio-2016-0009">Inga Hanna Ralle</principal><funder ref="http://d-nb.info/gnd/5055588-1">Niedersächsisches Ministerium für Wissenschaft und Kultur</funder><respStmt><name>Jacqueline Krone</name><resp>Metadaten, Recherche und Korrektur</resp></respStmt><respStmt><name ref="http://orcid.org/0000-0001-9292-5673">David Maus</name><resp>Technische Konzeption und Begleitung</resp></respStmt></titleStmt><publicationStmt><publisher><name ref="http://d-nb.info/gnd/8989-8">Herzog August Bibliothek Wolfenbüttel</name></publisher><pubPlace>Wolfenbüttel</pubPlace><date when="2017">2017</date><availability><licence target="https://creativecommons.org/licenses/by-sa/4.0/">CC-BY-SA 4.0</licence></availability></publicationStmt><sourceDesc><bibl>
          Herzog August der Jüngere von Braunschweig-Wolfenbüttel (1579-1666): Ephemerides. Sive Diarium (1594-1635). Herzog
          August Bibliothek, Signatur: Cod.  Guelf. 42.19 Aug. 2°
        </bibl></sourceDesc></fileDesc>
    </teiHeader>
    <text>
        <body>
            <div><head facs="http://selbstzeugnisse.hab.de/edition/images/00055.jpg" n="26r">Anno 1603.</head></div>
            
            <div xml:id="E1603-01-01"><head><date when="1603-01-01">d<ex>e</ex>n 1 Jan<ex>uaris</ex> <c>♄</c></date></head><p><rs ref="register.xml#Michael_Praetorius" type="person">Praetori<ex>us</ex></rs> vnd andere Musici zum 
                <rs ref="register.xml#Scharnebeck" type="place">scharnebeck</rs> gewesen.</p></div>
            
            <div xml:id="E1603-01-09"><head><date when="1603-01-09">den 9 Jan<ex>uaris</ex> <c>☉</c></date></head><p> biß <rs ref="register.xml#Luebberstedt" type="place">Libberstede</rs> 3 meÿll.</p></div>
            
            <div xml:id="E1603-01-10"><head><date when="1603-01-10">den 10 Jan<ex>uaris</ex>
                <c>☽</c> </date></head><p>biß <rs ref="register.xml#Schneverdingen" type="place">schneverding</rs> 3 meyl biß <rs ref="register.xml#Visselhoevede" type="place">Wesselhöfen</rs> 2 meÿll.</p></div>
            
            <div xml:id="E1603-01-11"><head><date when="1603-01-11">den 11 Jan<ex>uaris</ex>
                <c>♂</c> </date></head><p>biß <rs ref="register.xml#Langwedel" type="place">Langwedell</rs>. 3 meill.</p></div>
            
            <div xml:id="E1603-01-12"><head><date when="1603-01-12">den 12 Jan<ex>uaris</ex>
                <c>☿</c> </date></head><p>biß <rs ref="register.xml#Delmenhorst" type="place">delmenhorst</rs> 4 meill.</p></div>
            
            <div xml:id="E1603-01-22"><note place="margin-left"><foreign xml:lang="lat">N<ex>ota</ex>B<ex>ene</ex></foreign><note type="translation" resp="as">wohlgemerkt, übrigens</note></note> <head><date when="1603-01-22">den 22 Jan<ex>uaris</ex> <c>♄</c></date></head> <p>
                <foreign xml:lang="lat">hor<ex>am</ex> 9. m. 15. a<ex>nte</ex> m<ex>eridiem</ex></foreign><note type="translation">Um 09:15 Uhr</note> mein f<ex>ürstliche</ex> l<ex>iebe</ex> <rs ref="register.xml#Sidonia_von_Braunschweig_Calenberg" type="person">schwester</rs> die
                ander tochter gebohren <rs type="person">Catarinam Elisabetam</rs></p></div>
            
            <div xml:id="E1603-02-01"><head><date when="1603-02-01">den 1 Febr<ex>uari</ex>
                <c>♂</c>,</date></head><p>der <rs type="person">botte</rs> von <rs ref="register.xml#Kassel" type="place">Cassel</rs>
                    wiederkommen.</p></div>
            
            <div xml:id="E1603-02-24"><head><date when="1603-02-24">den 24 Februar<ex>i</ex>
                <c>♃</c></date></head><p> die <rs ref="register.xml#Katharina_Hoya" type="person">Gräfinne<ex>n</ex> vo<ex>n</ex> d<ex>er</ex> Hoye</rs> mitt d<ex>em</ex> <rs ref="register.xml#Anna_Schw-Son" type="person">Schwartzb<ex>urger</ex> Fräwlein</rs> ankommen.</p></div>
            
            <div xml:id="E1603-03-06"><head><date when="1603-03-06">den 6 Martÿ <c>☉</c> </date></head><p> die kindtaufe gehalt<ex>en</ex> word<ex>en</ex>.</p><note type="annotation">Taufe von Katharina Elisabeth</note></div>
            
            <div xml:id="E1603-03-11"><head><date when="1603-03-11">den 11 Martÿ <c>♀</c></date></head><p> seindt die
                frembd<ex>en</ex> gäste wegkgezogen.</p></div>
            
            <div xml:id="E1603-03-28"><head><date when="1603-03-28">den 28 Martÿ <c>☽</c> </date></head><p>die <rs ref="register.xml#Katharina_Hoya" type="person">vo<ex>n</ex> d<ex>er</ex> Hoÿe</rs> wegkgezogen.</p></div>
           
            <pb facs="http://selbstzeugnisse.hab.de/edition/images/00056.jpg" n="26v"/>
           
            <div xml:id="E1603-03-30"><head><date when="1603-03-30">den 30 Martÿ <c>☿</c></date></head><p> <rs ref="register.xml#Bremen" type="place">Bremen</rs> besehen.</p></div>
            
            <div xml:id="E1603-04-02"><head><date when="1603-04-02">den 2 Aprilis <c>♄</c></date></head><p> biß <rs ref="register.xml#Delmenhorst" type="place">Heiligen Rade</rs>, 
                <rs ref="register.xml#Syke" type="place">Sike</rs>, <rs ref="register.xml#Bruchhausen-Vilsen" type="place">Brachausen</rs> gezogen, sendt 4 meill.</p></div>
            
            <div xml:id="E1603-04-06"><head><date when="1603-04-06">den 6 Aprilis <c>☿</c></date></head><p> wieder gehn
                <rs ref="register.xml#Delmenhorst" type="place">Dellmenhorst</rs> Kommen; <rs ref="register.xml#Ursula_v_SL" type="person">Frawmutter</rs> wegkgezogen.</p></div>
            
            <div xml:id="E1603-04-09"><head><date when="1603-04-09">den 9 Aprilis <c>♄</c></date></head><p> <unclear>Vorst</unclear> wiederkommen.</p></div>
            
            <div xml:id="E1603-04-14"><head><date when="1603-04-14">den 14 Aprilis <c>♃</c></date></head><p> von <rs ref="register.xml#Delmenhorst" type="place">Delmenhorst</rs>
                gehn <rs ref="register.xml#Wildeshausen" type="place">Wilßhausen</rs> flecken 2 meill, zur <rs ref="register.xml#Vechta" type="place">vechte</rs> 2 meill <foreign xml:lang="lat">fac<ex>it</ex> </foreign><note type="translation" resp="as">ergibt</note>
                4. zum morenkopf <foreign xml:lang="lat">N<ex>ota</ex>B<ex>ene</ex></foreign><note type="translation" resp="as">wohlgemerkt, übrigens</note> stifft <rs ref="register.xml#Munster" type="place">Munster</rs> vor d<ex>er</ex> <rs ref="register.xml#Vechta" type="place">vechte</rs>; die Hundt ein wasser vor
                <rs ref="register.xml#Wildeshausen" type="place">wilshausen</rs>.</p></div>
            
            <div xml:id="E1603-04-15"><head><date when="1603-04-15">d<ex>e</ex>n 15 Aprilis <c>♀</c></date></head><p> biß <add place="above">(<rs ref="register.xml#Osnabrueck" type="place">oßnabrugker</rs> Bischofthumb)</add> zum <rs ref="register.xml#Damme" type="place">Dam</rs> groß dorf
                <rs ref="register.xml#Voerden" type="place">dreckförde</rs> flecken 4 meill zum güld<ex>en</ex> Pellican.</p></div>
            
            <div xml:id="E1603-04-16"><head><date when="1603-04-16">d<ex>e</ex>n 16 Aprilis <c>♄</c></date></head><p> biß <rs ref="register.xml#Osnabrueck" type="place">Oßnabrugk</rs> stadt; 3 meill <rs ref="register.xml#Iburg" type="place">Jburgk</rs> Kloster
                vnd <seg>f<ex>estes</ex> haus</seg><note type="annotation">Bedingt wehrhaftes Gebäude mit relativ starken Mauern. <ref target="https://de.wikipedia.org/wiki/Festes_Haus">Wikipedia</ref></note> 2 meill <foreign xml:lang="lat">fac<ex>it</ex> </foreign><note type="translation" resp="as">ergibt</note> 5.</p></div>
            
            <div xml:id="E1603-04-27"><head><date when="1603-04-27">d<ex>e</ex>n 27 Aprilis <c>☿</c></date></head><p> biß <rs ref="register.xml#Munster" type="place">Munster</rs> grosse Stadt 4 meill, alda geseh<ex>en</ex>
                d<ex>er</ex> Jesuiter Collegium den Thumb. S<ex>anct</ex> Lambertt Kirchen,
                aufm Thurn gewesen, vnd d<ex>er</ex> 3 Aufrührer körbe<ex>n</ex> daranne<ex>n</ex> gesehen; die zangen damitt
                sie gerissen hangen am Raththause. (sturmglock) biß <rs ref="register.xml#Telgte" type="place">Telgtt</rs> flecken (<rs ref="register.xml#Osnabrueck" type="place">oßnabrugisch</rs>
                gebieth) <rs ref="register.xml#Glandorf" type="place">Glandorf</rs>, <rs ref="register.xml#Bad_Iburg" type="place">Jburgk</rs> 4 meill <foreign xml:lang="lat">fac<ex>it</ex> </foreign><note type="translation" resp="as">ergibt</note> 8.</p></div>
            
            <div xml:id="E1603-05-02"><head><date when="1603-05-02">den 2 Maÿ <c>☽</c></date></head><p> biß <rs ref="register.xml#Voerden" type="place">Vörde</rs> 5 meill
                aufm schloß.</p></div>
            
            <div xml:id="E1603-05-03"><head><date when="1603-05-03">den 3 Maÿ <c>♂</c></date></head><p> d<ex>er</ex> <rs type="person">Luneburger</rs> gestorb<ex>en.</ex> biß zur <rs ref="register.xml#Vechta" type="place">Vechte</rs> 4
                meÿll.</p></div>
            
            <div xml:id="E1603-05-04"><head><date when="1603-05-04">den 4 Maÿ <c>☿</c></date></head><p> biß <rs ref="register.xml#Delmenhorst" type="place">Delmenhorst</rs>,
                <rs ref="register.xml#Hude" type="place">Hude</rs>, 5 meill.</p></div>
            
            <div xml:id="E1603-05-09"><head><date when="1603-05-09">den 9 Maÿ <c>☽</c></date></head><p> gehn <rs ref="register.xml#Delmenhorst" type="place">delmenhorst</rs> 2
                meill</p></div>
            
            <div xml:id="E1603-05-11"><head><date when="1603-05-11">den 11 Maÿ <c>☿</c></date></head><p> biß <rs ref="register.xml#Verden" type="place">Verden</rs> <add place="above">zu<ex>m</ex> weissen Schwan.</add> 5 meill.</p></div>
            
            <div xml:id="E1603-05-12"><head><date when="1603-05-12">den 12 Maÿ <c>♃</c></date></head><p> biß <rs ref="register.xml#Schneverdingen" type="place">Schnererding</rs> 5
                meill</p></div>
            
            <div xml:id="E1603-05-13"><head><date when="1603-05-13">d<ex>e</ex>n 13 Maÿ <c>♀</c></date></head><p> biß <rs ref="register.xml#Scharnebeck" type="place">Scharnebeck</rs> 6 meill</p></div>
            
            <div xml:id="E1603-05-16"><head><date when="1603-05-16">d<ex>e</ex>n 16 Maÿ <c>☽</c></date></head><p> gehn <rs ref="register.xml#Lueneburg" type="place">Luneburgk</rs> inß Marcktt, vnd wieder heraus.</p></div>
            
            <div xml:id="E1603-05-17"><head><date when="1603-05-17">d<ex>e</ex>n 17 Maÿ</date></head><note type="annotation">Planetensymbol für den Tag fehlt</note><p> biß <rs ref="register.xml#Bergedorf" type="place">Bergerdorf</rs>. 5 meill.</p></div>
            
            <div xml:id="E1603-05-18"><head><date when="1603-05-18">d<ex>e</ex>n 18 Maÿ</date></head><note type="annotation">Planetensymbol für den Tag fehlt</note><p> biß <rs ref="register.xml#Hamburg" type="place">Hamburgk</rs> <add>beÿ <rs ref="register.xml#Bernhard_Teges" type="person">B. Tega</rs>.</add> 2 meill.
            
            <pb facs="http://selbstzeugnisse.hab.de/edition/images/00057.jpg" n="27r"/>
            
            zu S<ex>anct</ex> Nicolai aufm Turn gewesen;</p></div>
            
            <div xml:id="E1603-05-19"><head><date when="1603-05-19">d<ex>e</ex>n 19 Maÿ <c>♃</c></date></head><p> biß <rs ref="register.xml#Bergedorf" type="place">Bergerdorf</rs> 2 meill</p></div>
            
            <div xml:id="E1603-05-20"><head><date when="1603-05-20">den 20 Maÿ <c>♀</c></date></head><p> biß <rs ref="register.xml#Scharnebeck" type="place">Scharnebeck</rs> 5 meill</p></div>
            
            <div xml:id="E1603-05-21"><head><date when="1603-05-21">den 21 Maÿ <c>♄</c></date></head><p> biß <rs ref="register.xml#Dannenberg" type="place">Dannenbergk</rs> 6 meill.</p></div>
            
            <div xml:id="E1603-05-23"><head><date when="1603-05-23">den 23 Maÿ <c>☽</c></date></head><p> biß <rs ref="register.xml#Scharnebeck" type="place">Scharnebeck</rs> 6
                meill</p></div>
            
            <div xml:id="E1603-05-30"><head><date when="1603-05-30">den 30 Maÿ <c>☽</c></date></head><p> biß <rs ref="register.xml#Luebberstedt" type="place">Libberstede</rs>,
                Schueverdingen, 6 meill</p></div>
            
            <div xml:id="E1602-05-31"><head><date when="1602-05-31">den 31 Maÿ <c>♂</c></date></head><p> biß <rs ref="register.xml#Visselhoevede" type="place">Vesselhofen</rs>
                (d<ex>er</ex> <unclear>Pafgenger aufstoessig</unclear> word<ex>en</ex>)
                2 meill, biß <rs ref="register.xml#Verden" type="place">Verd<ex>en</ex></rs> 3 meill <foreign xml:lang="lat">fac<ex>it</ex> </foreign><note type="translation" resp="as">ergibt</note>
                5.</p></div>
            
            <div xml:id="E1603-06-04"><head><date when="1603-06-04">den 4 Junÿ <c>♄</c></date></head><p> biß <rs ref="register.xml#Bruchhausen-Vilsen" type="place">Bruchausen</rs>, zu d<ex>er</ex> von d<ex>er</ex> <rs ref="register.xml#Katharina_Hoya" type="person">Hoye<ex>n</ex></rs>. 2 meill.</p></div>
            
            <div xml:id="E1603-06-05"><head><date when="1603-06-05">den 5 Junÿ <c>☉</c></date></head><p> biß <rs ref="register.xml#Delmenhorst" type="place">delmenhorst</rs> 4 meill.</p></div>
            
            <div xml:id="E1603-06-06"><head><date when="1603-06-06">den 6 Junÿ <c>☽</c></date></head><p> nach der <rs ref="register.xml#Hude" type="place">Hude</rs>. 1 ½
                meÿll</p></div>
            
            <div xml:id="E1603-06-07"><head><date when="1603-06-07">den 7 Junÿ <c>♂</c></date></head><p> biß nach der <rs ref="register.xml#Berne" type="place">Beeren</rs>
                ½, biß <rs ref="register.xml#Vahr" type="place">Varle</rs> <subst><del>3</del><add>4</add></subst> meil.</p></div>
            
            <div xml:id="E1603-06-10"><head><date when="1603-06-10">den 10 Junÿ <c>♀</c></date></head><p> biß <rs ref="register.xml#Delmenhorst" type="place">Delmenhorst</rs> 5
                meÿll, biß <rs ref="register.xml#Langwedel" type="place">Langwedell</rs> 4 meill <foreign xml:lang="lat">fac<ex>it</ex> </foreign><note type="translation" resp="as">ergibt</note> 9.</p></div>
            
            <div xml:id="E1603-06-11"><head><date when="1603-06-11">den 11 Junÿ <c>♄</c></date></head><p> biß <rs ref="register.xml#Verden" type="place">Verden</rs> 1 meill, 
                wieder gehn <rs ref="register.xml#Langwedel" type="place">Langwedell</rs> 1 meill, biß <rs ref="register.xml#Bremen" type="place">Bremen</rs> 3 meill
                <foreign xml:lang="lat">fac<ex>it</ex> </foreign><note type="translation" resp="as">ergibt</note> 5.</p></div>
            
            <div xml:id="E1603-06-13"><head><date when="1603-06-13">den 13 Junÿ <c>☽</c></date></head><p> <rs type="person">Dampstorf</rs>
                ankommen.</p></div>
            
            <div xml:id="E1603-06-14"><note place="margin-left">Engelländische Reÿse.</note> <note place="margin-left">6</note> <head><date when="1603-06-14">den 14 Jun<ex>ÿ</ex>
                <c>♂</c></date></head><p> (<rs ref="register.xml#Muenster" type="place">Münster</rs> stifft) biß <rs ref="register.xml#Wildeshausen" type="place">Wilßhausen</rs>, zum weissen Schwan, 3 meÿll, biß <rs ref="register.xml#Cloppenburg" type="place">kloppenburgk</rs> 3
                meÿll</p></div>
            
            <div xml:id="E1603-06-15"><note place="margin-left">12</note><head><date when="1603-06-15">den 15 Jun<ex>ÿ</ex>
                <c>☿</c></date></head><p> biß <rs ref="register.xml#Loeningen" type="place">Löningen</rs> flecken, 2 meill,
                    biß <rs ref="register.xml#Haseluenne" type="place">Haselunde</rs> städtlein da die Hase vorüberleüffett, 2 meill im Roßkam (Ampt <rs ref="register.xml#Lingen" type="place">Lingen</rs>)
                    biß <rs ref="register.xml#Lingen" type="place">Lingen</rs> zum gülden Adeler stadt vnd vestung 2 meÿll <foreign xml:lang="lat">fac<ex>it</ex> </foreign><note type="translation" resp="as">ergibt</note>
                    6.</p></div>
            
            <div xml:id="E1603-06-16"><note place="margin-left">18</note><head><date when="1603-06-16">den 16 Jun<ex>ÿ</ex>
                <c>♃</c> </date></head><p>biß vber die Embse, (Grafschaft Bentheim) <rs ref="register.xml#Neuenhaus" type="place">Newhausen</rs>, auf d<ex>er</ex> l<ex>inken</ex> s<ex>eite</ex> d<ex>er</ex> bruck<ex>en</ex> 3 meill biß (Halanth<note type="annotation">Niederlande</note>)
                    <rs ref="register.xml#Hardenberg" type="place">Hardenbergk</rs> flecken. 3 meill <foreign xml:lang="lat">fac<ex>it</ex> </foreign><note type="translation" resp="as">ergibt</note> 6.</p></div>
            
            <div xml:id="E1603-06-17"><note place="margin-left">22</note><head><date when="1603-06-17">den 17 Jun<ex>ÿ</ex>
                <c>♀</c></date></head><p> biß <rs ref="register.xml#Zwolle" type="place">Zwolle</rs> stadt zum roten
                    Hirschen 4 meill.</p></div>
            
            <div xml:id="E1603-06-19"><head><date when="1603-06-19">den 19 Jun<ex>ÿ</ex> <c>☉</c></date></head><p> biß <rs ref="register.xml#Hasselt" type="place">Hasselen</rs> 1 meÿll von da zu schif gefahren
                vmb 1 vhr <foreign xml:lang="lat">p<ex>ost</ex> m<ex>eridiem</ex></foreign><note type="translation">nachmittags</note> <del rend="overstrike">biß</del> gehn
                <rs ref="register.xml#Amsterdam" type="place">Amsterdam</rs>. </p></div>
            
            <div xml:id="E1603-06-20"><note place="margin-left">36</note><head><date when="1603-06-20">den 20 Jun<ex>ÿ</ex>
                <c>☽</c></date></head><p> vmb 3 vhr <foreign xml:lang="lat">a<ex>nte</ex> m<ex>eridiem</ex></foreign><note type="translation">vormittags</note> zu <rs ref="register.xml#Amsterdam" type="place">Amstelredam</rs> ankomme<ex>n</ex>, seindt 13 meill, alda <rs ref="register.xml#Netherlands" type="place">Hollandts</rs> anfang zum gelobten lande;
                Alda besehen d<ex>a</ex>z Waÿsenhues; Das Alte Menner vnd Alte frawen
                    haus; daß Gasthaus oder Hospitall; das zuchthaus darinnen die <seg>prodigi gesetzett</seg><note type="annotation">Vermutlich ist die Cura Prodigi (Vormundschaft) gemeint</note>
                werden. <foreign xml:lang="lat">m<ex>anu</ex> p<ex>ropria</ex></foreign><note type="translation" resp="as">eigenhändig</note></p></div>
            
            <pb facs="http://selbstzeugnisse.hab.de/edition/images/00058.jpg" n="27v"/>
            
            <div xml:id="E1603-06-21"><head><date when="1603-06-21">den 21 Jun<ex>ÿ</ex>
                <c>♂</c></date></head><p> weÿter besehen die
                fechtschule; den duelen oder Schies Reÿen; der vnsinnigen vnd Tollen haus; die alte
                Kirche besehen da <rs type="person">Johannes Petri</rs> ingeschlagen; Auf dem Thurn die stadt
                übersehen.</p></div>
            
            <div xml:id="E1603-06-22"><note place="margin-left">41</note><head><date when="1603-06-22">den 22 Jun<ex>ÿ</ex>
                <c>☿</c></date></head><p> biß <rs ref="register.xml#Leiden" type="place">Leiden</rs> 5 me<ex>ÿ</ex>ll zur Glocken.</p></div>
            
            <div xml:id="E1603-06-23"><note place="margin-left">43</note><head><date when="1603-06-23">den 23 Jun<ex>ÿ</ex>
                <c>♃</c></date></head><p> alda besehen Collegia,
                    univ<ex>er</ex>sitatis Lugdunensis, <seg>Anatomicam domum</seg><note type="annotation">Anatomisches Theater der Universität Leiden</note>,
                    Fechtschuell, oben Biliothecam, Schiesreÿen, auf der stube der Schützen in den Fenstern alle die <foreign xml:lang="lat">Comites Hollandiae</foreign><note type="translation">Grafen der Niederlande</note> gebrennett
                gar schön gesehen. S<ex>anct</ex> Peters Kirche, biß in <rs ref="register.xml#Den_Haag" type="place">den Haag</rs> 2 meill zum Briell.</p></div>
            
            <div xml:id="E1603-06-24"><note place="margin-left"><unclear>cd</unclear><note type="annotation">Marginalzeichen</note> Kostenda 26000 g<ex>o</ex>ld<ex>ene</ex> Braba<ex>n</ex>te</note><head><date when="1603-06-24">den 24 Jun<ex>ÿ</ex>
                <c>♀</c></date></head><p> Printzen <rs ref="register.xml#Moritz_von_Nassau" type="person">Mauritzen von Nassaw</rs>
                    angesprochen; alda besehen die lustige gegendt herumb; des <rs type="person">Mahlers</rs> Hauß; da man die
                Grosse <w>stucke</w><note type="annotation">Geschütz, Kanone, Waffe</note> geussett; des <rs ref="register.xml#Moritz_von_Nassau" type="person">Printzen</rs> stall, alda das weisse Pf<ex>erd</ex> gezeigett word<ex>en</ex>, 
                    so d<ex>er</ex> Ertzhertzog <rs ref="register.xml#Albrecht_VII._von_Habsburg" type="person">Albert<ex>us</ex></rs>
                    in der newportischen schlacht verlohren; <unclear>cd</unclear><note type="annotation">Marginalzeichen</note> Item den
                    grossen Saall da die fahnen aufgesteckett, so fur <rs type="place">NewPortt</rs> bekommen; Balhaus  <w>rc</w><note type="annotation" resp="ao">etc.</note></p></div>
            
            <div xml:id="E1603-06-25"><note place="margin-left">45</note><head><date when="1603-06-25">den 25 Jun<ex>ÿ</ex> <c>♄</c></date></head><p> biß <rs ref="register.xml#Delft" type="place">delfft</rs> stadt, alda
                Printz <rs ref="register.xml#Moritz_von_Nassau" type="person">Mauritzen</rs> <rs ref="register.xml#Willem_van_Oranje_Nassau" type="person">Herrvatter</rs> <seg>schelmischer weÿse erschossen</seg><note type="annotation"><ref target="https://de.wikipedia.org/wiki/Balthasar_G%C3%A9rard">Wikipedia</ref></note>; <rs ref="register.xml#Overschie" type="place">Awersche</rs> flecken <rs ref="register.xml#Rotterdam" type="place">Roterdam</rs>
                stadt, zu S<ex>anct</ex> Jürgen 2 meÿll, <del rend="overstrike">Alhir</del> ist zubesehen <rs ref="register.xml#Erasmus_von_Rotterdam" type="person">Erasmi Roterodami</rs> <foreign xml:lang="lat">statua
                    Lapidea.</foreign><note type="translation">steinerne Statue</note></p></div>
            
            <div xml:id="E1603-06-26"><note place="margin-left">48</note><head><date when="1603-06-26">den 26 Jun<ex>ÿ</ex> <c>☉</c></date></head><p> biß <rs ref="register.xml#Dordrecht" type="place">Dordrecht</rs> grosse stadt
                (alda die staaden ihre meiste Kriegsachen haben von geschützen, munitionen und
                andern sachen, zu dene<ex>n</ex> Können sie es bequemlich und in
                geheimb zu wasser wegkbringen wohin sie wöllen  <w>rc</w><note type="annotation" resp="ao">etc.</note>.) mitt des
                <rs ref="register.xml#Moritz_von_Nassau" type="person">Printzen</rs> Jagettschif Kommen 1 meÿll auf d<ex>er</ex> mars<note type="annotation">Der Fluß Maas</note>, zu landt
                3 meill zum Pfawen; der Radt und die Staad<ex>en</ex> mich zu gaste gehabtt.</p></div>
            
            <div xml:id="E1603-06-27"><note place="margin-left">58</note><head><date when="1603-06-27">den 27 Jun<ex>ÿ</ex> <c>☽</c></date></head><p> wiederumb zu schiffe gangen
                (<rs ref="register.xml#Zeeland" type="place">seelandt</rs>,) und gefahren 10 meill, alda ancker geworfen.</p></div>
            
            <div xml:id="E1603-06-28"><note place="margin-left">63</note><head><date when="1603-06-28">den 28 Jun<ex>ÿ</ex> <c>♂</c></date></head><p> biß zur <rs ref="register.xml#Veere" type="place">Vehre</rs> städtlein,
                <rs ref="register.xml#Middelburg" type="place">Middelburgk</rs> schöne grosse stadt 5 meÿll zum gulden drachen</p></div>
            
            <div xml:id="E1603-06-30"><note place="margin-left">64</note><head><date when="1603-06-30">den 30 Jun<ex>ÿ</ex>
                <c>♃</c></date></head><p> biß <rs ref="register.xml#Vlissingen" type="place">Vlissingen</rs> dem <rs ref="register.xml#Jakob_I." type="person">König von
                    Engelandt</rs> <w>pfandtsweiß</w><note type="annotation">Frühere englische Garnisonsstadt</note> zugehörig; Jm landtgerichte. 1 meÿll;
            
            <pb facs="http://selbstzeugnisse.hab.de/edition/images/00059.jpg" n="28r"/>
            
                von da vortt gesieglett mitt des <rs type="person">Capitans Engell</rs> grossen <w>Orlogschif</w><note type="annotation">Kriegsschiff, niederländisch: oorlog (Krieg)</note>, d<ex>er</ex> drache genandt, mitt der flutt, hernach für Ancker
                gelegen.</p></div>
            
            <div xml:id="E1603-07-01"><head><date when="1603-07-01">den 1 Julÿ <c>♀</c></date></head><p> vor Schleuß, <rs ref="register.xml#Ostende" type="place">Ostende</rs>
                (alda wir 2 schüsse vom Schiffe in der Spanischen <w>Reutereÿ</w><note type="annotation">Heer, Kavallerie</note> gethaen) furüber
                geseglett, auf die <w>belägerung</w><note type="annotation">Belagerung von Ostende, Vereinigte Niederlande gegen Spanien (5. Juli 1601-20. September 1604)</note> gesehen und gehörett, wie sie mitt den <w>Cartaunen</w><note type="annotation">Kartaune, Vorderlader-Geschütz</note>
                gespielett.</p></div>
           
            <div xml:id="E1602-07-02"><head><date when="1602-07-02">den 2 Julÿ <c>♄</c></date></head><p> vor <rs ref="register.xml#Duenkirchen" type="place">Dunkercken</rs>, 
                <rs type="place">Newportt</rs> furüber Kommen.</p></div>
           
            <div xml:id="E1603-07-03"><note place="margin-left">89</note><note place="margin-left">93</note><head><date when="1603-07-03">den 3 Julÿ <c>☉</c></date></head><p> <rs ref="register.xml#Calais" type="place">Cales</rs> 
                in Franckreich liegen sehen, biß (Engellandt) <rs ref="register.xml#Dover" type="place">Dovern</rs> stadt zur Poste in alles zu wasser 25 meÿll biß <rs ref="register.xml#Canterbury" type="place">Canterberg</rs> alda
                deß <rs ref="register.xml#John_Whitgift" type="person">Ertzbischofs</rs> <del rend="overstrike">des</del> Sitze<del>s</del>, so <foreign xml:lang="lat"><ex>secun</ex>dus
                    post Regem</foreign><note type="translation">Der zweite nach dem König</note> 4 meÿll zur Post.</p></div>
           
            <div xml:id="E1603-07-04"><note place="margin-left">97</note><note place="margin-left">100</note><head><date when="1603-07-04">den 4 Julÿ <c>☽</c></date></head><p> alda die kirche nebest 
                des Ertzbischofs palatio besehen: Biß <rs ref="register.xml#Faversham" type="place">Fewersheim</rs> stadt <rs ref="register.xml#Sittingbourne" type="place">Sittingbourne</rs> zur Post 4 meÿll, 
                    biß <rs ref="register.xml#Rochester" type="place">Roschiester</rs> stadt alda des
                Königes hafen im welchem die kriegsschif und Gallern stehen. zur kronen od<ex>er</ex> Post 3 meill <foreign xml:lang="lat">fac<ex>it</ex> </foreign><note type="translation" resp="as">ergibt</note> 7</p></div>
            
            <div xml:id="E1603-07-05"><note place="margin-left">107</note><head><date when="1603-07-05">den 5 Julÿ <c>♂</c></date></head><p>
                biß <rs ref="register.xml#Gravesend" type="place">Grewesinde</rs> stadt zum Engell 2 meill, auf der Thembse gefahren biß <rs ref="register.xml#Greenwich" type="place">Grunwitz</rs>,
                <seg>regia arx</seg><note type="annotation">Palace of Placentia, englischer Königspalast</note> seindt 5 meÿll zum Englischen wapen. <foreign xml:lang="lat">fac<ex>it</ex> </foreign><note type="translation" resp="as">ergibt</note> 7.</p></div>
            
            <div xml:id="E1603-07-06"><head><date when="1603-07-06">den 6 Julÿ <c>☿</c></date></head><p> besehen d<ex>a</ex>z lusthaus aufm berge, hernach das Königliche schlos,
                darinnen viell schöner gemächer und sachen gezeigett werden; unter andern ein
                brettspiell nebest einem <rs type="libri">Schachttspiell</rs> so auf 1000 Pf<ex>und</ex> sternlinges <foreign xml:lang="lat">h<ex>oc</ex> e<ex>st</ex></foreign><note type="translation">das heißt</note> 4500 R<ex>eich</ex>th<ex>aler</ex>
                ohngefehr geschetzett wirdt; Eß seindt in den <w>bricken</w><note type="annotation">Steine in einem Brettspiel</note> der vornehmsten Heren und
                Potentaten in <w>waxs</w><note type="annotation">Wachs</note> <w>Possierte</w><note type="annotation">In Ton, Gips oder Wachs modellieren</note> bildnussen: Die zahl auf den Würflen ist von rubinen;
                die wurfell seindt von Goldt. weÿter besehen den garten; auch die Rennebane. Hier im
                schloß wirdt auch ein <rs type="libri">uhr gezeigett</rs> so <rs type="person">zolcher</rs> mitt sich herauß gebrachtt. <c type="accent">x</c><note type="annotation">Schluss- oder Betonungszeichen</note></p></div>
            
            <div xml:id="E1602-07-07"><note place="margin-left">108 <foreign xml:lang="lat">his adde</foreign><note type="translation">Füge dieses hinzu</note> de Scharnbech 15 - Summa 123.</note><head><date when="1602-07-07">den 7 Julÿ <c>♃</c></date></head><p> zu <rs ref="register.xml#London" type="place">Londen</rs> ankommen 1 meill zu
                schiffe auf der Thembse.</p></div>
            
            <pb facs="http://selbstzeugnisse.hab.de/edition/images/00060.jpg" n="28v"/>
            
            <div xml:id="E1603-07-11"><head><date when="1603-07-11">den 11 Julÿ <c>☽</c></date></head><p> die kirche zu
                <rs ref="register.xml#Westminster" type="place">Westmunster</rs> gesehen, darinnen der könige Epitaphia, und des <rs ref="register.xml#Heinrich_VII." type="person">Henrici VII</rs> kunstreiche
                Capelle zubesehen. <w>rc</w><note type="annotation" resp="ao">etc.</note>.</p></div>
            
            <div xml:id="E1603-07-14"><head><date when="1603-07-14">den 14 Julÿ <c>♃</c></date></head><p> biß <rs type="place">Tieboltz</rs>, so
                der <rs type="person">Altt Tresbrier</rs> gebawett, <rs ref="register.xml#Ware" type="place">wäere</rs> flecken zur krone 5 meill.</p></div>
            
            <div xml:id="E1603-07-15"><head><date when="1603-07-15">den 15 Julÿ <c>♀</c></date></head><p> biß <rs ref="register.xml#Barkway" type="place">Barckwehre</rs> zu
                S<ex>anct</ex> Jurgen 3 meill, biß <rs ref="register.xml#Cambridge" type="place">Cambritz</rs> zur Rose und kronen 3 meill <foreign xml:lang="lat">fac<ex>it</ex> </foreign><note type="translation" resp="as">ergibt</note> 6. </p></div>
            
            <div xml:id="E1603-07-16"><head><date when="1603-07-16">den 16 Julÿ <c>♄</c></date></head><p> alda besehen d<ex>a</ex>z Collegium Trinitatis, Johannis,
                &amp; alia  <w>rc</w><note type="annotation" resp="ao">etc.</note>. biß <rs ref="register.xml#Bedford" type="place">Bethforth</rs> 5 meill zum weisse<ex>n</ex> Schwan, biß <rs ref="register.xml#Newport_Pagnell" type="place">Newporten</rs>, 
                <rs ref="register.xml#Stony_Stratford" type="place">stonistratforth</rs> zur Rosen und Kronen
                3 meill <foreign xml:lang="lat">fac<ex>it</ex> </foreign><note type="translation" resp="as">ergibt</note> 8.</p></div>
            
            <div xml:id="E1603-07-17"><head><date when="1603-07-17">den 17 Julÿ <c>☉</c></date></head><p> biß <rs ref="register.xml#Oxford" type="place">Oxsenfordt</rs> 6 meill <seg>zum guld<ex>en</ex> ┼</seg><note type="annotation">Wirtshaus Zum goldenen Kreuz</note> alda die
                    Univ<ex>er</ex>sitet und Collegia <rs type="libri">wie dan auch eine schöne
                        Bibliothecam gesehen, unter andern ein Buch so durchauß hieroglyphische buchstab<ex>en</ex> und Charactern gehabtt; Jtem einen bogen so in China
                gedrucktt, &amp; alia MScripta und getruckte Bücher.</rs></p></div>
           
            <div xml:id="E1603-07-18"><head><date when="1603-07-18">den 18 Julÿ <c>☽</c></date></head><p> biß <rs ref="register.xml#Nettlebed" type="place">Nettelbett</rs> zum
                Lewen 3 ½ meill biß <rs ref="register.xml#Henley_on_Thames" type="place">Händle über die Tembß</rs> <rs ref="register.xml#Windsor" type="place">winsern</rs> königlich schlos und stadt zum
                <rs ref="register.xml#Hosenbandorden" type="org">garderhosenbandt</rs> 3 ½ <foreign xml:lang="lat">fac<ex>it</ex> </foreign><note type="translation" resp="as">ergibt</note> 7.</p></div>
            
            <div xml:id="E1603-07-19"><head><date when="1603-07-19">den 19 Julÿ <c>♂</c></date></head><p> alda besehen d<ex>a</ex>z schloß, und auf demselb<ex>en</ex> eine
                schöne Kirche<ex>n</ex>, darinnen deß <rs ref="register.xml#Hosenbandorden" type="org">Garder Ordenß</rs> Ritters fahnen
                seindt aufgehenckt <w>rc</w><note type="annotation" resp="ao">etc.</note> ein Einhorn wirdt alda auch gefund<ex>en</ex>. biß <rs ref="register.xml#Hampton_Court_Palace" type="place">HamtenCourt</rs> Königlich schloß 3 meill biß <rs ref="register.xml#Kingston_upon_Thames" type="place">Kingsten</rs> ¼ meill.</p></div>
            
            <div xml:id="E1603-07-20"><head><date when="1603-07-20">den 20 Julÿ <c>☿</c></date></head><p> biß <rs ref="register.xml#Richmond" type="place">Ritschmunde</rs>
                schloß zum Lewen 1 meill.</p></div>
            
            <div xml:id="E1603-07-21"><head><date when="1603-07-21">den 21 Julÿ <c>♃</c></date></head><p> beÿm <rs ref="register.xml#Jakob_I." type="person">König</rs> mich
                angeb<ex>en</ex> lassen.</p></div>
            
            <div xml:id="E1603-07-22"><head><date when="1603-07-22">den 22 Julÿ <c>♀</c></date></head><p> biß <rs ref="register.xml#London" type="place">Londen</rs> 2
                meill.</p></div>
            
            <div xml:id="E1603-07-25"><head><date when="1603-07-25">den 25 Julÿ <c>☽</c></date></head><p> die Krönung
                gehalten worden deß <rs ref="register.xml#Jakob_I." type="person">Königs</rs> und der <rs ref="register.xml#Anna_von_Daenemark" type="person">Königinnen</rs> zugleich.</p></div>
            
            <div xml:id="E1603-07-28"><head><date when="1603-07-28">den 28 Julÿ <c>♃</c></date></head><p> <rs type="person">Brassem</rs> gestorb<ex>en</ex>.</p></div>
           
            <div xml:id="E1603-07-30"><head><date when="1603-07-30">den 30 Julÿ <c>♄</c></date></head><p> biß <rs ref="register.xml#Windsor" type="place">Winsern</rs> 5 meill. <rs ref="register.xml#Hosenbandorden" type="org">Zum gard<ex>er</ex> ord<ex>en</ex></rs>.</p></div>
            
            <div xml:id="E1603-07-31"><head><date when="1603-07-31">den 31 Julÿ <c>☉</c></date></head><p> biß <rs ref="register.xml#Maidenhead" type="place">Madenheit</rs> flecken 1 meill zum Lewen, 
                <foreign xml:lang="lat">p<ex>rae</ex>p<ex>arare</ex> pestem</foreign><note type="translation">Vorbereitungen gegen die Pest</note> <add place="above">zu <rs ref="register.xml#London" type="place">Lond<ex>en</ex></rs></add> mich alda angehalten. <rs type="person">Dampstorf</rs> gestorb<ex>en</ex> an der Pest.</p></div>
            
            <div xml:id="E1603-08-12"><head><date when="1603-08-12">den 12 Augusti <c>♀</c></date></head><p>gehn <rs ref="register.xml#Hampton_Court_Palace" type="place">hamptecourt</rs>
                <add place="above">Königlich schloß</add> gezogen, <add place="above">½ meill</add> alda besehen das schlos,
                und die Paradis Kammer. biß <rs ref="register.xml#Kingston" type="place">Ringsten</rs> ½ meill zum Kranig biß <rs ref="register.xml#Richmond" type="place">Ritzemunde</rs>
            
            <pb facs="http://selbstzeugnisse.hab.de/edition/images/00061.jpg" n="29r"/>
            
                1 meill, alda gesehen den Spegell <rs type="person">Eduardi</rs>, d<ex>er</ex> wie er
                gestorben, geborsten; <seg>das blutt <rs ref="register.xml#Heinrich_VII." type="person">Henrici 7</rs> an d<ex>er</ex> wandt <foreign xml:lang="lat">ipsius
                    voluntate</foreign><note type="translation">durch seinen Willen</note> gespritzett</seg><note type="annotation">Siehe zu diesen Ereignissen und Gegenständen folgende Ausführungen: Heinrich Anshelms von Ziegler und Kliphausen ... Täglicher Schau-Platz der Zeit/ Auff welchem sich Ein iedweder Tag durch das gantze Jahr mit seinen merckwürdigsten Begebenheiten/ so sich vom Anfange der Welt/ biß auff diese jetzige Zeiten/ an demsel.../ Heinrich Anshelm von Ziegler und Kliphausen, [Online-Ausg.], Leipzig: Autor, 1695 <ref target="http://diglib.hab.de/drucke/gb-20-2f/start.htm">WDB</ref></note>. biß <rs ref="register.xml#Maidenhead" type="place">Mädenheitt</rs> 3 ½ meill <foreign xml:lang="lat">fac<ex>it</ex> </foreign><note type="translation" resp="as">ergibt</note> 8.</p></div>
            
            <div xml:id="E1603-08-20"><head><date when="1603-08-20">den 20 Aug<ex>usti</ex> <c>♄</c></date></head><p> biß <rs ref="register.xml#Reading" type="place">Redingen</rs> zum Beeren,
                2 ½ meill wied<ex>er</ex> gehn <rs ref="register.xml#Maidenhead" type="place">Mädenheitt</rs>.</p></div>
            
            <div xml:id="E1603-08-21"><head><date when="1603-08-21">den 21 Aug<ex>usti</ex> <c>☉</c></date></head><p> biß <rs ref="register.xml#Reading" type="place">Redingen</rs> fleck<ex>en</ex>
                alda des <rs ref="register.xml#Jakob_I." type="person">Königs</rs> stall, und Reittschulen.</p></div>
            
            <div xml:id="E1603-08-28"><head><date when="1603-08-28">den 28 Aug<ex>usti</ex> <c>☉</c></date></head><p> meine Pf<ex>erde</ex> gehn <rs ref="register.xml#London" type="place">Londen</rs> kommen.</p></div>
            
            <div xml:id="E1603-08-31"><head><date when="1603-08-31">den 31 Aug<ex>usti</ex>
                <c>☿</c></date></head><p> biß <rs ref="register.xml#Oxford" type="place">Oxsenforth</rs> zum Beeren 5
                    meill.</p></div>
            
            <div xml:id="E1603-09-01"><head><date when="1603-09-01">den 1 Sept<ex>embris</ex>
                <c>♃</c></date></head><p> biß <rs ref="register.xml#Woodstock" type="place">Wuttstock</rs>, <rs ref="register.xml#Oxford" type="place">Oxsfort</rs>, hin
                    und her 3 ½ meill biß <rs ref="register.xml#Reading" type="place">Redingen</rs>. <c type="accent">x</c><note type="annotation">Schluss- oder Betonungszeichen</note></p></div>
            
            <div xml:id="E1603-09-10"><head><date when="1603-09-10">den 10 Septemb<ex>ris</ex> <c>♄</c></date></head><p> biß <rs ref="register.xml#Wallingford" type="place">Wallingforth</rs>, <rs ref="register.xml#Abingdon" type="place">Abbington</rs> 5 meÿll, biß
                <rs type="place">gewöthening</rs> 3 meÿll <foreign xml:lang="lat">fac<ex>it</ex> </foreign><note type="translation" resp="as">ergibt</note> 8.</p></div>
            
            <div xml:id="E1603-09-14"><head><date when="1603-09-14">den 14 Septembr<ex>is</ex> <subst><del rend="overstrike"><c>☉</c></del><add><c>☿</c></add></subst></date></head><p> <foreign xml:lang="lat">mortuus est peste sartor</foreign><note type="translation">Der Schneider ist an der Pest gestorben</note>. <w>rc</w><note type="annotation" resp="ao">etc.</note></p></div>
            
            <div xml:id="E1603-09-15"><head><date when="1603-09-15">den 15 Septembr<ex>is</ex> <c>♃</c></date></head><p> nach <rs type="place">dißläe</rs> geritten, 
                den König und die Königinne angesprochen, abschiedt auf d<ex>er</ex> Jaget von ihnen genommen, hernach gehn <rs ref="register.xml#Oxford" type="place">Oxsforth</rs> geritten zum Beren seindt 1 ½ meill.</p></div>
            
            <div xml:id="E1603-09-17"><head><date when="1603-09-17">den 17 Septemb<ex>ris</ex> <c>♄</c></date></head><p> biß <rs ref="register.xml#Nettlebed" type="place">Nettelbett</rs>, <rs ref="register.xml#Henley_on_Thames" type="place">Händle</rs> flecken zum Hirsch 4
                ½ meill.</p></div>
            
            <div xml:id="E1603-09-18"><head><date when="1603-09-18">den 18 Septemb<ex>ris</ex> <c>☉</c></date></head><p> biß <rs ref="register.xml#Maidenhead" type="place">Mädenheitt</rs> zum Lewen. </p></div>
            
            <div xml:id="E1603-09-20"><head><date when="1603-09-20">den 20 Septemb<ex>ris</ex> <subst><del><c>☽</c></del><add><c>♂</c></add></subst></date></head><p> biß <rs ref="register.xml#Charlbury" type="place">Calbrugk</rs>, 
                <rs ref="register.xml#Hounslow" type="place">Hundeßlohe</rs>, 3
                meill zum Lewen.</p></div>
            
            <div xml:id="E1603-09-21"><head><date when="1603-09-21">den 21 Septembr<ex>is</ex> <c>☿</c></date></head><p> biß <rs ref="register.xml#Brentford" type="place">Brandforth</rs>, <rs ref="register.xml#London" type="place">Lunden</rs>, 2 ½ meill.</p></div>
            
            <div xml:id="E1603-09-23"><head><date when="1603-09-23">den 23 Septembr<ex>is</ex> <c>♀</c></date></head><p> <seg>auf <rs type="person">spiellmanß</rs> Muhle gezog<ex>en</ex></seg><note type="annotation">Die im Jahr 1585 von Johann Spielmann/John Spilman aus Lindau errichtete Papiermühle in Dartford</note> 4 meill.</p></div>
            
            <div xml:id="E1603-09-24"><head><date when="1603-09-24">den 24 Sept<ex>embris</ex> <c>♄</c></date></head><p> Wied<ex>er</ex> nach
                <rs ref="register.xml#London" type="place">Londen</rs>.</p></div>
            
            <div xml:id="E1603-09-25"><head><date when="1603-09-25">den 25 Sept<ex>embris</ex> <c>☉</c></date></head><p> beÿm <rs type="person">Kaufman</rs> darauß gewesen biß <rs ref="register.xml#Deptford" type="place">dettfortt</rs>
                zu <rs type="place">rugke</rs> 3 meill.</p></div>
            
            <div xml:id="E1603-09-26"><head><date when="1603-09-26">den 26 Sept<ex>embris</ex> <c>☽</c></date></head><p> biß <rs ref="register.xml#London" type="place">Lond<ex>en</ex></rs> 
                1 meill.</p></div>
            
            <div xml:id="E1603-09-28"><head><date when="1603-09-28">den 28 Sept<ex>embris</ex> <c>☿</c></date></head><p> biß <rs ref="register.xml#Northfleet" type="place">Norfliß</rs> 5 meill zur Krone.</p></div>
           
            <div xml:id="E1603-09-29"><head><date when="1603-09-29">den 29 Sept<ex>embris</ex> <c>♃</c></date></head><p> biß <rs ref="register.xml#Rochester" type="place">Rotschiester</rs>, 
                <rs ref="register.xml#Sittingbourne" type="place">Sittingborn</rs>, 3 ½ meill, biß <rs ref="register.xml#Canterbury" type="place">Canterberg</rs> zum weissen
                schwan 3 meill</p></div>
           
            <div xml:id="E1603-09-30"><head><date when="1603-09-30">den 30 Sept<ex>embris</ex> <c>♀</c></date></head><p> biß <rs ref="register.xml#Dover" type="place">dovern</rs> zur Rosen 3 meill</p></div>
            
            <pb facs="http://selbstzeugnisse.hab.de/edition/images/00062.jpg" n="29v"/>
            
            <div xml:id="E1603-10-03"><head><date when="1603-10-03">den 3 Octobr<ex>is</ex>
                <c>☽</c></date></head><p> (Franckreich) biß <rs ref="register.xml#Calais" type="place">Cales</rs> zum
                    meerweibe, 8 meÿll übers Meer</p></div>
           
            <div xml:id="E1603-10-04"><head><date when="1603-10-04">den 4 Octobr<ex>is</ex>
                <c>♂</c></date></head><p> biß <rs ref="register.xml#Marquise" type="place">Marquize</rs> dorf zum Creutz
                    2 meill.</p></div>
            
            <div xml:id="E1603-10-05"><head><date when="1603-10-05">den 5 Octobr<ex>is</ex>
                <c>☿</c></date></head><p> biß <rs ref="register.xml#Boulogne_sur_Mer" type="place">Bologne</rs> stadt, <rs ref="register.xml#Neufchatel" type="place">Neuchastel</rs>
                    dorf zum weissen winde 3 meill, biß <rs ref="register.xml#Montreuil" type="place">Montreul</rs> vestung zum Jegerhorn 2 meill <foreign xml:lang="lat">fac<ex>it</ex> </foreign><note type="translation" resp="as">ergibt</note> 5.</p></div>
            
            <div xml:id="E1603-10-06"><head><date when="1603-10-06">den 6 Octobr<ex>is</ex>
                <c>♃</c></date></head><p> biß <rs ref="register.xml#Berck" type="place">Berne</rs> dorf 2 ½ meill biß
                    <rs ref="register.xml#Abbeville" type="place">Abbaville</rs> stadt zu <seg>S<ex>anct</ex> Gean</seg><note type="annotation">S<ex>anc</ex>t Jean</note>, 2 ½ meill <foreign xml:lang="lat">fac<ex>it</ex> </foreign><note type="translation" resp="as">ergibt</note> 5.</p></div>
            
            <div xml:id="E1603-10-07"><head><date when="1603-10-07">den 7 Octobr<ex>is</ex>
                <c>♀</c></date></head><p> biß <rs ref="register.xml#Flixecourt" type="place">Vlissecourt</rs> fleck<ex>en,</ex> <rs ref="register.xml#Picquigny" type="place">Pinquinÿ</rs> stadt, 
                    <rs ref="register.xml#Amiens" type="place">Amiens</rs> flecken <seg>All Ave Maria</seg><note type="annotation">Wirtshaus in Amiens</note> 5 meill alda
                    zubesehen die schönste <del rend="overstrike">vestung</del> <w>Kirche</w><note type="annotation">Kathedrale von Amiens</note> in Franckreich.</p></div>
            
            <div xml:id="E1603-10-08"><head><date when="1603-10-08">den 8 Octobr<ex>is</ex> <c>♄</c> </date></head><p>biß <rs ref="register.xml#Escaudoeuvres" type="place">Esquenoul</rs> fleck<ex>en</ex>, 
                <rs ref="register.xml#Bertry" type="place">Berteulle</rs> fleck<ex>en</ex> zum Engell, 3 ½ meill. </p></div>
            
            <div xml:id="E1603-10-10"><head><date when="1603-10-10">den 10 Octobr<ex>is</ex>
                <c>☽</c></date></head><p> biß <rs ref="register.xml#Clairembot" type="place">Clairemont</rs> zum gulden<ex>en</ex> Lewen 3 ½ meill.</p></div>
            
            <div xml:id="E1603-10-11"><head><date when="1603-10-11">den 11 Octobr<ex>is</ex>
                <c>♂</c></date></head><p> biß <rs ref="register.xml#Creil" type="place">Creil</rs> flecken mitt einem
                    schlosse, <rs ref="register.xml#Luzarches" type="place">Luzarche</rs> fleck<ex>en</ex> al Esquize 3 ½ meill.</p></div>
            
            <div xml:id="E1603-10-12"><head><date when="1603-10-12">den 12 Octobr<ex>is</ex>
                <c>☿</c></date></head><p> biß <rs ref="register.xml#Saint_Denis" type="place">S<ex>anct</ex> Diosni</rs> 2 ½ meill alda
                    besehen die <w>Kirche</w><note type="annotation">Kathedrale von Saint-Denis</note> darinnen vielle Könige von franckreich begraben, reliquiae,
                    Edelgesteine, <w>Einhorn</w><note type="annotation">Narwalzahn, der für das Horn eines Einhorns gehalten wurde</note>, Judas Leuchte, Nagell vom <seg>┼</seg><note type="annotation">Kreuz</note> Christi zubesehen, <foreign xml:lang="fr">a
                        L´espe Royale</foreign>, biß <rs ref="register.xml#Paris" type="place">Paris</rs> zur Rosen <foreign xml:lang="fr">alla rue d´Harpe</foreign> 1 ½. <c type="accent">x</c><note type="annotation">Schluss- oder Betonungszeichen</note></p></div>
            
            <div xml:id="E1603-10-14"><head><date when="1603-10-14">den 14 Octobr<ex>is</ex>
                <c>♀</c></date></head><p> deß <rs ref="register.xml#Heinrich_IV." type="person">Königß</rs> <rs type="libri"><w>Bibliotheck</w><note type="annotation">Heute die Bibliothèque nationale de France</note></rs>
                    besehen.</p></div>
            
            <div xml:id="E1603-10-24"><head><date when="1603-10-24">den 24 Octobr<ex>is</ex>
                <c>☽</c></date></head><p> die Post gehn <rs ref="register.xml#Fontainebleau" type="place">Fontenbleu</rs>
                    geritten in 6 stund<ex>en</ex>, seindt 7 meill.</p></div>
            
            <div xml:id="E1603-10-25"><head><date when="1603-10-25">den 25 Octobr<ex>is</ex>
                <c>♂</c></date></head><p> beÿm König <rs ref="register.xml#Heinrich_IV." type="person">Henrico 4</rs> audientz gehabtt biß <rs ref="register.xml#Sevres" type="place">Severize</rs> 5 meill</p></div>
            
            <div xml:id="E1603-10-26"><head><date when="1603-10-26">den 26 Octobr<ex>is</ex>
                <c>☿</c></date></head><p> biß <del rend="overstrike"> <rs ref="register.xml#Sevres" type="place">Severize</rs></del> <add place="above"><rs ref="register.xml#Paris" type="place">Pariß</rs></add> 2 meill die Post zurugke biß <rs ref="register.xml#Saint_Germain_en_Laye" type="placec">S<ex>anct</ex> Germain</rs> schön schloß<note type="annotation">Schloss Saint-Germain-en-Laye</note> und
                    stadt 3 meÿll</p></div>
            
            <div xml:id="E1603-10-27"><head><date when="1603-10-27">den 27 Octobr<ex>is</ex>
                <c>♃</c></date></head><p> beseh<ex>en</ex> d<ex>a</ex>z <w>schlos</w><note type="annotation">Schloss Saint-Germain-en-Laye</note>, die <w>fontaine</w><note type="translation">Brunnen</note>, gemächer, den Jungen <seg><rs ref="register.xml#Ludwig_XIII." type="person">doulphin</rs></seg><note type="annotation">Dauphin hieß der jeweilige Thronerbe des Königs von Frankreich. <ref target="https://de.wikipedia.org/wiki/Dauphin_(Adel)">Wikipedia</ref></note>
                    und die Junge <rs ref="register.xml#Elisabeth_von_Frankreich" type="person">Princessin</rs></p></div>
            
            <pb facs="http://selbstzeugnisse.hab.de/edition/images/00063.jpg" n="30r"/>
            
            <div xml:id="E1603-10-29"><note place="margin-right">3</note><head><date when="1603-10-29">den 29 Octobris <c>♄</c></date></head><p> biß <rs type="place">Clef</rs> 3 meill <w>all Ehcu</w><note type="translation">Zum Schild</note>.</p></div>
            
            <div xml:id="E1603-10-30"><note place="margin-right">8 ½</note> <head><date when="1603-10-30">den 30 Octobr<ex>is</ex> <c>☉</c></date></head><p> biß <rs ref="register.xml#Meaux" type="place">Meaux</rs> flecken, <seg>Monsau
                schloß</seg><note type="annotation">Heutige Ruinen des Schlosses Montceaux, auch Château des Reines</note> so d<ex>er</ex> <rs ref="register.xml#Gabrielle_Estrees" type="person">Gabrielen</rs> zugehörett, <rs ref="register.xml#La_Ferte_sous_Jouarre" type="place">La vertè</rs> flecken zum
                schwerdt sein 4 meil biß <rs ref="register.xml#Charly_sur_Marne" type="place">Scharlÿ</rs> zur Lilien 1 ½ <foreign xml:lang="lat">fac<ex>it</ex> </foreign><note type="translation" resp="as">ergibt</note> 5 ½ .
                <c type="accent">x</c><note type="annotation">Schluss- oder Betonungszeichen</note></p></div>
            
            <div xml:id="E1603-10-31"><note place="margin-right">13</note> <head><date when="1603-10-31">den 31 Octobris <c>☽</c></date></head><p> biß <rs ref="register.xml#Chateau_Thierry" type="place">Schasteauteri</rs> flecken, 
                <rs ref="register.xml#Dormans" type="place">dorman</rs> flecken zum Lewen 3 ½ meill biß <rs ref="register.xml#Port_a_Binson" type="place">Leporteapesson</rs>
                1 meill <foreign xml:lang="lat">fac<ex>it</ex> </foreign><note type="translation" resp="as">ergibt</note> 4 ½ meill.</p></div>
            
            <div xml:id="E1603-11-01"><note place="margin-right">18</note> <head><date when="1603-11-01">den 1 Novembr<ex>is</ex>
                <c>♂</c></date></head><p> biß <rs ref="register.xml#Epernay" type="place">Esperne</rs> flecken, <w>Bonazimar</w><note type="annotation">Der Ort konnte nicht identifiziert werden. Da August sich zu diesem Zeitpunkt am Fluß Marne befindet, wird er dort vermutet</note>
                    3 ½ meill, biß <rs ref="register.xml#Chalons_en_Champagne" type="place">Schallon</rs> stadt zum Beeren 1 ½ meill <foreign xml:lang="lat">fac<ex>it</ex> </foreign><note type="translation" resp="as">ergibt</note>
                    5.</p></div>
            
            <div xml:id="E1603-11-02"><note place="margin-right">23</note> <head><date when="1603-11-02">den 2 Novembr<ex>is</ex>
                <c>☿</c></date></head><p> biß <rs type="place">Rugemaison</rs> 3 ½ meÿll, biß
                    <rs ref="register.xml#Nettancourt" type="place">Tancourt</rs> 1 ½ meill <foreign xml:lang="lat">fac<ex>it</ex> </foreign><note type="translation" resp="as">ergibt</note> 5. (lottringisch gebieth) <foreign xml:lang="lat">fac<ex>it</ex> </foreign><note type="translation" resp="as">ergibt</note> 5.</p></div>
            
            <div xml:id="E1603-11-03"><note place="margin-right">27</note> <head><date when="1603-11-03">den 3 Novembr<ex>is</ex>
                <c>♃</c></date></head><p> biß <rs ref="register.xml#Bar_le_Duc" type="place">Barleduc</rs> schlos und stadt
                    zum Pflueg 2 meill biß <rs type="place">Grannansoil</rs> flecken 2 meill <foreign xml:lang="lat">fac<ex>it</ex> </foreign><note type="translation" resp="as">ergibt</note>
                    4.</p></div>
            
            <div xml:id="E1603-11-04"><note place="margin-right">31 ½</note> <head><date when="1603-11-04">den 4 Novembr<ex>is</ex>
                <c>♀</c></date></head><p> biß <rs ref="register.xml#Saint_Aubin_sur_Aire" type="place">S<ex>anct</ex> Obein</rs> <rs ref="register.xml#Menil_la_Horgne" type="place">Menelahorni</rs>,
                    <rs ref="register.xml#Void_Vacon" type="place">Wohe</rs>, <rs ref="register.xml#Pagny_sur_Meuse" type="place">Pane</rs> fleck<ex>en</ex> <w>all Ehcu</w><note type="translation">Zum Schild</note> 3 ½ meill biß <rs ref="register.xml#Foug" type="place">S<ex>anct</ex> Fu</rs> fleck<ex>en</ex>, <rs ref="register.xml#Toul" type="place">Tu</rs> reichstadt, 2 meill zur Lilien</p></div>
            
            <div xml:id="E1603-11-05"><note place="margin-right">35 ½</note> <head><date when="1603-11-05">den 5 Novembr<ex>is</ex> <c>♄</c></date></head><p> biß <rs ref="register.xml#Nancy" type="place">Nanzi</rs> 3 meill grosse
                stadt, biß <rs ref="register.xml#Saint-Nicolas-de-Port" type="place">S<ex>anct</ex> Nicola</rs> 1 meill <foreign xml:lang="lat">fac<ex>it</ex> </foreign><note type="translation" resp="as">ergibt</note> 4 zum Oxenhorn. </p></div>
            
            <div xml:id="E1603-11-06"><note place="margin-right">40 ½</note> <head><date when="1603-11-06">den 6 Novembr<ex>is</ex> <c>☉</c></date></head><p> biß <rs ref="register.xml#Luneville" type="place">Neville</rs> flecken,
                <rs type="place">schöflen</rs> flecken zum guld<ex>en</ex> lewen 4 meil. biß <rs ref="register.xml#Blamont" type="place">Blaumont</rs> od<ex>er</ex> <rs ref="register.xml#Blamont" type="place">Blanckenberg</rs> 1 meill <foreign xml:lang="lat">fac<ex>it</ex> </foreign><note type="translation" resp="as">ergibt</note> 5 zur
                Kronen.</p></div>
            
            <div xml:id="E1603-11-07"><note place="margin-right">45 ½</note> <head><date when="1603-11-07">den 7 Novembr<ex>is</ex>
                <c>☽</c></date></head><p> biß <rs ref="register.xml#Saint_Georges" type="place">S<ex>aint</ex> Georg</rs>, biß <rs ref="register.xml#Saarburg" type="place">sarburgk</rs> 3 meill zur Kronen, biß <rs ref="register.xml#Phalsbourg" type="place">Pfaltzburgk</rs> 2 meill <foreign xml:lang="lat">fac<ex>it</ex> </foreign><note type="translation" resp="as">ergibt</note> 5 vorm Tohr.</p></div>
            
            <div xml:id="E1603-11-08"><note place="margin-right">50 ½</note> <head><date when="1603-11-08">den 8 Novembr<ex>is</ex>
                <c>♂</c></date></head><p> biß <rs ref="register.xml#Zabern" type="place">Zabern</rs>, <rs ref="register.xml#Schnersheim" type="place">wilten snersen dorf</rs>
                    3 meill, biß <rs ref="register.xml#Strassburg" type="place">straßburgk</rs> 2 meill <foreign xml:lang="lat">fac<ex>it</ex> </foreign><note type="translation" resp="as">ergibt</note> 5.</p></div>
            
            <div xml:id="E1603-11-24"><head><date when="1603-11-24">den 24 Novembr<ex>is</ex>
                <c>♃</c></date></head><p> der <rs type="person">Frantzösische Lagkeÿ</rs> mitt
                    dem gelde entlaufen. <foreign xml:lang="lat">m<ex>anu</ex> p<ex>ropria</ex></foreign><note type="translation" resp="as">eigenhändig</note></p></div>
            
            <div xml:id="E1603-12-04"><note place="margin-right">4</note> <head><date when="1603-12-04">den 4 Decembr<ex>is</ex> <c>☉</c></date></head><p> biß <rs ref="register.xml#Stollhofen" type="place">stolhofen</rs> zum Lewen, 4
                meÿll.</p></div>
            
            <div xml:id="E1603-12-05"><note place="margin-right">9</note> <head><date when="1603-12-05">den 5 Decemb<ex>ris</ex>
                <c>☽</c></date></head><p> biß <rs ref="register.xml#Rastatt" type="place">Rastadt</rs> 2 meÿll biß
                    <rs ref="register.xml#Durlach" type="place">durlach</rs> 3 meÿll <foreign xml:lang="lat">fac<ex>it</ex> </foreign><note type="translation" resp="as">ergibt</note> 5.</p></div>
            
            <div xml:id="E1603-12-07"><note place="margin-right">11</note> <head><date when="1603-12-07">den 7 Decemb<ex>ris</ex>
                <c>☿</c></date></head><p> biß <rs ref="register.xml#Pforzheim" type="place">Pfortzheim</rs> zum gulden
                    Adler 2 meyll</p></div>
            
            <div xml:id="E1603-12-08"><note place="margin-right">14</note> <head><date when="1603-12-08">den 8 Decembr<ex>is</ex>
                <c>♃</c></date></head><p> biß <rs ref="register.xml#Leonberg" type="place">Leonberg</rs> zum Oxen 3
                    meÿll</p></div>
            
            <pb facs="http://selbstzeugnisse.hab.de/edition/images/00064.jpg" n="30v"/>
            
            <div xml:id="E1603-12-09"><note place="margin-left">17</note> <head><date when="1603-12-09">den 9 Decembr<ex>is</ex>
                <c>♀</c></date></head><p> biß <rs ref="register.xml#Tuebingen" type="place">Tybingen</rs> 3 meÿll</p></div>
           
            <div xml:id="E1603-12-14"><note place="margin-left">19</note> <head><date when="1603-12-14">den 14 Decembr<ex>is</ex>
                <c>☿</c></date></head><p> biß <rs ref="register.xml#Weil_der_Stadt" type="place">Weÿlerstadt</rs>, <rs type="place">Maltze<ex>n</ex>dorf</rs>, 2 meÿll</p></div>
           
            <div xml:id="E1603-12-15"><note place="margin-left">23</note> <head><date when="1603-12-15">den 15 Decembr<ex>is</ex>
                <c>♃</c></date></head><p> biß <rs ref="register.xml#Niefern_Oeschelbronn" type="place">Nifern</rs> dorf 2 meÿll, biß
                    <rs ref="register.xml#Bretten" type="place">Bretta</rs> stadt zur Kronen 2 meyll <foreign xml:lang="lat">fac<ex>it</ex> </foreign><note type="translation" resp="as">ergibt</note> 4.</p></div>
           
            <div xml:id="E1603-12-16"><note place="margin-left">28</note> <head><date when="1603-12-16">den 16 Decembr<ex>is</ex>
                <c>♀</c></date></head><p> biß <rs ref="register.xml#Bad_Langenbruecken" type="place">Langbrucken</rs> 2 ½ meyll biß
                    <rs ref="register.xml#Heidelberg" type="place">heidelbergk</rs> 2 ½ meill <foreign xml:lang="lat">fac<ex>it</ex> </foreign><note type="translation" resp="as">ergibt</note> 5</p></div>
            
            <div xml:id="E1603-12-21"><note place="margin-left">36 ½</note> <head><date when="1603-12-21">den 21 Decembr<ex>is</ex>
                <c>♃</c>
                <c>☿</c></date></head><p> biß <rs ref="register.xml#Bergheim" type="place">Brentzheimb</rs> stadt
                    <rs ref="register.xml#Eberstadt" type="place">Eberstadt</rs> 7 meyll biß <del rend="overstrike">Langerna</del> 
                    <rs ref="register.xml#Darmstadt" type="place">darmstadt</rs>, <rs ref="register.xml#Langen" type="place">Langern</rs> 1 ½ meyll</p></div>
           
            <div xml:id="E1603-12-22"><note place="margin-left">41</note> <head><date when="1603-12-22">den 22 Decembr<ex>is</ex>
                <c>♃</c></date></head><p> biß <rs ref="register.xml#Frankfurt_am_Main" type="place">Franckfort am Maÿn</rs>, biß
                    <rs ref="register.xml#Bad_Vilbel" type="place">Felbel dorf</rs> 2 ½ meyl biß <rs ref="register.xml#Friedberg" type="place">Friedeberg</rs> zum Oxen 2 meyl <foreign xml:lang="lat">fac<ex>it</ex> </foreign><note type="translation" resp="as">ergibt</note> 4 ½
                    meill</p></div>
            
            <div xml:id="E1603-12-23"><note place="margin-left">44</note> <head><date when="1603-12-23">den 23 Decembr<ex>is</ex>
                <c>♀</c></date></head><p> biß <rs ref="register.xml#Butzbach" type="place">Putzbach</rs>, <rs ref="register.xml#Giessen" type="place">Giesse<ex>n</ex></rs> zum Einhorn 3 meÿll</p></div>
            
            <div xml:id="E1603-12-24"><note place="margin-left">47</note> <head><date when="1603-12-24">den 24 Decembr<ex>is</ex> <c>♄</c></date></head><p> biß <rs ref="register.xml#Marburg" type="place">Marpurgk</rs> 3 meyl</p></div>
           
            <div xml:id="E1603-12-28"><note place="margin-left"><subst><del rend="overstrike">4</del><add>50</add></subst></note><head><date when="1603-12-28">den 28 Decembr<ex>is</ex>
                <c>☿</c></date></head><p> biß <rs ref="register.xml#Gilserberg" type="place">Kilterbergk</rs> dorf 3
                    meÿll</p></div>
           
            <div xml:id="E1603-12-29"><note place="margin-left">54</note> <head><date when="1603-12-29">den 29 Decembr<ex>is</ex>
                <c>♃</c></date></head><p> biß <rs ref="register.xml#Fritzlar" type="place">vorßler</rs>, <rs ref="register.xml#Gudensberg" type="place">Gudenßbergk</rs>
                    städtlein 4 meill</p></div>
           
            <div xml:id="E1603-12-30"><note place="margin-left">56</note> <head><date when="1603-12-30">den 30 Decembr<ex>is</ex>
                <c>♀</c></date></head><p> biß <rs ref="register.xml#Kassel" type="place">Cassell</rs> 2 meÿll,</p></div>
        </body>
    </text>
</TEI>