<?xml version="1.0" encoding="UTF-8"?><TEI xmlns="http://www.tei-c.org/ns/1.0" xmlns:xi="http://www.w3.org/2001/XInclude" next="1607.xml" n="1606" prev="1605.xml" type="edition">
    <teiHeader>
        <fileDesc><titleStmt><title>
          Herzog August der Jüngere von Braunschweig-Wolfenbüttel (1579-1666): Ephemerides. Sive Diarium (1594-1635)
           – 1606</title><principal ref="https://doi.org/10.1515/editio-2016-0009">Inga Hanna Ralle</principal><funder ref="http://d-nb.info/gnd/5055588-1">Niedersächsisches Ministerium für Wissenschaft und Kultur</funder><respStmt><name>Jacqueline Krone</name><resp>Metadaten, Recherche und Korrektur</resp></respStmt><respStmt><name ref="http://orcid.org/0000-0001-9292-5673">David Maus</name><resp>Technische Konzeption und Begleitung</resp></respStmt></titleStmt><publicationStmt><publisher><name ref="http://d-nb.info/gnd/8989-8">Herzog August Bibliothek Wolfenbüttel</name></publisher><pubPlace>Wolfenbüttel</pubPlace><date when="2017">2017</date><availability><licence target="https://creativecommons.org/licenses/by-sa/4.0/">CC-BY-SA 4.0</licence></availability></publicationStmt><sourceDesc><bibl>
          Herzog August der Jüngere von Braunschweig-Wolfenbüttel (1579-1666): Ephemerides. Sive Diarium (1594-1635). Herzog
          August Bibliothek, Signatur: Cod.  Guelf. 42.19 Aug. 2°
        </bibl></sourceDesc></fileDesc>
    </teiHeader>
    <text>
        <body>
            <div><head facs="http://selbstzeugnisse.hab.de/edition/images/00071.jpg" n="34r">Anno 1606.</head></div>
            
            <div xml:id="E1606-01-07"><head><date when="1606-01-07">den 7 Januar<ex>i</ex>
                    <c>♂</c>,</date></head><p> gehn <rs ref="register.xml#Neuhaus" type="place">Ambt<ex>en</ex> Newhauß</rs> gezog<ex>en</ex> seindt 2 meyll.</p></div>
            
            <div xml:id="E1606-01-11"><head><date when="1606-01-11">d<ex>e</ex>n 11 Januar<ex>i</ex> <c>♄</c></date></head><p> wiederumb gehn
                <rs ref="register.xml#Hitzacker" type="place">Hitzker</rs>.</p></div>
            
            <pb facs="http://selbstzeugnisse.hab.de/edition/images/00072.jpg" n="34v"/>
            
            <div xml:id="E1606-01-14"><head><date when="1606-01-14">den 14 Januar<ex>i</ex>
                <c>♂</c>,</date></head><p> biß <rs ref="register.xml#Neuhaus" type="place">Newhauß</rs>, <rs ref="register.xml#Plueschow" type="place">Pluchern</rs>, im
                    <rs ref="register.xml#Mecklenburg_Vorpommern" type="place">landt Mecklenburgk</rs> geleg<ex>en</ex>, <rs ref="register.xml#Godern" type="place">Godaw</rs>. 6. meÿll.</p></div>
            
            <div xml:id="E1606-01-18"><head><date when="1606-01-18">d<ex>e</ex>n 18 Januari <c>♄</c>,</date></head><p> biß <rs ref="register.xml#Moelln" type="place">Müllen</rs>; 
                <rs ref="register.xml#Ankershagen" type="place">Ancker</rs>, 
                    <rs ref="register.xml#Krummesse" type="place">Cromeß</rs>, <rs ref="register.xml#Luebeck" type="place">Lübeck</rs>, in die
                Hamburger Herberger. 5 meÿll.</p></div>
            
            <div xml:id="E1606-01-20"><head><date when="1606-01-20">den 20 Jan<ex>uari</ex>
                    <c>☽</c>,</date></head><p> biß <rs ref="register.xml#Krummesse" type="place">Cremeß</rs>, 1 meÿll.</p></div>
            
            <div xml:id="E1606-01-21"><head><date when="1606-01-21">d<ex>e</ex>n 21 Januar<ex>i</ex>
                <c>♂</c></date></head><p> biß <rs ref="register.xml#Sarow" type="place">Sarow</rs> 2 meill; biß
                        <rs ref="register.xml#Marienthal" type="place">Marienthall</rs> 2 meyll <foreign xml:lang="lat">fac<ex>it</ex> </foreign><note type="translation" resp="as">ergibt</note> 4.</p></div>
            
            <div xml:id="E1606-01-22"><head><date when="1606-01-22">den 22 Januar<ex>i</ex>
                <c>☿</c></date></head><p> biß <rs ref="register.xml#Lauenburg" type="place">Lawenburgk</rs>, <rs ref="register.xml#Scharnebeck" type="place">Scharnebeck</rs>, 5
                    meÿll.</p></div>
            
            <div xml:id="E1606-01-24"><head><date when="1606-01-24">d<ex>e</ex>n 24 Januar<ex>i</ex>
                    <c>♀</c></date></head><p> biß <rs ref="register.xml#Hitzacker" type="place">Hitzker</rs> 5 meill.</p></div>
            
            <div xml:id="E1606-01-29"><head><date when="1606-01-29">den 29 Jan<ex>uari</ex>
                    <c>☿</c>;</date></head><p> Meineß <rs type="person">Reittschmiedes</rs> und
                            d<ex>er</ex> <rs type="person">spinnerschen</rs> verlöbnuß gewesen.</p></div>
            
                <div xml:id="E1606-04-18"><head type="margin-left"><foreign xml:lang="lat">N<ex>ota</ex>B<ex>ene</ex></foreign><note type="translation" resp="as">wohlgemerkt, übrigens</note> <date when="1606-04-18">den 18 Aprilis
                        <c>♀</c>,</date></head><p> <foreign xml:lang="lat">nata est quarta sororis filia, <rs type="person">Clara</rs>, hor<ex>am</ex> 11.30, p<ex>ost</ex> m<ex>eridiem</ex></foreign><note type="translation">Um 23:30 Uhr ist Clara die vierte Tochter meiner <rs ref="register.xml#Sibylle_El_Ol" type="person">Schwester</rs> Clara geboren worden</note></p></div>
            
            <div xml:id="E1606-05-24"><head><date when="1606-05-24">den 24 Maÿ <c>♄</c></date></head><p> biß <rs ref="register.xml#Scharnebeck" type="place">Scharnebeck</rs> 5 meyll.</p></div>
            
            <div xml:id="E1606-05-25"><head><date when="1606-05-25">den 25 Maÿ <c>☉</c></date></head><p> biß <rs ref="register.xml#Lueneburg" type="place">Luneburgk</rs> 1 meill 
                    zum gulden stern; alda besehen d<ex>a</ex>z Rahthauß<ex>e</ex>.</p></div>
            
            <div xml:id="E1606-05-26"><head><date when="1606-05-26">den 26 Maÿ <c>☽</c></date></head><p> biß <rs ref="register.xml#Schneverdingen" type="place">Schneverding</rs> 5
                    meill, biß <rs ref="register.xml#Neuenkirchen" type="place">Newkirchen</rs> 1 meill <foreign xml:lang="lat">fac<ex>it</ex> </foreign><note type="translation" resp="as">ergibt</note> 6.</p></div>
            
            <div xml:id="E1606-05-27"><head><date when="1606-05-27">den 27 Maÿ <c>♂</c></date></head><p> biß <rs ref="register.xml#Langwedel" type="place">Langwedell</rs> 4
                    meill, biß <rs ref="register.xml#Bremen" type="place">Bremen</rs> 3 meill inß <seg>Bischofs hof</seg><note type="annotation">Palatium (Bremen)</note>.</p></div>
            
            <div xml:id="E1606-05-28"><head><date when="1606-05-28">den 28 Maÿ <c>☿</c>,</date></head><p> biß <rs ref="register.xml#Delmenhorst" type="place">Delmenhorst</rs>. 1
                    meyll.</p></div>
            
                <div xml:id="E1606-06-01"><head><date when="1606-06-01">den 1 Junÿ <c>☉</c></date></head><p> die <seg>Kindtaufe gehalt<ex>en</ex></seg><note>Anna, Tochter von <rs ref="register.xml#Sibylle_El_Ol" type="person">Sibylle Elisabeth von Braunschweig-Dannenberg</rs> und <rs ref="register.xml#Anton_II." type="person">Anton II. von Oldenburg-Delmenhorst</rs>, geb. 02.03.1605</note>.</p></div>
            
            <div xml:id="E1606-06-11"><head><date when="1606-06-11">den 11 Junÿ <c>☿</c></date></head><p> biß <rs ref="register.xml#Heiligenrode" type="place">Heÿligen Rade</rs>,
                    <rs ref="register.xml#Syke" type="place">Sicke</rs>, <rs ref="register.xml#Bruchhausen-Vilsen" type="place">Bruchausen</rs>, <rs ref="register.xml#Hoya" type="place">Hoye</rs>, 5 meill.</p></div>
            
            <div xml:id="E1606-06-12"><head><date when="1606-06-12">den 12 Junÿ <c>♃</c></date></head><p> biß <rs ref="register.xml#Rethem" type="place">Rethem</rs>, <rs ref="register.xml#Dueshorn" type="place">düßhorn</rs>
                    4 meill. biß <rs ref="register.xml#Bergen" type="place">Bergen</rs> 2 meill <foreign xml:lang="lat">fac<ex>it</ex> </foreign><note type="translation" resp="as">ergibt</note> 6.</p></div>
            
            <div xml:id="E1606-06-13"><head><date when="1606-06-13">den 13 Junÿ <c>♀</c></date></head><p> biß <rs ref="register.xml#Dreilingen" type="place">Dreÿling</rs> 3
                    meill biß <rs ref="register.xml#Uelzen" type="place">Ultzen</rs> 2 meill <foreign xml:lang="lat">fac<ex>it</ex> </foreign><note type="translation" resp="as">ergibt</note> 5.</p></div>
            
            <pb facs="http://selbstzeugnisse.hab.de/edition/images/00073.jpg" n="35r"/>
            
            <div xml:id="E1606-06-14"><head><date when="1606-06-14">den 14 Junÿ <c>♄</c>,</date></head><p> biß <rs ref="register.xml#Hitzacker" type="place">Hitzger</rs> 5 meyll.</p></div>
            
            <div xml:id="E1606-08-12"><head><date when="1606-08-12">den 12 Aug<ex>usti</ex>
                    <c>♂</c></date></head><p> biß <rs ref="register.xml#Scharnebeck" type="place">Scharnebeck</rs>. 5.</p></div>
            
            <div xml:id="E1606-08-13"><head><date when="1606-08-13">d<ex>e</ex>n 13 Aug<ex>usti</ex>
                    <c>☿</c></date></head><p> biß <rs ref="register.xml#Pattensen" type="place">Pattensen</rs> 3 meyll, biß
                            <rs ref="register.xml#Harburg" type="place">Harburgk</rs> 3 meyll <foreign xml:lang="lat">fac<ex>it</ex> </foreign><note type="translation" resp="as">ergibt</note> 6</p></div>
            
            <div xml:id="E1606-08-14"><head><date when="1606-08-14">den 14 Aug<ex>usti</ex>
                <c>♃</c></date></head><p> die begrebniß H<ex>errn</ex> <rs ref="register.xml#Christoph_von_Braunschweig_Lueneburg_Harburg" type="person">Christoffeß von Luneburgk</rs>, gehalt<ex>en</ex>.</p></div>
            
            <div xml:id="E1606-08-16"><head><date when="1606-08-16">den 16 Aug<ex>usti</ex> <c>♄</c></date></head><p> biß <rs ref="register.xml#Scharnebeck" type="place">Scharnebeck</rs> 6 meÿll.</p></div>
            
            <div xml:id="E1606-08-18"><head><date when="1606-08-18">den 18 Aug<ex>usti</ex>
                    <c>☽</c></date></head><p> biß <rs ref="register.xml#Hitzacker" type="place">Hitzger</rs> 5 meill.</p></div>
            
            <div xml:id="E1606-08-20"><head><date when="1606-08-20">den 20 Aug<ex>usti</ex>
                    <c>☿</c></date></head><p> biß <rs ref="register.xml#Medingen" type="place">Meding</rs> 3 meill.</p></div>
            
            <div xml:id="E1606-08-25"><head><date when="1606-08-25">den 25 Aug<ex>usti</ex>
                    <c>☽</c></date></head><p> biß <rs ref="register.xml#Hitzacker" type="place">Hitzger</rs> 3 meyll.</p></div>
            
            <div xml:id="E1606-09-28"><head><date when="1606-09-28">d<ex>e</ex>n 28 7bris <c>☉</c></date></head><p> Meineß <rs type="person">Schmiedes</rs> Hochzeitt gehalten.</p></div>
            
            <div xml:id="E1606-10-14"><head><date when="1606-10-14">den 14 8bris <c>♂</c></date></head><p> biß <rs ref="register.xml#Neu_Darchau" type="place">Darchow</rs> über
                    die Elbe, <rs ref="register.xml#Boizenburg" type="place">Peutzenborg</rs> 4 meyll.</p></div>
            
            <div xml:id="E1606-10-15"><head><date when="1606-10-15">d<ex>e</ex>n 15 8bris <c>☿</c></date></head><p> biß <rs ref="register.xml#Scharnebeck" type="place">Scharnebeck</rs> 2 meyll.</p></div>
            
            <div xml:id="E1606-10-17"><head><date when="1606-10-17">d<ex>e</ex>n 17 8bris <c>♀</c></date></head><p> gehn <rs ref="register.xml#Hitzacker" type="place">Hitzger</rs>.</p></div>
            
            <div xml:id="E1606-11-03"><head><date when="1606-11-03">den 3 9bris <c>☽</c></date></head><p> biß <rs ref="register.xml#Grabow" type="place">Grabow</rs> 4
                    meyl.</p></div>
            
            <div xml:id="E1606-11-04"><head><date when="1606-11-04">den 4 9bris <c>♂</c></date></head><p> biß <rs ref="register.xml#Parchim" type="place">Parchem</rs> 3
                    meyll. biß <rs ref="register.xml#Dobbertin" type="place">Dobbertin</rs> 3 meyll <foreign xml:lang="lat">fac<ex>it</ex> </foreign><note type="translation" resp="as">ergibt</note> 6.</p></div>
            
            <div xml:id="E1606-11-05"><head><date when="1606-11-05">den 5 9bris <c>☿</c></date></head><p> biß <rs ref="register.xml#Dargun" type="place">Dragun</rs> Kloster
                    6 meyll, zum newen Krug, welches 2 meyll davon, gefuttertt.</p></div>
            
            <div xml:id="E1606-11-07"><head><date when="1606-11-07">den 7 9bris <c>♀</c></date></head><p> biß <rs ref="register.xml#Demmin" type="place">Damin</rs> stadt, 1
                    meyll, <rs ref="register.xml#Klempenow" type="place">Klenpenaw</rs> f<ex>ürst</ex>l<ex>iches</ex> schloß, 3 meyll <foreign xml:lang="lat">fac<ex>it</ex> </foreign><note type="translation" resp="as">ergibt</note> 4, <foreign xml:lang="lat">ibi fuit
                            &amp; vidi, &amp; initium factum</foreign><note type="translation">Es war und ich sah, und es war der Anfang gemacht</note>.</p></div>
           
            <div xml:id="E1606-11-08"><head><date when="1606-11-08">d<ex>e</ex>n 8 9bris <c>♄</c></date></head><p> biß zur Osten <add place="above">zurugk</add>, 1 meyll.</p></div>
            
            <div xml:id="E1606-11-09"><head><date when="1606-11-09">den 11 9bris <c>♂</c></date></head><p> biß <rs ref="register.xml#Stolpe" type="place">Stolpe</rs> 3
                    meyll</p></div>
            
            <div xml:id="E1606-11-12"><head><date when="1606-11-12">den 12 9bris <c>☿</c></date></head><p> biß <rs ref="register.xml#Anklam" type="place">Anckelem</rs>,
                    <rs ref="register.xml#Bugewitz" type="place">Pogaritz</rs>, Krugk, <rs ref="register.xml#Ueckermuende" type="place">ükermunde</rs> fl<ex>ecken</ex> schloß 4 meyll</p></div>
            
            <pb facs="http://selbstzeugnisse.hab.de/edition/images/00074.jpg" n="35v"/>
            
            <div xml:id="E1606-11-13"><head><date when="1606-11-13">den 13 9bris <c>♃</c></date></head><p> biß
                    <rs ref="register.xml#Falkenwalde" type="place">Franckenwalde</rs>, 5 meyll. Alten <rs ref="register.xml#Stettin" type="place">Stetin</rs>, 2 meyll <foreign xml:lang="lat">fac<ex>it</ex> </foreign><note type="translation" resp="as">ergibt</note> 7.</p></div>
            
                <div xml:id="E1606-11-19"><head><date when="1606-11-19">d<ex>e</ex>n 19 9bris <c>☿</c></date></head><p> biß <rs ref="register.xml#Falkenwalde" type="place">Falckenwalde</rs>, <rs ref="register.xml#Gross_Muetzelburg" type="place">Musselborg</rs> 4 meyll.</p></div>
            
            <div xml:id="E1606-11-20"><head><date when="1606-11-20">den 20 9bris <c>♃</c></date></head><p> biß <rs ref="register.xml#Ueckermuende" type="place">Ükermunde</rs>,
                    <rs ref="register.xml#Bugewitz" type="place">Pogaritz</rs> 5 meyll, durch <rs ref="register.xml#Anklam" type="place">Anckelem</rs> stadt, biß <rs ref="register.xml#Stolpe" type="place">Stolpe</rs> 2 meyll <foreign xml:lang="lat">fac<ex>it</ex> </foreign><note type="translation" resp="as">ergibt</note> 7.</p></div>
            
            <div xml:id="E1606-11-21"><head><date when="1606-11-21">den 21 9bris <c>♀</c></date></head><p> biß <rs ref="register.xml#Wolgast" type="place">Wollgast</rs> 3
                    m<ex>eill</ex></p></div>
            
            <div xml:id="E1606-11-25"><head><date when="1606-11-25">den 25 9bris <c>♂</c> </date></head><p>biß <rs ref="register.xml#Loitz" type="place">Loitz</rs> 5
                    meyll.</p></div>
            
            <div xml:id="E1606-11-26"><head><date when="1606-11-26">den 26 9bris <c>☿</c></date></head><p> biß zum Newen Krug
                    5 meyll, biß <rs ref="register.xml#Guestrow" type="place">Gustrow</rs> 3 mel <foreign xml:lang="lat">fac<ex>it</ex> </foreign><note type="translation" resp="as">ergibt</note> 8.</p></div>
            
            <div xml:id="E1606-11-27"><head><date when="1606-11-27">den 27 9bris <c>♃</c></date></head><p> biß <rs ref="register.xml#Parchim" type="place">Parchem</rs> 5
                    meyll</p></div>
            
            <div xml:id="E1606-11-28"><head><date when="1606-11-28">d<ex>e</ex>n 28 9bris <c>♀</c></date></head><p> biß <rs ref="register.xml#Grabow" type="place">Grabow</rs> 3 meyll.</p></div>
            
            <div xml:id="E1606-11-29"><head><date when="1606-11-29">d<ex>e</ex>n 29 9bris <c>♄</c></date></head><p> biß <rs ref="register.xml#Hitzacker" type="place">Hitzger</rs> 4 meyl</p></div>
            
            <div xml:id="E1606-12-01"><head><date when="1606-12-01">d<ex>e</ex>n 1 Xbris <c>☽</c></date></head><p> biß <rs ref="register.xml#Scharnebeck" type="place">Scharnebeck</rs> 5 meyll</p></div>
            
            <div xml:id="E1606-12-03"><head><date when="1606-12-03">den 3 Xbris <c>☿</c></date></head><p> biß <rs ref="register.xml#Bergedorf" type="place">Bergerdorf</rs>, 5
                    meyll, <rs ref="register.xml#Hamburg" type="place">Hamburgk</rs> 2 meyll <foreign xml:lang="lat">fac<ex>it</ex> </foreign><note type="translation" resp="as">ergibt</note> 7. zu<ex>m</ex> guld<ex>en</ex> helm.</p></div>
            
            <div xml:id="E1606-12-04"><head><date when="1606-12-04">den 4 Xbris <c>♃</c></date></head><p> biß <rs ref="register.xml#Bergedorf" type="place">Bergerdorf</rs> 2
                    m<ex>eyll</ex></p></div>
            
            <div xml:id="E1606-12-05"><head><date when="1606-12-05">den 5 Xbris <c>♀</c></date></head><p> biß <rs ref="register.xml#Scharnebeck" type="place">Scharnebeck</rs> 5
                    meyll.</p></div>
            
                <div xml:id="E1606-12-08"><head><date when="1606-12-08">den 8 Xbris <c>☽</c></date></head><p> biß <rs ref="register.xml#Hitzacker" type="place">Hitzger</rs>. <c type="accent">x</c><note type="annotation">Schluss- oder Betonungszeichen</note></p></div>  
        </body>
    </text>
</TEI>