<?xml version="1.0" encoding="UTF-8"?><TEI xmlns="http://www.tei-c.org/ns/1.0" xmlns:xi="http://www.w3.org/2001/XInclude" next="1611.xml" n="1610" prev="1609.xml" type="edition">
    <teiHeader>
        <fileDesc><titleStmt><title>
          Herzog August der Jüngere von Braunschweig-Wolfenbüttel (1579-1666): Ephemerides. Sive Diarium (1594-1635)
           – 1610</title><principal ref="https://doi.org/10.1515/editio-2016-0009">Inga Hanna Ralle</principal><funder ref="http://d-nb.info/gnd/5055588-1">Niedersächsisches Ministerium für Wissenschaft und Kultur</funder><respStmt><name>Jacqueline Krone</name><resp>Metadaten, Recherche und Korrektur</resp></respStmt><respStmt><name ref="http://orcid.org/0000-0001-9292-5673">David Maus</name><resp>Technische Konzeption und Begleitung</resp></respStmt></titleStmt><publicationStmt><publisher><name ref="http://d-nb.info/gnd/8989-8">Herzog August Bibliothek Wolfenbüttel</name></publisher><pubPlace>Wolfenbüttel</pubPlace><date when="2017">2017</date><availability><licence target="https://creativecommons.org/licenses/by-sa/4.0/">CC-BY-SA 4.0</licence></availability></publicationStmt><sourceDesc><bibl>
          Herzog August der Jüngere von Braunschweig-Wolfenbüttel (1579-1666): Ephemerides. Sive Diarium (1594-1635). Herzog
          August Bibliothek, Signatur: Cod.  Guelf. 42.19 Aug. 2°
        </bibl></sourceDesc></fileDesc>
    </teiHeader>
    <text>
        <body>
            <div><head facs="http://selbstzeugnisse.hab.de/edition/images/00087.jpg" n="42r">Anno 1.610:</head></div>
            
            <div xml:id="E1610-01-23"><head><date when="1610-01-23">d<ex>e</ex>n 23 Januar<ex>is</ex>
                <c>♂</c>,</date></head><p> biß <rs ref="register.xml#Scharnebeck" type="place">Scharnebeck</rs></p></div>
            
            <div xml:id="E1610-01-24"><head><date when="1610-01-24">den 24 Januar<ex>is</ex>
                <c>☿</c></date></head><p> biß <rs ref="register.xml#Luebberstedt" type="place">Libberstede</rs> 3 m<ex>eill.</ex> biß <rs ref="register.xml#Schneverdingen" type="place">Schneverding</rs> 3 m<ex>eill</ex> <foreign xml:lang="lat">fac<ex>it</ex></foreign><note type="translation">ergibt</note> 6.</p></div>
            
            <div xml:id="E1610-01-25"><head><date when="1610-01-25">den 25 Jan<ex>uaris</ex>
                <c>♃</c></date></head><p> biß <rs ref="register.xml#Visselhoevede" type="place">Wesselhöven</rs>, <rs ref="register.xml#Langwedel" type="place">Langwedell</rs> 5
                    m<ex>eill</ex>.</p></div>
            
            <div xml:id="E1610-01-26"><head><date when="1610-01-26">den 26 Jan<ex>uaris</ex>
                <c>♀</c></date></head><p> biß <rs ref="register.xml#Bremen" type="place">Bremen</rs>: 3 m<ex>eill</ex>.</p></div>
            
            <div xml:id="E1610-01-27"><head><date when="1610-01-27">den 27 Jan<ex>uaris</ex> <c>♄</c>:</date></head><p> biß <rs ref="register.xml#Delmenhorst" type="place">Delmenhorst</rs>:</p></div>
            
            <div xml:id="E1610-02-05"><head><date when="1610-02-05">den 5 Februar<ex>is</ex>
                <c>☽</c>,</date></head><p> biß <rs ref="register.xml#Langwedel" type="place">Langwedell</rs></p></div>
            
            <div xml:id="E1610-02-06"><head><date when="1610-02-06">den 6 Febr<ex>uaris</ex>
                <c>♂</c>,</date></head><p> biß <rs ref="register.xml#Visselhoevede" type="place">Wesselhöven</rs>, biß
                    <rs ref="register.xml#Schneverdingen" type="place">Schneverding</rs> 5 m<ex>eill</ex>.</p></div>
            
            <div xml:id="E1610-02-07"><head><date when="1610-02-07">d<ex>e</ex>n 7 Februar<ex>is</ex>
                <c>☿</c></date></head><p> biß <rs ref="register.xml#Scharnebeck" type="place">Scharnebeck</rs> 6 m<ex>eill</ex></p></div>
            
            <div xml:id="E1610-02-08"><head><date when="1610-02-08">d<ex>e</ex>n 8 Februar<ex>is</ex>
                <c>♃</c></date></head><p> biß <rs ref="register.xml#Hitzacker" type="place">Hitzger</rs>: <c type="accent">x</c><note type="annotation">Schluss- oder Betonungszeichen</note> 5 m<ex>eill</ex>.</p></div>
            
            <div xml:id="E1610-05-10"><head><date when="1610-05-10">den 10 Maÿ <c>♃</c></date></head><p> <foreign xml:lang="lat">horam 8.0. m. p<ex>ost</ex> m<ex>eridiem</ex></foreign><note type="translation">Um 20.00 Uhr</note> ist mein hertzliebe
                <rs ref="register.xml#Clara_Maria_Stettin_Pommern" type="person">Gemahlinne</rs>, eines <rs type="person">Jungen Sohnleins</rs> genesen, welcher doch eine stunde vor der
                geburth, nach dem willen Gottes, v<ex>er</ex>schied<ex>e</ex>n: desse<ex>n</ex> <subst><del>S</del><add place="above">Leibichen</add></subst> d<ex>er</ex> Allmechtige nebest unß Eltern, hinwiederumb, eine fröliche
                <w>vrstende</w><note type="annotation">Auferstehung</note>, in gnaden verleihen wölle: <c type="accent">x</c><note type="annotation">Schluss- oder Betonungszeichen</note></p></div>
            
            <div xml:id="E1610-05-18"><head><date when="1610-05-18">den 18 Maÿ <c>♀</c>,</date></head><p> ist er begraben zu
                <rs ref="register.xml#Dannenberg" type="place">Dannenberge</rs>, in unserem begräbnuß daselbsten Auf den Deckell deß Sarckes ist
                nachfolgendes mit weissen nägelln verzeichnet auf schwartzem leder: Infans Masculus,
                <rs ref="register.xml#August_von_Braunschweig_Luenburg" type="person">Augusti</rs> J<ex>üngere</ex> D<ex>ucis</ex> B<ex>runswigensis</ex> E<ex>t</ex> L<ex>uneburgensis</ex> Ex <rs ref="register.xml#Clara_Maria_Stettin_Pommern" type="person">Clara Maria D<ex>ucissa</ex> Pommer<ex>norum</ex></rs>: <foreign xml:lang="lat">A.C.</foreign><note type="translation">Anno Christi</note> <seg>M.DC.X.</seg><note type="annotation">1610</note> VI. <foreign xml:lang="lat">Idus</foreign><note type="translation">Mitte des Monats</note> Maÿ. H<ex>oram</ex> VII. p<ex>ost</ex> m<ex>eridiem</ex>
                Mort: H. Seq: IIX Nat: &amp; XV Cal: Junÿ hic Sepultus: Ero De<ex>us</ex> tu<ex>us</ex> &amp; Seminis tui. <foreign xml:lang="lat">D<ex>omi</ex>n<ex>us</ex> mortificat &amp; vivificat:</foreign><note type="translation">Gott tötet und belebt</note></p></div>
            
            <pb facs="http://selbstzeugnisse.hab.de/edition/images/00088.jpg" n="42v"/>
            
            <div xml:id="E1610-10-27"><head><date when="1610-10-27">den 27 8bris <c>♄</c>,</date></head><p> nach <rs ref="register.xml#Zapel" type="place">zapell</rs>, Auf <rs ref="register.xml#Luetzow" type="place">Lützowe<ex>n</ex></rs> KindtAuffe
                gezogen.</p></div>
            
            <div xml:id="E1610-10-30"><head><date when="1610-10-30">den 30 8bris <c>♂</c></date></head><p> wiederumb nach
                <rs ref="register.xml#Hitzacker" type="place">Hitzger</rs> verruckett.</p></div>
        </body>
    </text>
</TEI>