<?xml version="1.0" encoding="UTF-8"?><TEI xmlns="http://www.tei-c.org/ns/1.0" xmlns:xi="http://www.w3.org/2001/XInclude" next="1613.xml" n="1612" prev="1611.xml" type="edition">
    <teiHeader>
        <fileDesc><titleStmt><title>
          Herzog August der Jüngere von Braunschweig-Wolfenbüttel (1579-1666): Ephemerides. Sive Diarium (1594-1635)
           – 1612</title><principal ref="https://doi.org/10.1515/editio-2016-0009">Inga Hanna Ralle</principal><funder ref="http://d-nb.info/gnd/5055588-1">Niedersächsisches Ministerium für Wissenschaft und Kultur</funder><respStmt><name>Jacqueline Krone</name><resp>Metadaten, Recherche und Korrektur</resp></respStmt><respStmt><name ref="http://orcid.org/0000-0001-9292-5673">David Maus</name><resp>Technische Konzeption und Begleitung</resp></respStmt></titleStmt><publicationStmt><publisher><name ref="http://d-nb.info/gnd/8989-8">Herzog August Bibliothek Wolfenbüttel</name></publisher><pubPlace>Wolfenbüttel</pubPlace><date when="2017">2017</date><availability><licence target="https://creativecommons.org/licenses/by-sa/4.0/">CC-BY-SA 4.0</licence></availability></publicationStmt><sourceDesc><bibl>
          Herzog August der Jüngere von Braunschweig-Wolfenbüttel (1579-1666): Ephemerides. Sive Diarium (1594-1635). Herzog
          August Bibliothek, Signatur: Cod.  Guelf. 42.19 Aug. 2°
        </bibl></sourceDesc></fileDesc>
    </teiHeader>
    <text>
        <body>
            <div><head facs="http://selbstzeugnisse.hab.de/edition/images/00089.jpg" n="43r">Anno 1612.<c type="accent">x</c><note type="annotation">Schluss- oder Betonungszeichen</note></head></div>
            
            <pb facs="http://selbstzeugnisse.hab.de/edition/images/00090.jpg" n="43v"/>
            
            <div xml:id="E1612-04-29"><head><date when="1612-04-29">den 29 Aprilis, <c>☿</c></date></head><p> biß
                <rs ref="register.xml#Scharnebeck" type="place">Scharnebeck</rs>; 5 m<ex>eill</ex>.</p></div>
            
            <div xml:id="E1612-04-30"><note place="margin-left">5.</note><head><date when="1612-04-30">den 30 Apr<ex>ilis</ex>
                <c>♃</c></date></head><p> biß <rs ref="register.xml#Uelzen" type="place">Vltzen</rs>, 5. m<ex>eill</ex>.</p></div>
            
            <div xml:id="E1612-05-01"><note place="margin-left">12.</note><head><del rend="overstrike">biß</del> <date when="1612-05-01">den 1. Maÿ. <c>♀</c></date></head><p> 
                biß <rs ref="register.xml#Hankensbuettel" type="place">Hanningßbüttell</rs> 4. m<ex>eill</ex> <rs ref="register.xml#Gamsen" type="place">Gamessen</rs> 3 m<ex>eill</ex> <foreign xml:lang="lat">fac<ex>it</ex></foreign><note type="translation" resp="as">ergibt</note> 7.</p></div>
            
            <div xml:id="E1612-05-02"><note place="margin-left">16.</note><head><date when="1612-05-02">den 2 Maÿ. <c>♄</c></date></head><p> biß <rs ref="register.xml#Braunschweig" type="place">Brunschwieg</rs> 4 m<ex>eill</ex>. zum
                gülden Lewen, beÿ <rs ref="register.xml#Adrian_von_Horn" type="person">Adrian vom Horn</rs>.</p></div>
            
            <div xml:id="E1612-05-03"><head><date when="1612-05-03">den 3 Maÿ. <c>☉</c></date></head><p> stille gelegen.</p></div>
            
            <div xml:id="E1612-05-04"><note place="margin-left">22.</note><head><date when="1612-05-04">den 4 Maÿ <c>☽</c>.</date></head><p>
                biß <rs ref="register.xml#Gebhardshagen" type="place">Gewerßhagen</rs>, 3. m<ex>eill</ex> biß <rs ref="register.xml#Seesen" type="place">Sesen</rs>, 3 m<ex>eill</ex> <foreign xml:lang="lat">fac<ex>it</ex></foreign><note type="translation" resp="as">ergibt</note> 6.</p></div>
            
            <div xml:id="E1612-05-05"><note place="margin-left">27.</note><head><date when="1612-05-05">den 5. Maÿ <c>♂</c>,</date></head><p>
                biß <rs ref="register.xml#Northeim" type="place">Nordtheimb</rs> 3. m<ex>eill</ex> biß <rs ref="register.xml#Noerten-Hardenberg" type="place">Nirtem</rs>, <rs ref="register.xml#Harste" type="place">Hast ein dorf</rs>. 2. m<ex>eill</ex> <foreign xml:lang="lat">fac<ex>it</ex></foreign><note type="translation" resp="as">ergibt</note> 5.</p></div>
            
            <div xml:id="E1612-05-06"><note place="margin-left">32.</note><head><date when="1612-05-06">den 6 Maÿ <c>☿</c>,</date></head><p>
                biß <rs ref="register.xml#Hannoversch_Muenden" type="place">Münden</rs>. 3. m<ex>eill</ex> biß <rs ref="register.xml#Kassel" type="place">Cassell</rs>. 2. m<ex>eill</ex> <foreign xml:lang="lat">fac<ex>it</ex></foreign><note type="translation" resp="as">ergibt</note> 5. zum güld<ex>e</ex>n
                Armbrust.</p></div>
            
            <div xml:id="E1612-05-07"><note place="margin-left">38.</note><head><date when="1612-05-07">den 7 Maÿ. <c>♃</c></date></head><p>
                biß <rs ref="register.xml#Fritzlar" type="place">Forßler</rs>. 3. m<ex>eill</ex> <rs type="place">Alberspach</rs>, 1. m<ex>eill</ex> 
                biß <rs type="place">Dresda</rs>, zum Stern. 2. m<ex>eill</ex> <foreign xml:lang="lat">fac<ex>it</ex></foreign><note type="translation" resp="as">ergibt</note> 6.</p></div>
            
            <div xml:id="E1612-05-08"><note place="margin-left">44.</note><head><date when="1612-05-08">den 8 Maÿ. <c>♀</c></date></head><p>
                biß <rs ref="register.xml#Kirchhain" type="place">Kirchan</rs>. 3. m<ex>eill</ex> biß <rs ref="register.xml#Giessen" type="place">Giessen</rs> 3. m<ex>eill</ex> <foreign xml:lang="lat">fac<ex>it</ex></foreign><note type="translation" resp="as">ergibt</note> 6.</p></div>
            
            <div xml:id="E1612-05-09"><note place="margin-left">50.</note><head><date when="1612-05-09">den 9 Maÿ <c>♄</c>,</date></head><p> biß <rs ref="register.xml#Friedberg_Hessen" type="place">Friedebergk</rs>, 
                3. meill biß <rs ref="register.xml#Frankfurt_am_Main" type="place">Franckfurth Am Mayen</rs>. 3.
                meill <foreign xml:lang="lat">facit</foreign><note type="translation">ergibt</note> 6. zum grossen Hirschen.<c type="accent">x</c><note type="annotation">Schluss- oder Betonungszeichen</note></p></div>
            
            <div xml:id="E1612-05-10"><head><date when="1612-05-10">den 10 Maÿ <c>☉</c></date></head><p> daselbsten Ankommen die 4 Churfursten, Alß <rs ref="register.xml#Johann_Schweikhard_von_Kronberg" type="person">Meintz</rs>, 
                <rs ref="register.xml#Johann_Georg_I._von_Sachsen" type="person">Sachsen</rs>, <rs ref="register.xml#Friedrich_V." type="person">Pfaltz</rs> und
                <rs ref="register.xml#Ferdinand_von_Bayern" type="person">Cöllen</rs>.</p></div>
            
            <div xml:id="E1612-05-11"><head><date when="1612-05-11">den 11. Maÿ <c>☽</c>.</date></head><p> einkommen der
                <rs ref="register.xml#Lothar_von_Metternich" type="person">Curfurst von Trier</rs>: und der Brandenburgischer <rs type="person">gesanter</rs>.<c type="accent">x</c><note type="annotation">Schluss- oder Betonungszeichen</note></p></div>
            
            <div xml:id="E1612-05-13"><note place="margin-left">52 ½</note><head><date when="1612-05-13">den 13 Maÿ. <c>☿</c></date></head><p>
                der vng: und <rs ref="register.xml#Matthias_HRR" type="person">Böhemische König Matthias</rs> mit seiner <rs ref="register.xml#Anna_von_Oesterreich-Tirol" type="person">Gemahlinnen</rs> einkommen: biß
                <rs ref="register.xml#Arheilgen" type="place">Aaarheiligen</rs> zum Hirsch, 2 ½ meyll. </p></div>
            
            <div xml:id="E1612-05-14"><note place="margin-left">59 ½</note><head><date when="1612-05-14">den 14 Maÿ. <c>♃</c></date></head><p>
                biß <rs ref="register.xml#Darmstadt" type="place">Darmbstat</rs>, <rs ref="register.xml#Bensheim" type="place">Benßheimb</rs>, 4. m<ex>eill</ex> biß <rs ref="register.xml#Ladenburg" type="place">Ladenberg</rs> 3. m<ex>eill</ex> <foreign xml:lang="lat">fac<ex>it</ex></foreign><note type="translation" resp="as">ergibt</note> 7.</p></div>
            
            <div xml:id="E1612-05-15"><note place="margin-left">65 ½</note><head><date when="1612-05-15">den 15 Maÿ <c>♀</c></date></head><p>
                biß <rs ref="register.xml#Graben-Neudorf" type="place">Grabe</rs> 4. m<ex>eill</ex> biß <rs ref="register.xml#Muehlberg" type="place">Mülbergk</rs> 2. m<ex>eill</ex> <foreign xml:lang="lat">fac<ex>it</ex></foreign><note type="translation" resp="as">ergibt</note> 6.</p></div>
            
            <div xml:id="E1612-05-16"><note place="margin-left">73 ½</note><head><date when="1612-05-16">den 16 Maÿ <c>♄</c>,</date></head><p> biß <rs ref="register.xml#Rastatt" type="place">Rastadt</rs>, 
                <rs ref="register.xml#Stollhofen" type="place">stolhofen</rs> <rs ref="register.xml#Lichtenau" type="place">Liechtenaw</rs>, <rs ref="register.xml#Scherzheim" type="place">Schertzach</rs> 5.
                m<ex>eill</ex> biß <rs ref="register.xml#Strassburg" type="place">Straßburgk</rs> 3. m<ex>eill</ex> zum
                Hirsch. <foreign xml:lang="lat">fac<ex>it</ex></foreign><note type="translation" resp="as">ergibt</note> 8.</p></div>
            
            <pb facs="http://selbstzeugnisse.hab.de/edition/images/00091.jpg" n="44r"/>
            
            <div xml:id="E1612-05-28"><note place="margin-right">4. m<ex>eill</ex></note><head><date when="1612-05-28">den 28 Maÿ. <c>♃</c></date></head><p> biß <rs ref="register.xml#Stollhofen" type="place">Stolhofen</rs> 4. m<ex>eill</ex>.</p></div>
            
            <div xml:id="E1612-05-29"><note place="margin-right">10. m<ex>eill</ex></note><head><date when="1612-05-29">den 29 Maÿ <c>♀</c></date></head><p> 
                biß <rs ref="register.xml#Muehlberg" type="place">Mülbergk</rs> 4. m<ex>eill</ex> biß <rs ref="register.xml#Graben-Neudorf" type="place">Grabe</rs>. 2. m<ex>eill</ex> <foreign xml:lang="lat">fac<ex>it</ex></foreign><note type="translation" resp="as">ergibt</note> 6.</p></div>
            
            <div xml:id="E1612-05-30"><note place="margin-right">18. m<ex>eill</ex></note><head><date when="1612-05-30">den 30 Maÿ <c>♄</c></date></head><p> durch <rs ref="register.xml#Oberhausen-Rheinhausen" type="place">Reinhausen</rs> übern
                Reyn, durch <rs ref="register.xml#Speyer" type="place">Speyer</rs>, biß zur <rs ref="register.xml#Huttenheim" type="place">Hütten</rs>, 3. m<ex>eill</ex> biß <rs ref="register.xml#Worms" type="place">Wormbß</rs> 5.
                m<ex>eill</ex> <foreign xml:lang="lat">fac<ex>it</ex></foreign><note type="translation" resp="as">ergibt</note> 8. inß Kaufhaus.<c type="accent">x</c><note type="annotation">Schluss- oder Betonungszeichen</note></p></div>
            
            <div xml:id="E1612-06-01"><head><date when="1612-06-01">den 1 Junÿ <c>☽</c>.</date></head><p> biß <rs ref="register.xml#Oppenheim" type="place">Oppenheimb</rs>. 4.
                m<ex>eill</ex> biß <rs ref="register.xml#Mainz" type="place">Meintz</rs>, 3. m<ex>eill</ex> <foreign xml:lang="lat">fac<ex>it</ex></foreign><note type="translation" resp="as">ergibt</note> 7.</p></div>
            
            <div xml:id="E1612-06-04"><note place="margin-right">21. m<ex>eill</ex></note><head><date when="1612-06-04">den 4 Junÿ <c>♃</c>,</date></head><p> 
                biß <rs ref="register.xml#Frankfurt_am_Main" type="place">Franckfurth</rs>. 3. m<ex>eill</ex>.</p><note type="annotation">Ein Strich hinter dem Tageseintrag deutet an, dass der Aufenthalt in Hanau am 09.06.1612 nicht zu der aktuellen Reiseroute und in die Meilenzählung hineingehört. Die Meilen vom 04., 09. und 13.06.1612 rechnet er nicht mit, alle drei Einträge werden mit einem Strich markiert.</note></div>
            
            <div xml:id="E1612-06-09"><note place="margin-right"><del>23. m<ex>eill</ex></del></note><head><date when="1612-06-09">den 9 Junÿ <c>♂</c></date></head><p> biß <rs ref="register.xml#Hanau" type="place">Hanaw</rs>. 2. m<ex>eill</ex>.</p><note type="annotation">Ein Strich hinter dem Tageseintrag deutet an, dass der Aufenthalt in Hanau am 09.06.1612 nicht zu der aktuellen Reiseroute und in die Meilenzählung hineingehört. Die Meilen vom 04., 09. und 13.06.1612 rechnet er nicht mit, alle drei Einträge werden mit einem Strich markiert.</note></div>
            
            <div xml:id="E1612-06-13"><note place="margin-right"><del>25.</del></note><head><date when="1612-06-13">den 13 Junÿ <c>♄</c>,</date></head><p> biß <rs ref="register.xml#Frankfurt_am_Main" type="place">Franckfurth</rs> 2. m<ex>eill</ex>.</p><note type="annotation">Ein Strich hinter dem Tageseintrag deutet an, dass der Aufenthalt in Hanau am 09.06.1612 nicht zu der aktuellen Reiseroute und in die Meilenzählung hineingehört. Die Meilen vom 04., 09. und 13.06.1612 rechnet er nicht mit, alle drei Einträge werden mit einem Strich markiert.</note></div>
            
            <div xml:id="E1612-06-14"><head><date when="1612-06-14">den 14 Junÿ, <c>☉</c></date></head><p> die Krönung deß <rs ref="register.xml#Matthias_HRR" type="person">Königes Matthior</rs> gehalt<ex>e</ex>n
                worden.<c type="accent">x</c><note type="annotation">Schluss- oder Betonungszeichen</note></p></div>
            
            <div xml:id="E1612-06-16"><head><date when="1612-06-16">den 16 Junÿ <c>♂</c>,</date></head><p> die Kronung der
                <rs ref="register.xml#Anna_von_Oesterreich-Tirol" type="person">Königinnen Annen</rs> vor sich gangen.<c type="accent">x</c><note type="annotation">Schluss- oder Betonungszeichen</note></p></div>
            
            <div xml:id="E1612-06-17"><head><date when="1612-06-17">den 17 Junÿ <c>☿</c>,</date></head><p> beym <rs ref="register.xml#Ferdinand_von_Bayern" type="person">Curfurst<ex>e</ex>n zu Cöln</rs>, 
                zu gaste gewesen: <rs ref="register.xml#Matthias_HRR" type="person">Jhr K<ex>önigliche</ex> May<ex>estät</ex></rs> ein <w>ringelrennen</w><note type="annotation">Tjost, Zweikampfspiel mit der Lanze zu Pferd</note>
                gehalten: Auf d<ex>e</ex>n Abendt Aufm <w>Römer</w><note type="annotation">Rathaus von Frankfurt a.M.</note> der Käÿserliche dantz
                <c type="accent">x</c><note type="annotation">Schluss- oder Betonungszeichen</note></p></div>
            
            <div xml:id="E1612-06-19"><note place="margin-right">2<subst><del>9</del><add>5.</add></subst></note><head><date when="1612-06-19">den 19 Junÿ <c>♀</c></date></head><p> biß 
                <rs ref="register.xml#Butzbach" type="place">Putzbach</rs>. 4. m<ex>eill</ex>.</p></div>
            
            <div xml:id="E1612-06-20"><note place="margin-right">3<subst><del>6</del><add>2.</add></subst></note><head><date when="1612-06-20">den 20 Junÿ <c>♄</c>,</date></head><p> biß <rs ref="register.xml#Giessen" type="place">Giessen</rs>, 
                <rs ref="register.xml#Ebsdorfergrund" type="place">Ehestorf</rs> 4. m<ex>eill</ex>. biß <rs ref="register.xml#Marburg" type="place">Mumberg</rs> 3 m<ex>eill</ex> <foreign xml:lang="lat">fac<ex>it</ex></foreign><note type="translation" resp="as">ergibt</note> 7.</p></div>
            
            <div xml:id="E1612-06-21"><note place="margin-right"><subst><del>43</del><add>39.</add></subst></note><head><date when="1612-06-21">den 21 Junÿ <c>☉</c>,</date></head><p> biß <rs type="place">Dresda</rs>, <rs ref="register.xml#Fritzlar" type="place">Vörßler</rs>, 
                4 m<ex>eill</ex>. biß <rs ref="register.xml#Kassel" type="place">Cassell</rs> 3. m<ex>eill</ex> <foreign xml:lang="lat">fac<ex>it</ex></foreign><note type="translation" resp="as">ergibt</note> 7.</p></div>
            
            <div xml:id="E1612-06-22"><note place="margin-right">4<subst><del>8</del><add>4.</add></subst></note><head><date when="1612-06-22">den 22 Junÿ <c>☽</c>,</date></head><p> biß <rs ref="register.xml#Muenden" type="place">Münden</rs> 
                2. m<ex>eill</ex> biß <rs ref="register.xml#Goettingen" type="place">Göttingen</rs> 3 m<ex>eill</ex> <foreign xml:lang="lat">fac<ex>it</ex></foreign><note type="translation" resp="as">ergibt</note> 5.</p></div>
            
            <div xml:id="E1612-06-23"><note place="margin-right"><subst><del>53</del><add>49.</add></subst></note><head><date when="1612-06-23">den 23 Junÿ <c>♂</c></date></head><p> biß <rs ref="register.xml#Noerten-Hardenberg" type="place">Nirtem</rs>, 
                <rs ref="register.xml#Northeim" type="place">Northeimb</rs>, 2. m<ex>eill</ex>. biß <rs ref="register.xml#Seesen" type="place">Sesen</rs> 3.
                m<ex>eill</ex> <foreign xml:lang="lat">fac<ex>it</ex></foreign><note type="translation" resp="as">ergibt</note> 5.</p></div>
            
            <div xml:id="E1612-06-24"><note place="margin-right">5<subst><del>9</del><add>5.</add></subst></note><head><date when="1612-06-24">den 24 Junÿ <c>☿</c></date></head><p> biß <rs ref="register.xml#Goslar" type="place">Goßlar</rs> 
                3. m<ex>eill</ex> biß <rs ref="register.xml#Osterwieck" type="place">Osterwick</rs>, 3. m<ex>eill</ex> <foreign xml:lang="lat">fac<ex>it</ex></foreign><note type="translation" resp="as">ergibt</note> 6.</p></div>
            
            <div xml:id="E1612-06-25"><note place="margin-right"><subst><del>6</del><add>57.</add></subst></note><head><date when="1612-06-25">den 25. Junÿ <c>♃</c></date></head><p> biß <rs ref="register.xml#Schachdorf_Stroebeck" type="place">Ströpeke</rs>, 
                da die <w>Schachzieher</w><note type="annotation">Die Legende erzählt, dass im Jahre 1011 ein vornehmer Gefangener des Bischofs von Halberstadt im Ströbecker Wehrturm gefangen gehalten wurde und seinen Bewachern das <rs type="libri">Schachspiel</rs> beibrachte. Seitdem spielen die Ströbecker Schach, siehe <ref target="http://www.schachdorf-stroebeck.de/">Ströbeck</ref>. Das Thema Schach wird August später ausführlich beschäftigen, er sammelte Schachspiele und verfasste das Buch "Das Schach- oder König-Spiel" unter dem Pseudonym Gustavus Selenus.</note> sein, 2. m<ex>eill</ex> wieder zurucke 2. m<ex>eill</ex> <foreign xml:lang="lat">fac<ex>it</ex></foreign><note type="translation" resp="as">ergibt</note> 4.</p></div>
            
            <div xml:id="E1612-06-26"><note place="margin-right">6<subst><del>6</del><add>2.</add></subst></note><head><date when="1612-06-26">den 26 Junÿ <c>♀</c></date></head><p> biß <rs ref="register.xml#Braunschweig" type="place">Brunschwieg</rs>, 5. m<ex>eill.</ex></p></div>
            
            <div xml:id="E1612-06-27"><note place="margin-right">66</note><head><date when="1612-06-27">den 27 Junÿ <c>♄</c>,</date></head><p> biß <rs ref="register.xml#Gamsen" type="place">Gamessen</rs> 4. m<ex>eill</ex>.
                ---</p></div>
            
            <div xml:id="E1612-06-28"><note place="margin-right">78.<c type="accent">x</c><note type="annotation">Schluss- oder Betonungszeichen</note></note><head><date when="1612-06-28">den 28 Junÿ <c>☉</c></date></head><p> biß <rs ref="register.xml#Suderburg" type="place">Surburg</rs> 5. m<ex>eill</ex> biß
                <rs ref="register.xml#Medingen" type="place">Medingen</rs> 4. m<ex>eill</ex> biß <rs ref="register.xml#Scharnebeck" type="place">Scharnebeck</rs>, 3 m<ex>eill</ex> <foreign xml:lang="lat">fac<ex>it</ex></foreign><note type="translation" resp="as">ergibt</note> 12. </p></div>
            
            <div xml:id="E1612-07-03"><head><date when="1612-07-03">den 3 Julÿ <c>♀</c>,</date></head><p>
                biß <rs ref="register.xml#Hitzacker" type="place">Hitzger</rs>.<c type="accent">x</c><note type="annotation">Schluss- oder Betonungszeichen</note></p></div>
            
            <pb facs="http://selbstzeugnisse.hab.de/edition/images/00092.jpg" n="44v"/>
            
            <div xml:id="E1612-09-26"><head type="margin-left"><date when="1612-09-26">Den 26 7bris, <c>♄</c></date></head><p> ist geboren Graff <rs ref="register.xml#Christian_von_Oldenburg_Delmenhorst" type="person">Christian von Oldenburgk und
                Delmenhorst</rs>, <foreign xml:lang="lat">hor<ex>am</ex> 10. m. 30. a<ex>nte</ex>
                    m<ex>eridiem</ex></foreign><note type="translation">Um 10.30 Uhr</note>.<c type="accent">x</c><note type="annotation">Schluss- oder Betonungszeichen</note></p><note type="annotation">Christian ist der Sohn von Sibylle Elisabeth von Braunschweig-Dannenberg und Graf Anton II. von Delmenhorst und damit ein Neffe Herzog Augusts.</note></div>
            
            <div xml:id="E1612-11-03"><note place="margin-left">5.</note><head><date when="1612-11-03">den 3. 9bris. <c>♂</c></date></head><p>
                biß <rs ref="register.xml#Oldenstadt" type="place">Altenstadt</rs>. 5 m<ex>eill</ex>. </p></div>
            
            <div xml:id="E1612-11-04"><note place="margin-left">11.</note><head><date when="1612-11-04">den 4. 9bris. <c>☿</c>,</date></head><p> biß <rs ref="register.xml#Dreilingen" type="place">Dreyling</rs>. 
                2. m<ex>eill</ex>. biß <rs ref="register.xml#Bergen" type="place">Bergen</rs>. 4. m<ex>eill</ex>. <foreign xml:lang="lat">fac<ex>it</ex></foreign><note type="translation" resp="as">ergibt</note> 6.</p></div>
            
            <div xml:id="E1612-11-05"><note place="margin-left">14.</note><head><date when="1612-11-05">den 5. 9bris. <c>♃</c>,</date></head><p> biß <rs ref="register.xml#Walsrode" type="place">Walßrade</rs>, 3. m<ex>eill</ex>.</p></div>
            
            <div xml:id="E1612-11-06"><note place="margin-left">18.</note><head><date when="1612-11-06">den 6. 9bris. <c>♀</c></date></head><p>
                biß <rs ref="register.xml#Rethem" type="place">Rethen</rs> <rs ref="register.xml#Hoya" type="place">Hoye</rs> 4. m<ex>eill</ex>.</p></div>
            
            <div xml:id="E1612-11-07"><note place="margin-left">23.</note><head><date when="1612-11-07">den 7. 9bris. <c>♄</c></date></head><p> biß <rs ref="register.xml#Bruchhausen-Vilsen" type="place">Bruchhausen</rs>, 
                <rs ref="register.xml#Syke" type="place">Sike</rs>, <rs ref="register.xml#Delmenhorst" type="place">Delmenhorst</rs>, 5. m<ex>eill</ex> d<ex>e</ex>n 8 9bris. <c>☉</c> die <w>Kindtauffe</w><note type="annotation">Taufe <rs ref="register.xml#Christian_von_Oldenburg_Delmenhorst" type="person">Christian von Oldenburg und Delmenhorst</rs></note>
                    gehalt<ex>en</ex>.</p></div>
            
            <div xml:id="E1612-11-20"><note place="margin-left">4.</note><head><date when="1612-11-20">den 20 9bris, <c>♀</c>,</date></head><p>
                biß <rs ref="register.xml#Bruchhausen-Vilsen" type="place">Bruchausen</rs> 4. m<ex>eill</ex>.</p></div>
            
            <div xml:id="E1612-11-21"><note place="margin-left">9.</note><head><date when="1612-11-21">den 21 9bris <c>♄</c>,</date></head><p> biß <rs ref="register.xml#Walsrode" type="place">Walßrade</rs> 5. m<ex>eill</ex>.</p></div>
            
            <div xml:id="E1612-11-22"><note place="margin-left">12.</note><head><date when="1612-11-22">den 22 9bris. <c>☉</c></date></head><p> biß <rs ref="register.xml#Bergen" type="place">Bergen</rs> 3. m<ex>eill</ex>.</p></div>
            
            <div xml:id="E1612-11-23"><note place="margin-left">18.</note><head><date when="1612-11-23">den 23. 9bris <c>☽</c>.</date></head><p> biß <rs ref="register.xml#Dreilingen" type="place">Dreyling</rs> 4 m<ex>eill</ex>. 
                biß <rs ref="register.xml#Oldenstadt" type="place">Altenstadt</rs> 2. m<ex>eill</ex>. <foreign xml:lang="lat">fac<ex>it</ex></foreign><note type="translation" resp="as">ergibt</note> 6.</p></div>
            
            <div xml:id="E1612-11-24"><note place="margin-left">23.</note><head><date when="1612-11-24">den 24 9bris <c>♂</c>,</date></head><p>
                biß <rs ref="register.xml#Hitzacker" type="place">Hitzger</rs>. 5. m<ex>eill</ex>.</p></div>
        </body>
    </text>
</TEI>