<?xml version="1.0" encoding="UTF-8"?><TEI xmlns="http://www.tei-c.org/ns/1.0" xmlns:xi="http://www.w3.org/2001/XInclude" next="1615.xml" n="1614" prev="1613.xml" type="edition">
    <teiHeader>
        <fileDesc><titleStmt><title>
          Herzog August der Jüngere von Braunschweig-Wolfenbüttel (1579-1666): Ephemerides. Sive Diarium (1594-1635)
           – 1614</title><principal ref="https://doi.org/10.1515/editio-2016-0009">Inga Hanna Ralle</principal><funder ref="http://d-nb.info/gnd/5055588-1">Niedersächsisches Ministerium für Wissenschaft und Kultur</funder><respStmt><name>Jacqueline Krone</name><resp>Metadaten, Recherche und Korrektur</resp></respStmt><respStmt><name ref="http://orcid.org/0000-0001-9292-5673">David Maus</name><resp>Technische Konzeption und Begleitung</resp></respStmt></titleStmt><publicationStmt><publisher><name ref="http://d-nb.info/gnd/8989-8">Herzog August Bibliothek Wolfenbüttel</name></publisher><pubPlace>Wolfenbüttel</pubPlace><date when="2017">2017</date><availability><licence target="https://creativecommons.org/licenses/by-sa/4.0/">CC-BY-SA 4.0</licence></availability></publicationStmt><sourceDesc><bibl>
          Herzog August der Jüngere von Braunschweig-Wolfenbüttel (1579-1666): Ephemerides. Sive Diarium (1594-1635). Herzog
          August Bibliothek, Signatur: Cod.  Guelf. 42.19 Aug. 2°
        </bibl></sourceDesc></fileDesc>
    </teiHeader>
    <text>
        <body>
            <div><head facs="http://selbstzeugnisse.hab.de/edition/images/00096.jpg" n="46v">Anno 1.6.14.</head></div>
           
            <div xml:id="E1614-01-03"><note place="margin-left">9</note> <head><date when="1614-01-03">den 3. Januar<ex>ÿ</ex> <c>☽</c>,</date></head><p> biß <rs ref="register.xml#Spandau_Berlin" type="place">Spandow</rs>. 
                2. m<ex>eill</ex>. biß <rs ref="register.xml#Fehrbellin" type="place">Fehr Bellin</rs> 5. m<ex>eill</ex>. biß <rs ref="register.xml#Alt_Ruppin" type="place">Alten Rueppin</rs>. 2. m<ex>eill</ex>.
                <foreign xml:lang="lat">fac<ex>it</ex></foreign><note type="translation" resp="as">ergibt</note> 9.</p></div>
            
            <div xml:id="E1614-01-04"><note place="margin-left">13</note> <head><date when="1614-01-04">d<ex>e</ex>n 4 Januar<ex>ÿ</ex> <c>♂</c>,</date></head><p> biß <rs ref="register.xml#Wittstock_Dosse" type="place">Wittstock</rs> 4 m<ex>eill</ex>.</p></div>
            
            <pb facs="http://selbstzeugnisse.hab.de/edition/images/00097.jpg" n="47r"/>
            
            <div xml:id="E1614-01-05"><note place="margin-right">20</note> <head><date when="1614-01-05">den 5. Januarÿ <c>☿</c></date></head><p> biß <rs ref="register.xml#Heiligengrabe" type="place">heiligen grabe</rs>
                <rs ref="register.xml#Wolfshagen" type="place">Wolfshagen</rs>, <rs ref="register.xml#Steesow" type="place">Boocholt dorf</rs> 4. m<ex>eill</ex>. biß <rs ref="register.xml#Lenzen" type="place">Lentzen</rs> 3 m<ex>eill</ex>. <foreign xml:lang="lat">fac<ex>it</ex></foreign><note type="translation" resp="as">ergibt</note> 7.</p></div>
            
            <div xml:id="E1614-01-06"><note place="margin-right">24.</note> <head><date when="1614-01-06">d<ex>e</ex>n <del rend="overstrike">6</del><add>7</add> Januarÿ <c>♀</c></date></head><p> biß <rs ref="register.xml#Hitzacker" type="place">Hitzger</rs> 4. m<ex>eill</ex>. <c type="accent">x</c><note type="annotation">Schluss- oder Betonungszeichen</note></p></div>
            
            <div xml:id="E1614-01-20"><head><date when="1614-01-20">den 20. Januarÿ <c>♃</c>,</date></head><p> biß <rs ref="register.xml#Uelzen" type="place">Ultzen</rs>, 5.
                m<ex>eill</ex>.</p></div>
            
            <div xml:id="E1614-01-21"><head><date when="1614-01-21">den 21. Januarÿ <c>♀</c></date></head><p> biß <rs ref="register.xml#Eschede" type="place">Esche</rs> 4 m<ex>eill</ex>, biß <rs ref="register.xml#Celle" type="place">Zelle</rs>, 2. m<ex>eill</ex>. <foreign xml:lang="lat">fac<ex>it</ex></foreign><note type="translation" resp="as">ergibt</note> 6.</p></div>
            
            <div xml:id="E1614-01-26"><head><date when="1614-01-26">den 26 Januarÿ, <c>☿</c></date></head><p> biß <rs ref="register.xml#Soltau" type="place">Soltow</rs>, 3.
                m<ex>eill</ex>.</p></div>
            
            <div xml:id="E1614-01-27"><head><date when="1614-01-27">den 27. Januarÿ <c>♃</c></date></head><p> biß <rs ref="register.xml#Jesteburg" type="place">Gasteburgk</rs>,
                <rs ref="register.xml#Harburg" type="place">Harburgk</rs>, 7. m<ex>eill</ex>.</p></div>
            
            <div xml:id="E1614-01-31"><head><date when="1614-01-31">den 31 Januar<ex>ÿ</ex>
                <c>☽</c>,</date></head><p> biß <rs ref="register.xml#Scharnebeck" type="place">Scharnebeck</rs>, 6 m<ex>eill</ex> <c type="accent">x</c><note type="annotation">Schluss- oder Betonungszeichen</note></p></div>
            
            <div xml:id="E1614-05-06"><head><date when="1614-05-06">den 6 Maÿ <c>☿</c>,</date></head><p> biß <rs ref="register.xml#Grabow" type="place">Grabow</rs>, mit
                meinem f<ex>ürstlichen</ex> l<ex>ieben</ex> <rs ref="register.xml#Julius_Ernst_Br-Db" type="person">brudern</rs>.</p></div>
            
            <div xml:id="E1614-05-07"><head><date when="1614-05-07">den 7. Maÿ <c>♄</c>,</date></head><p> wieder zu rücke: <c type="accent">x</c><note type="annotation">Schluss- oder Betonungszeichen</note></p></div>
           
            <div xml:id="E1614-06-15"><head type="margin-right"><date when="1614-06-15">den 15. Junÿ. <c>☿</c></date></head><p>
                <foreign xml:lang="lat">hor<ex>am</ex> 7. m. 45. p<ex>ost</ex> m<ex>eridiem</ex> Nata est 8va filia, <seg><rs ref="register.xml#Emilie_von_Schwarzburg_Rudolstadt" type="person">Aemilia. Delmenhorstica</rs></seg></foreign><note type="translation">Um 19:45 Uhr ist die achte Tochter <rs ref="register.xml#Emilie_von_Schwarzburg_Rudolstadt" type="person">Aemilia. Delmenhorstica</rs> geboren.</note></p><note type="annotation">Emilie von Schwarzburg Rudolstadt ist die achte Tochter von <rs ref="register.xml#Sibylle_El_Ol" type="person">Sibylle Elisabeth von Braunschweig-Dannenberg</rs> und <rs ref="register.xml#Anton_II." type="person">Anton II. von Oldenburg-Delmenhorst</rs></note></div>
        </body>
    </text>
</TEI>