<?xml version="1.0" encoding="UTF-8"?><TEI xmlns="http://www.tei-c.org/ns/1.0" xmlns:xi="http://www.w3.org/2001/XInclude" n="1615" prev="1614.xml" next="1618.xml" type="edition">
    <teiHeader>
        <fileDesc><titleStmt><title>
          Herzog August der Jüngere von Braunschweig-Wolfenbüttel (1579-1666): Ephemerides. Sive Diarium (1594-1635)
           – 1615</title><principal ref="https://doi.org/10.1515/editio-2016-0009">Inga Hanna Ralle</principal><funder ref="http://d-nb.info/gnd/5055588-1">Niedersächsisches Ministerium für Wissenschaft und Kultur</funder><respStmt><name>Jacqueline Krone</name><resp>Metadaten, Recherche und Korrektur</resp></respStmt><respStmt><name ref="http://orcid.org/0000-0001-9292-5673">David Maus</name><resp>Technische Konzeption und Begleitung</resp></respStmt></titleStmt><publicationStmt><publisher><name ref="http://d-nb.info/gnd/8989-8">Herzog August Bibliothek Wolfenbüttel</name></publisher><pubPlace>Wolfenbüttel</pubPlace><date when="2017">2017</date><availability><licence target="https://creativecommons.org/licenses/by-sa/4.0/">CC-BY-SA 4.0</licence></availability></publicationStmt><sourceDesc><bibl>
          Herzog August der Jüngere von Braunschweig-Wolfenbüttel (1579-1666): Ephemerides. Sive Diarium (1594-1635). Herzog
          August Bibliothek, Signatur: Cod.  Guelf. 42.19 Aug. 2°
        </bibl></sourceDesc></fileDesc>
    </teiHeader>
    <text>
        <body>
            <div><head facs="http://selbstzeugnisse.hab.de/edition/images/00097.jpg" n="47r"><del>1615</del></head></div>
            
            <div xml:id="E1615-09-19a"><head><date when="1615-09-19"><del>den 19 7bris <c>♂</c></del></date></head><p> <del>biß <rs ref="register.xml#Vahr" type="place">Varle</rs> 5.
                m<ex>eill</ex>. </del></p></div>
            
            <div xml:id="E1615-10-03a"><head><date when="1615-10-03"><del>d<ex>e</ex>n 3 8bris,</del></date></head><p><del> biß <rs ref="register.xml#Delmenhorst" type="place">Delmenhorst</rs></del></p></div>
            
            <div><p>161<subst><del>6</del><add>5</add></subst></p></div>
           
            <div><note place="margin-right">den <label><date when="1615-07-02">2 Julÿ <c>☉</c></date></label><p> <foreign xml:lang="lat">horam 9. 30. post meridiem Nata est nona et ultima
                filia</foreign><note type="translation">Um 21:30 Uhr wurde geboren</note>, <seg><rs ref="register.xml#Juliana_von_Wuerttemberg_Weiltingen" type="person">Juliana, Delmenhorstica</rs></seg><note type="annotation">Juliana war die Tochter von Gräfin Sibylle Elisabeth von Oldenburg und Graf Anton von Oldenburg</note></p></note></div>
            
            <div xml:id="E1615-08-09"><head><date when="1615-08-09">den 9 Augusti <c>☿</c></date></head><p> biß <rs ref="register.xml#Oldenstadt" type="place">Altenstadt</rs> 5
                m<ex>eill</ex>.</p></div>
            
            <div xml:id="E1615-08-10"><head><date when="1615-08-10">den 10. Aug<ex>usti</ex>
                <c>♃</c></date></head><p> biß <rs ref="register.xml#Bergen" type="place">Bergen</rs>, 6 m<ex>eill</ex>.</p></div>
            
            <div xml:id="E1615-08-11"><head><date when="1615-08-11">den 11. Aug<ex>usti</ex>
                <c>♀</c></date></head><p> zu <rs ref="register.xml#Dueshorn" type="place">Dußhorn</rs> 3. m<ex>eill</ex>. biß <rs ref="register.xml#Hoya" type="place">Hoye</rs>, 4 m<ex>eill</ex>. <foreign xml:lang="lat">fac<ex>it</ex></foreign><note type="translation">ergibt</note> 7.</p></div>
            
            <div xml:id="E1615-08-12"><head><date when="1615-08-12">den 12 Aug<ex>usti</ex> <c>♄</c>,</date></head><p> biß <rs ref="register.xml#Syke" type="place">Sike</rs>, <rs ref="register.xml#Delmenhorst" type="place">Delmenhorst</rs>; 5. m<ex>eill</ex>.</p></div>
            
            <div xml:id="E1615-09-19"><head><date when="1615-09-19">d<ex>e</ex>n 19 7bris <c>♂</c></date></head><p> biß <rs ref="register.xml#Vahr" type="place">Varle</rs>. 5. m<ex>eill</ex>.</p></div>
            
            <div xml:id="E1615-10-03"><head><date when="1615-10-03">d<ex>e</ex>n 3 8bris,</date></head><p> biß <rs ref="register.xml#Delmenhorst" type="place">Delmenhorst</rs></p></div>
            
            <div xml:id="E1615-10-10"><head><date when="1615-10-10">d<ex>e</ex>n 10 8bris <c>♂</c>,</date></head><p> von <rs ref="register.xml#Harpstedt" type="place">Harpstede</rs>, biß zur <rs ref="register.xml#Hoya" type="place">Hoÿe</rs>, 4 m<ex>eill</ex>.</p></div>
            
            <div xml:id="E1615-10-11"><head><date when="1615-10-11">d<ex>e</ex>n 11. 8bris <c>☿</c></date></head><p> biß <rs ref="register.xml#Dueshorn" type="place">Düßhorn</rs>, <rs ref="register.xml#Bergen" type="place">Bergen</rs>:</p></div>
            
            <div xml:id="E1615-10-12"><head><date when="1615-10-12">d<ex>e</ex>n 12 8bris</date></head><p> biß <rs ref="register.xml#Walsrode" type="place">Walßrade</rs>. biß <rs ref="register.xml#Oldenstadt" type="place">Altenstadt</rs>: <c type="accent">x</c><note type="annotation">Schluss- oder Betonungszeichen</note></p></div>
            
            <div xml:id="E1615-10-13"><head><date when="1615-10-13">d<ex>e</ex>n 13 8bris,</date></head><p> biß <rs ref="register.xml#Hitzacker" type="place">Hitzger</rs>: <c type="accent">x</c><note type="annotation">Schluss- oder Betonungszeichen</note></p></div>
        
        </body>
    </text>
</TEI>