<?xml version="1.0" encoding="UTF-8"?><TEI xmlns="http://www.tei-c.org/ns/1.0" xmlns:xi="http://www.w3.org/2001/XInclude" next="1619.xml" prev="1615.xml" n="1618" type="edition">
    <teiHeader>
        <fileDesc><titleStmt><title>
          Herzog August der Jüngere von Braunschweig-Wolfenbüttel (1579-1666): Ephemerides. Sive Diarium (1594-1635)
           – 1618</title><principal ref="https://doi.org/10.1515/editio-2016-0009">Inga Hanna Ralle</principal><funder ref="http://d-nb.info/gnd/5055588-1">Niedersächsisches Ministerium für Wissenschaft und Kultur</funder><respStmt><name>Jacqueline Krone</name><resp>Metadaten, Recherche und Korrektur</resp></respStmt><respStmt><name ref="http://orcid.org/0000-0001-9292-5673">David Maus</name><resp>Technische Konzeption und Begleitung</resp></respStmt></titleStmt><publicationStmt><publisher><name ref="http://d-nb.info/gnd/8989-8">Herzog August Bibliothek Wolfenbüttel</name></publisher><pubPlace>Wolfenbüttel</pubPlace><date when="2017">2017</date><availability><licence target="https://creativecommons.org/licenses/by-sa/4.0/">CC-BY-SA 4.0</licence></availability></publicationStmt><sourceDesc><bibl>
          Herzog August der Jüngere von Braunschweig-Wolfenbüttel (1579-1666): Ephemerides. Sive Diarium (1594-1635). Herzog
          August Bibliothek, Signatur: Cod.  Guelf. 42.19 Aug. 2°
        </bibl></sourceDesc></fileDesc>
    </teiHeader>
    <text>
        <body>
            <div><head facs="http://selbstzeugnisse.hab.de/edition/images/00098.jpg" n="47v">1618.</head></div>            
            
            <div xml:id="E1618-03-12"><head><date when="1618-03-12">den 12 Martÿ <c>♃</c></date></head><p> biß <rs ref="register.xml#Neustadt_Glewe" type="place">Newstadt</rs>: 5.
                m<ex>eill</ex>.</p></div>
            
            <div xml:id="E1618-03-13"><head><date when="1618-03-13">den 13 Martÿ <c>♀</c>,</date></head><p> biß <rs ref="register.xml#Plau" type="place">Plawer</rs>, 5.
                m<ex>eill</ex>.</p></div>
            
            <div xml:id="E1618-03-14"><head><date when="1618-03-14">den 14 Martÿ <c>♄</c>,</date></head><p> biß <rs ref="register.xml#Mirow" type="place">Mirow</rs>: 5. m<ex>eill</ex>.</p></div>
            
            <div xml:id="E1618-03-15"><head><date when="1618-03-15">den 15 Martÿ <c>☉</c></date></head><p> biß <rs ref="register.xml#Stargard_Stargard_Szczecinski" type="place">Stargard</rs>: 6 m<ex>eill</ex>.</p></div>
            
            <div xml:id="E1618-03-16"><head><date when="1618-03-16">den 16 Martÿ <c>☽</c>,</date></head><p> biß <rs ref="register.xml#Pasewalk" type="place">Pasewalck</rs>; 5.
                m<ex>eill</ex>.</p></div>
            
            <div xml:id="E1618-03-17"><head><date when="1618-03-17">den 17 Martÿ <c>♂</c></date></head><p> biß <rs ref="register.xml#Stettin" type="place">Alten Stetin</rs>,
                5. m<ex>eill.</ex></p></div>
            
            <div xml:id="E1618-03-19"><head><date when="1618-03-19">den 19 Martÿ <c>♃</c>,</date></head><p> die Fürstliche
                begrebnuß, H<ex>err</ex> <rs ref="register.xml#Philipp_II._Pommern_Stettin" type="person">Philippi des Andern zu Stetin Pommern</rs>,
                angestellet und verrichtet worden: </p></div>
            
            <div xml:id="E1618-03-30"><head><date when="1618-03-30">den 30 Martÿ <c>☽</c>,</date></head><p> <del rend="overstrike">zu</del> biß
                <rs ref="register.xml#Ueckermuende" type="place">Ükermünde</rs>: 7. m<ex>eill</ex>.</p></div>
            
            <div xml:id="E1618-03-31"><head><date when="1618-03-31">den 31 Martÿ <c>♂</c></date></head><p> biß <rs ref="register.xml#Stolpe" type="place">Stolpe</rs>, 4.
                m<ex>eill</ex>.</p></div>
            
            <div xml:id="E1618-04-01"><head><date when="1618-04-01">den 1. Aprilis: <c>☿</c></date></head><p> biß <rs ref="register.xml#Wolgast" type="place">Wolgast</rs>, 3.
                m<ex>eill</ex>.</p></div>
            
            <div xml:id="E1618-04-09"><head><date when="1618-04-09">den 9. Aprilis <c>♃</c></date></head><p> biß <rs ref="register.xml#Zinnowitz" type="place">Zitz</rs>:</p></div>
            
            <div xml:id="E1618-04-10"><head><date when="1618-04-10">den 10 Aprilis <c>♀</c></date></head><p> biß <rs ref="register.xml#Loitz" type="place">Loitz</rs>: 5.
                m<ex>eill</ex>.</p></div>
            
            <div xml:id="E1618-04-13"><head><date when="1618-04-13">d<ex>e</ex>n 13. Aprilis <c>☽</c>,</date></head><p> biß <rs ref="register.xml#Dragun" type="place">Dragun</rs>. 2. m<ex>eill</ex>.</p></div>
            
            <div xml:id="E1618-04-14"><head><date when="1618-04-14">d<ex>e</ex>n 14 Aprilis <c>♂</c>,</date></head><p> biß <rs ref="register.xml#Guestrow" type="place">Güstrow</rs>: 5. m<ex>eill</ex>.</p></div>
            
            <div xml:id="E1618-04-15"><head><date when="1618-04-15">den 15 Aprilis, <c>☿</c></date></head><p> biß <rs ref="register.xml#Luebz" type="place">Lüptze</rs>: 4.
                m<ex>eill</ex>.</p></div>
            
            <div xml:id="E1618-04-18"><head><date when="1618-04-18">d<ex>e</ex>n 18 Aprilis <c>♄</c>,</date></head><p> biß <rs ref="register.xml#Grabow" type="place">Grabow</rs>. 4. m<ex>eill</ex>.</p></div>
            
            <div xml:id="E1618-04-21"><head><date when="1618-04-21">d<ex>e</ex>n 21 Aprilis, <c>♂</c>,</date></head><p> biß <rs ref="register.xml#Hitzacker" type="place">Hitzger</rs>: <c type="accent">x</c><note type="annotation">Schluss- oder Betonungszeichen</note></p></div>
            
        </body>
    </text>
</TEI>