<?xml version="1.0" encoding="UTF-8"?><TEI xmlns="http://www.tei-c.org/ns/1.0" xmlns:xi="http://www.w3.org/2001/XInclude" next="1620.xml" n="1619" prev="1618.xml" type="edition">
    <teiHeader>
        <fileDesc><titleStmt><title>
          Herzog August der Jüngere von Braunschweig-Wolfenbüttel (1579-1666): Ephemerides. Sive Diarium (1594-1635)
           – 1619</title><principal ref="https://doi.org/10.1515/editio-2016-0009">Inga Hanna Ralle</principal><funder ref="http://d-nb.info/gnd/5055588-1">Niedersächsisches Ministerium für Wissenschaft und Kultur</funder><respStmt><name>Jacqueline Krone</name><resp>Metadaten, Recherche und Korrektur</resp></respStmt><respStmt><name ref="http://orcid.org/0000-0001-9292-5673">David Maus</name><resp>Technische Konzeption und Begleitung</resp></respStmt></titleStmt><publicationStmt><publisher><name ref="http://d-nb.info/gnd/8989-8">Herzog August Bibliothek Wolfenbüttel</name></publisher><pubPlace>Wolfenbüttel</pubPlace><date when="2017">2017</date><availability><licence target="https://creativecommons.org/licenses/by-sa/4.0/">CC-BY-SA 4.0</licence></availability></publicationStmt><sourceDesc><bibl>
          Herzog August der Jüngere von Braunschweig-Wolfenbüttel (1579-1666): Ephemerides. Sive Diarium (1594-1635). Herzog
          August Bibliothek, Signatur: Cod.  Guelf. 42.19 Aug. 2°
        </bibl></sourceDesc></fileDesc>
    </teiHeader>
    <text>
        <body>
            <div><head facs="http://selbstzeugnisse.hab.de/edition/images/00098.jpg" n="47v">1619</head></div>
           
            <div xml:id="E1619-02-01"><head><date when="1619-02-01">den 1 Februarÿ <c>☽</c>,</date></head><p> biß <rs ref="register.xml#Bergen" type="place">Bergen</rs>. 4.
                m<ex>eill</ex>.</p></div>
            
            <div xml:id="E1619-02-02"><head><date when="1619-02-02">den 2. Februar<ex>ÿ</ex>
                <c>♂</c>,</date></head><p> biß <rs ref="register.xml#Jever" type="place">Jevern</rs>, 4. m<ex>eill</ex>. <rs ref="register.xml#Brome" type="place">Brome</rs>, <rs ref="register.xml#Vorsfelde" type="place">Vosfelde</rs>. 3. m<ex>eill</ex>.</p></div>
            
            <div xml:id="E1619-02-03"><head><date when="1619-02-03">den 3. Februar<ex>ÿ</ex>
                <c>☿</c></date></head><p> biß <rs ref="register.xml#Koenigslutter" type="place">Königslutter</rs>, 4. m<ex>eill</ex>.</p></div>
            
            <div xml:id="E1619-02-04"><head><date when="1619-02-04">den 4 Februar<ex>ÿ</ex>
                <c>♃</c></date></head><p> biß <rs ref="register.xml#Wolfenbuettel" type="place">Wolfenbüttel</rs>, 4. m<ex>eill</ex>.</p></div>
            
            <div xml:id="E1619-02-07"><head><date when="1619-02-07">den 7. Februar<ex>ÿ</ex> <c>☉</c></date></head><p> die Hochzeit angestellet worden, zwischen
                H<ex>errn</ex> <rs ref="register.xml#Ulrich_Pommern" type="person">Ulrichen zu S<ex>anc</ex>t Pommern</rs>, und F&lt;<ex>raw&gt;</ex> <rs ref="register.xml#Hedwig_Br_Wb" type="person">Hedewigen, zu Br<ex>aunschweig</ex> und
                    Lüneburgk</rs></p></div>
            
            <pb facs="http://selbstzeugnisse.hab.de/edition/images/00099.jpg" n="48r"/>
            
            <div xml:id="E1619-02-13"><head><date when="1619-02-13">den 13 Februarÿ, <c>♄</c>,</date></head><p> biß <rs ref="register.xml#Meinersen" type="place">Weÿnersen</rs>, 4. m<ex>eill</ex>. </p></div>
            
            <div xml:id="E1619-02-14"><head><date when="1619-02-14">den 14 Februar<ex>ÿ</ex> <c>☉</c></date></head><p> biß <rs ref="register.xml#Celle" type="place">Zelle</rs>: 3. m<ex>eill</ex>.</p></div>
            
            <div xml:id="E1619-02-16"><head><date when="1619-02-16">den 16 Februar<ex>ÿ</ex>
                <c>♂</c>,</date></head><p> biß <rs ref="register.xml#Suderburg" type="place">Surburg</rs>, 4 ½ m<ex>eill</ex>. biß <rs ref="register.xml#Oldenstadt" type="place">Altenstadt</rs>, 1 ½ m<ex>eill</ex>.</p></div>
            
            <div xml:id="E1619-02-17"><head><date when="1619-02-17">den 17. Februar<ex>ÿ</ex>
                <c>☿</c></date></head><p> biß <rs ref="register.xml#Scharnebeck" type="place">Scharnebeck</rs> 5. m<ex>eill</ex>.</p></div>
            
            <div xml:id="E1619-02-23"><head><date when="1619-02-23">den 23. Februar<ex>ÿ</ex>
                <c>♂</c>,</date></head><p> biß <rs ref="register.xml#Hitzacker" type="place">Hitzger</rs>.</p></div>
                               
            <div><head><foreign xml:lang="lat">Eodem anni</foreign><note type="translation">Im selben Jahr</note></head></div>
            
            <div xml:id="E1619-10-28"><head><date when="1619-10-28">d<ex>e</ex>n 28. 8bris, <c>♃</c></date></head><p> biß <rs ref="register.xml#Scharnebeck" type="place">Scharnebeck</rs> 5 m<ex>eill</ex>.</p></div>
            
            <div xml:id="E1619-10-29"><head><date when="1619-10-29">den 29 8bris <c>♀</c></date></head><p> biß <rs ref="register.xml#Bispingen" type="place">Haverbecke</rs> 5.
                m<ex>eill</ex>. biß <rs ref="register.xml#Neuenkirchen" type="place">Newenkirchen</rs>, 2. m<ex>eill</ex> <foreign xml:lang="lat">fac<ex>it</ex></foreign><note type="translation" resp="as">ergibt</note> 7.</p></div>
            
            <div xml:id="E1619-10-30"><head><date when="1619-10-30">den 30. <c>♄</c> 8bris,</date></head><p> biß <rs ref="register.xml#Langwedel" type="place">Langwede</rs>l, 
                4. m<ex>eill</ex>. biß vor <rs ref="register.xml#Bremen" type="place">Bremen</rs>, 3
                m<ex>eill</ex>. <c type="accent">x</c><note type="annotation">Schluss- oder Betonungszeichen</note></p></div>
            
            <div xml:id="E1619-10-31"><head><date when="1619-10-31">den 31 8bris <c>☉</c></date></head><p> biß <rs ref="register.xml#Delmenhorst" type="place">Delmenhorst</rs>. 1. m<ex>eill</ex>.</p></div>
            
            <div xml:id="E1619-11-10"><head><date when="1619-11-10">den 10. 9bris <c>☿</c></date></head><p> biß <rs ref="register.xml#Langwedel" type="place">Langwedel</rs>: 4
                m<ex>eill</ex>.</p></div>
            
            <div xml:id="E1619-11-11"><head><date when="1619-11-11">den 11. 9bris. <c>♃</c></date></head><p> biß
                <rs ref="register.xml#Schneverdingen" type="place">Schneverding</rs>. 5. m<ex>eill</ex>.</p></div>
            
            <div xml:id="E1619-11-12"><head><date when="1619-11-12">den 12. 9bris <c>♀</c></date></head><p> biß <rs ref="register.xml#Luebberstedt" type="place">Libberstede</rs>
                <rs ref="register.xml#Scharnebeck" type="place">Scharnebeck</rs> 6 m<ex>eill</ex>.</p></div>
            
            <div xml:id="E1619-11-13"><head><date when="1619-11-13">den 13. 9bris <c>♄</c>,</date></head><p> biß <rs ref="register.xml#Hitzacker" type="place">Hitzger</rs>. 5 m<ex>eill</ex>.</p></div>
            
            <div><head><foreign xml:lang="lat">Eodem anno</foreign><note type="translation">Im selben Jahr</note></head></div>
            
            <div xml:id="E1619-12-28"><head><date when="1619-12-28">den 28 1Xbris <c>☉</c></date></head><p> biß <rs ref="register.xml#Scharnebeck" type="place">Scharnebeck</rs>, 5 m<ex>eill</ex>.</p></div>
            
            <div xml:id="E1619-11-29"><head><date when="1619-11-29">den 29 9bris <c>☽</c></date></head><p> biß <rs ref="register.xml#Schneverdingen" type="place">Schneverding</rs>:
                6 m<ex>eill</ex>.</p></div>
            
            <div xml:id="E1619-11-30"><head><date when="1619-11-30">d<ex>e</ex>n 30. 9bris <c>♂</c></date></head><p> biß <rs ref="register.xml#Langwedel" type="place">Langwedel</rs>, 5. m<ex>eill</ex>.</p></div>
            
            <div xml:id="E1619-12-01"><head><date when="1619-12-01">d<ex>e</ex>n 1. Xbris, <c>☿</c></date></head><p> biß <rs ref="register.xml#Delmenhorst" type="place">Delmenhorst</rs>, 4 meill. <c type="accent">x</c><note type="annotation">Schluss- oder Betonungszeichen</note></p></div>
            
            <div xml:id="E1619-11-08"><head><date when="1619-11-08">d<ex>e</ex>n 8 9bris <c>☿</c>,</date></head><p> mein f<ex>ürstlich</ex> l<ex>ieber</ex> Schwager, H<ex>err</ex> <rs ref="register.xml#Anton_II." type="person">Anthonius Grafe zu
                Oldenb<ex>urg</ex></rs> zu <rs ref="register.xml#Delmenhorst" type="place">Delmenhorst</rs> begrab<ex>en</ex> word<ex>e</ex>n.</p></div>
                      
        </body>
    </text>
</TEI>