<?xml version="1.0" encoding="UTF-8"?><TEI xmlns="http://www.tei-c.org/ns/1.0" xmlns:xi="http://www.w3.org/2001/XInclude" next="1621.xml" n="1620" prev="1619.xml" type="edition">
    <teiHeader>
        <fileDesc><titleStmt><title>
          Herzog August der Jüngere von Braunschweig-Wolfenbüttel (1579-1666): Ephemerides. Sive Diarium (1594-1635)
           – 1620</title><principal ref="https://doi.org/10.1515/editio-2016-0009">Inga Hanna Ralle</principal><funder ref="http://d-nb.info/gnd/5055588-1">Niedersächsisches Ministerium für Wissenschaft und Kultur</funder><respStmt><name>Jacqueline Krone</name><resp>Metadaten, Recherche und Korrektur</resp></respStmt><respStmt><name ref="http://orcid.org/0000-0001-9292-5673">David Maus</name><resp>Technische Konzeption und Begleitung</resp></respStmt></titleStmt><publicationStmt><publisher><name ref="http://d-nb.info/gnd/8989-8">Herzog August Bibliothek Wolfenbüttel</name></publisher><pubPlace>Wolfenbüttel</pubPlace><date when="2017">2017</date><availability><licence target="https://creativecommons.org/licenses/by-sa/4.0/">CC-BY-SA 4.0</licence></availability></publicationStmt><sourceDesc><bibl>
          Herzog August der Jüngere von Braunschweig-Wolfenbüttel (1579-1666): Ephemerides. Sive Diarium (1594-1635). Herzog
          August Bibliothek, Signatur: Cod.  Guelf. 42.19 Aug. 2°
        </bibl></sourceDesc></fileDesc>
    </teiHeader>
    <text>
        <body>
            <div><head facs="http://selbstzeugnisse.hab.de/edition/images/00099.jpg" n="48r">1620</head></div>
            
            <div xml:id="E1620-01-19"><head><date when="1620-01-19">den 19 Januarÿ <c>☿</c>,</date></head><p> nach <rs ref="register.xml#Oldenburg" type="place">Oldenburg</rs>
                gezogen.</p></div>
            
            <div xml:id="E1620-01-31"><head><date when="1620-01-31">d<ex>e</ex>n 31 Januar<ex>ÿ</ex>
                <c>☽</c>,</date></head><p> hinwied<ex>er</ex> nach <rs ref="register.xml#Delmenhorst" type="place">Delmenhorst</rs> gezogen</p></div>
            
            <pb facs="http://selbstzeugnisse.hab.de/edition/images/00100.jpg" n="48v"/>
            
            <div xml:id="E1620-03-24"><head><date when="1620-03-24">den 24 Martÿ <c>♀</c></date></head><p> biß <rs ref="register.xml#Langwedel" type="place">Langwedel</rs> 4
                m<ex>eill</ex></p></div>
            
            <div xml:id="E1620-03-25"><head><date when="1620-03-25">d<ex>e</ex>n 25 Martÿ <c>♄</c></date></head><p> biß <rs ref="register.xml#Schneverdingen" type="place">Schneverding</rs>.</p></div>
            
            <div xml:id="E1620-03-26"><head><date when="1620-03-26">d<ex>e</ex>n 26 Martÿ <c>☉</c></date></head><p> biß <rs ref="register.xml#Scharnebeck" type="place">Scharnebeck</rs>:</p></div>
            
            <div xml:id="E1620-03-28"><head><date when="1620-03-28">d<ex>e</ex>n 28 Martÿ <c>♂</c></date></head><p> biß <rs ref="register.xml#Hitzacker" type="place">Hitzger</rs>.</p></div>
            
            <div xml:id="E1620-03-29"><head><date when="1620-03-29">d<ex>e</ex>n 29 Martÿ <c>☿</c></date></head><p> biß <rs ref="register.xml#Grabow" type="place">Grabow</rs>.</p></div>
            
            <div xml:id="E1620-04-01"><head><date when="1620-04-01">d<ex>e</ex>n 1 Aprilis <c>♄</c>,</date></head><p> biß <rs ref="register.xml#Hitzacker" type="place">Hitzger</rs></p></div>
            
            <div xml:id="E1620-04-15"><head><date when="1620-04-15">d<ex>e</ex>n 15 Aprilis <c>♄</c></date></head><p> biß <rs ref="register.xml#Scharnebeck" type="place">Scharnebeck</rs></p></div>
            
            <div xml:id="E1620-04-24"><head><date when="1620-04-24">d<ex>e</ex>n 24 April<ex>is</ex>
                <c>☽</c>.</date></head><p> biß <rs ref="register.xml#Hitzacker" type="place">Hitzger</rs> <c type="accent">x</c><note type="annotation">Schluss- oder Betonungszeichen</note></p></div>
            
            <div xml:id="E1620-07-08"><head><date when="1620-07-08">den 8 Julÿ <c>♄</c>,</date></head><p> biß <rs ref="register.xml#Scharnebeck" type="place">Scharnebeck</rs> <c type="accent">x</c><note type="annotation">Schluss- oder Betonungszeichen</note> 5. m<ex>eill</ex>.</p></div>
            
            <div xml:id="E1620-07-09"><head><date when="1620-07-09">den 9 Jul<ex>ÿ</ex> <c>☉</c>.</date></head><p> biß <rs ref="register.xml#Salzhausen" type="place">Sultzhausen</rs>. 3. m<ex>eill</ex>.</p></div>
            
            <div xml:id="E1620-07-10"><head><date when="1620-07-10">den 10 Jul<ex>ÿ</ex>
                <c>☽</c>.</date></head><p> biß <rs ref="register.xml#Neuenkirchen" type="place">Nienkerken</rs>, biß <rs ref="register.xml#Verden" type="place">Verden</rs>.
                    7. m<ex>eill</ex>.</p></div>
            
            <div xml:id="E1620-07-11"><head><date when="1620-07-11">den 11. Jul<ex>ÿ</ex>
                <c>♂</c></date></head><p> biß <rs ref="register.xml#Delmenhorst" type="place">Delmenhorst</rs> 4 m<ex>eill</ex>.</p></div>
            
            <div xml:id="E1620-08-03"><head><date when="1620-08-03">den 3 Augusti, <c>♃</c></date></head><p> biß <rs ref="register.xml#Langwedel" type="place">Langwedel</rs>,
                <rs ref="register.xml#Neuenkirchen" type="place">NewenKirchen</rs>, 8 m<ex>eill</ex>.</p></div>
            
            <div xml:id="E1620-08-04"><head><date when="1620-08-04">den 4 Aug<ex>usti</ex>
                <c>♀</c></date></head><p> biß <rs ref="register.xml#Luebberstedt" type="place">Libberstede</rs>, <rs ref="register.xml#Scharnebeck" type="place">Scharnebeck</rs>:
                    <c type="accent">x</c><note type="annotation">Schluss- oder Betonungszeichen</note></p></div>
            
            <div xml:id="E1620-08-07"><head><date when="1620-08-07">den 7 Augusti <c>☽</c></date></head><p> biß <rs ref="register.xml#Hitzacker" type="place">Hitzger</rs></p></div>
            
            <div xml:id="E1620-10-12"><head><date when="1620-10-12">den 12 8bris, <c>♃</c></date></head><p> <foreign xml:lang="lat">obÿt <rs ref="register.xml#Ursula_v_SL" type="person">M<ex>ate</ex>r
                suavissima</rs></foreign><note type="translation">Stirbt meine geliebte Mutter</note></p></div>
            
            <div xml:id="E1620-12-21"><head><date when="1620-12-21">d<ex>e</ex>n 21 Xbris <c>♃</c></date></head><p> von d<ex>er</ex> theilung d<ex>er</ex>
                <rs ref="register.xml#Ursula_v_SL" type="person">Mütterlich<ex>en</ex></rs> Erbschafft hinwied<ex>er</ex>
                wegkgezogen <c type="accent">x</c><note type="annotation">Schluss- oder Betonungszeichen</note></p></div>
            
            <div xml:id="E1620-12-23"><head><date when="1620-12-23">d<ex>e</ex>n 2<subst><del>4</del><add>3</add></subst> Xbris <c>♄</c>,</date></head><p> nach <rs ref="register.xml#Grabow" type="place">Grabow</rs> gezogen i. m<ex>eill</ex></p></div>            
        </body>
    </text>
</TEI>