<?xml version="1.0" encoding="UTF-8"?><TEI xmlns="http://www.tei-c.org/ns/1.0" xmlns:xi="http://www.w3.org/2001/XInclude" next="1625.xml" n="1624" prev="1623.xml" type="edition">
    <teiHeader>
        <fileDesc><titleStmt><title>
          Herzog August der Jüngere von Braunschweig-Wolfenbüttel (1579-1666): Ephemerides. Sive Diarium (1594-1635)
           – 1624</title><principal ref="https://doi.org/10.1515/editio-2016-0009">Inga Hanna Ralle</principal><funder ref="http://d-nb.info/gnd/5055588-1">Niedersächsisches Ministerium für Wissenschaft und Kultur</funder><respStmt><name>Jacqueline Krone</name><resp>Metadaten, Recherche und Korrektur</resp></respStmt><respStmt><name ref="http://orcid.org/0000-0001-9292-5673">David Maus</name><resp>Technische Konzeption und Begleitung</resp></respStmt></titleStmt><publicationStmt><publisher><name ref="http://d-nb.info/gnd/8989-8">Herzog August Bibliothek Wolfenbüttel</name></publisher><pubPlace>Wolfenbüttel</pubPlace><date when="2017">2017</date><availability><licence target="https://creativecommons.org/licenses/by-sa/4.0/">CC-BY-SA 4.0</licence></availability></publicationStmt><sourceDesc><bibl>
          Herzog August der Jüngere von Braunschweig-Wolfenbüttel (1579-1666): Ephemerides. Sive Diarium (1594-1635). Herzog
          August Bibliothek, Signatur: Cod.  Guelf. 42.19 Aug. 2°
        </bibl></sourceDesc></fileDesc>
    </teiHeader>
    <text>
        <body>
            <div><head facs="http://selbstzeugnisse.hab.de/edition/images/00105.jpg" n="51r">Anno 1624</head></div>
            
            <div xml:id="E1624-03-05"><head><date when="1624-03-05">den 5. Martÿ, <c>♀</c></date></head><p> ist zu <rs ref="register.xml#Luechow" type="place">Lüchow</rs>,
                d<ex>a</ex>z <seg>M. S. C.</seg><note type="annotation">mandatum sine clausula, der unbedingte Befehl, bei welchem dem Beklagten ohne Weiteres die Erfüllung seiner Verbindlichkeit aufgegeben wird</note> <w>insinuiret</w><note type="annotation">unterstellen, durchblicken lassen</note> word<ex>e</ex>n,
                durch <unclear>N. und Z.z</unclear> <c type="accent">x</c><note type="annotation">Betonungszeichen</note></p></div>
                   </body>
    </text>
</TEI>