<?xml version="1.0" encoding="UTF-8"?><TEI xmlns="http://www.tei-c.org/ns/1.0" xmlns:xi="http://www.w3.org/2001/XInclude" next="1627.xml" n="1626" prev="1625.xml" type="edition">
    <teiHeader>
        <fileDesc><titleStmt><title>
          Herzog August der Jüngere von Braunschweig-Wolfenbüttel (1579-1666): Ephemerides. Sive Diarium (1594-1635)
           – 1626</title><principal ref="https://doi.org/10.1515/editio-2016-0009">Inga Hanna Ralle</principal><funder ref="http://d-nb.info/gnd/5055588-1">Niedersächsisches Ministerium für Wissenschaft und Kultur</funder><respStmt><name>Jacqueline Krone</name><resp>Metadaten, Recherche und Korrektur</resp></respStmt><respStmt><name ref="http://orcid.org/0000-0001-9292-5673">David Maus</name><resp>Technische Konzeption und Begleitung</resp></respStmt></titleStmt><publicationStmt><publisher><name ref="http://d-nb.info/gnd/8989-8">Herzog August Bibliothek Wolfenbüttel</name></publisher><pubPlace>Wolfenbüttel</pubPlace><date when="2017">2017</date><availability><licence target="https://creativecommons.org/licenses/by-sa/4.0/">CC-BY-SA 4.0</licence></availability></publicationStmt><sourceDesc><bibl>
          Herzog August der Jüngere von Braunschweig-Wolfenbüttel (1579-1666): Ephemerides. Sive Diarium (1594-1635). Herzog
          August Bibliothek, Signatur: Cod.  Guelf. 42.19 Aug. 2°
        </bibl></sourceDesc></fileDesc>
    </teiHeader>
    <text>
        <body>
            <div><head facs="http://selbstzeugnisse.hab.de/edition/images/00106.jpg" n="51v">1626.</head></div>
         
            <div><p><note place="margin-left">Auf d<ex>es</ex> h<ex>errn</ex> zu <rs ref="register.xml#Grabow" type="place">Grabow</rs> begrebniß.</note></p></div>
            
            <div xml:id="E1626-12-11"><head><date when="1626-12-11">den 11 Xbris <c>☽</c>,</date></head><p> biß <rs ref="register.xml#Grabow" type="place">Grabow</rs>. 4.
                m<ex>eill</ex>.</p></div>
            
            <div xml:id="E1626-12-12"><head><date when="1626-12-12">d<ex>e</ex>n 12 Xbris <c>♂</c></date></head><p> biß <rs ref="register.xml#Dobbertin" type="place">Dobbertin</rs> 6 m<ex>eill</ex>.</p></div>
            
            <div xml:id="E1626-12-13"><head><date when="1626-12-13">d<ex>e</ex>n 13. Xbris <c>☿</c></date></head><p> biß <rs ref="register.xml#Guestrow" type="place">Güstrow</rs>, 2 m<ex>eill</ex>.</p></div>
            
            <div xml:id="E1626-12-14"><head><date when="1626-12-14">d<ex>e</ex>n 14. Xbris <c>♃</c>.</date></head><p> <seg>die f<ex>ürst</ex>l<ex>iche</ex> begrebnuß</seg><note type="annotation">Gestorben war Herzogin Anna zu Mecklenburg am 10.12.1626, ihr Begräbnis erfolgte am 14.12.1626, sie war mit Herzog Ulrich von Mecklenburg verheiratet</note> gehalten: <foreign xml:lang="lat">p<ex>rae</ex>sentes fuerunt</foreign><note type="translation">anwesend waren</note> 
                <rs ref="register.xml#Adolf_Friedrich_I._von_Mecklenburg" type="person">H<ex>err</ex> Adolf friederich zu
                    Mechlenburgk</rs>: <foreign xml:lang="lat">cum <unclear>qjuge</unclear></foreign><note type="annotation">mit</note> <rs ref="register.xml#Wilhelm_Ketteler" type="person">H<ex>err</ex> Wilhelm zu Curland</rs>; und die <rs ref="register.xml#Anna_von_Croy" type="person">Hertzoginne zu Croy</rs>. <rs type="org">Die von
                        Lupze</rs>: <rs ref="register.xml#Sophia_Hedwig_Pommern_Wolgast" type="person">die von Loitz</rs>. und gesant<ex>en</ex></p></div>
            
            <div xml:id="E1626-12-18"><head><date when="1626-12-18">den 18. Xbris <c>☽</c></date></head><p> biß <rs ref="register.xml#Crivitz" type="place">Crievitz</rs> 5.
                m<ex>eill</ex>.</p></div>
            
            <div xml:id="E1626-12-19"><head><date when="1626-12-19">d<ex>e</ex>n 19. Xbris <c>♂</c></date></head><p> biß <rs ref="register.xml#Grabow" type="place">Grabow</rs>. 5. m<ex>eill</ex>.</p></div>
            
            <div xml:id="E1626-12-20"><head><date when="1626-12-20">d<ex>e</ex>n 20. Xbris <c>☿</c></date></head><p> <del rend="overstrike">biß</del> stille geleg<ex>en</ex></p></div>
            
            <div xml:id="E1626-12-21"><head><date when="1626-12-21">d<ex>e</ex>n 21. Xbris <c>♃</c></date></head><p> biß <rs ref="register.xml#Doemitz" type="place">Domitz</rs> 4 m<ex>eill</ex>.</p></div>
            
            <div xml:id="E1626-12-22"><head><date when="1626-12-22">d<ex>e</ex>n 22 Xbris <c>♀</c></date></head><p> biß <rs ref="register.xml#Hitzacker" type="place">Hitzger</rs> 1 m<ex>eill</ex>.</p></div>
                     
        </body>
    </text>
</TEI>