<?xml version="1.0" encoding="UTF-8"?><TEI xmlns="http://www.tei-c.org/ns/1.0" xmlns:xi="http://www.w3.org/2001/XInclude" next="1628.xml" n="1627" prev="1626.xml" type="edition">
    <teiHeader>
        <fileDesc><titleStmt><title>
          Herzog August der Jüngere von Braunschweig-Wolfenbüttel (1579-1666): Ephemerides. Sive Diarium (1594-1635)
           – 1627</title><principal ref="https://doi.org/10.1515/editio-2016-0009">Inga Hanna Ralle</principal><funder ref="http://d-nb.info/gnd/5055588-1">Niedersächsisches Ministerium für Wissenschaft und Kultur</funder><respStmt><name>Jacqueline Krone</name><resp>Metadaten, Recherche und Korrektur</resp></respStmt><respStmt><name ref="http://orcid.org/0000-0001-9292-5673">David Maus</name><resp>Technische Konzeption und Begleitung</resp></respStmt></titleStmt><publicationStmt><publisher><name ref="http://d-nb.info/gnd/8989-8">Herzog August Bibliothek Wolfenbüttel</name></publisher><pubPlace>Wolfenbüttel</pubPlace><date when="2017">2017</date><availability><licence target="https://creativecommons.org/licenses/by-sa/4.0/">CC-BY-SA 4.0</licence></availability></publicationStmt><sourceDesc><bibl>
          Herzog August der Jüngere von Braunschweig-Wolfenbüttel (1579-1666): Ephemerides. Sive Diarium (1594-1635). Herzog
          August Bibliothek, Signatur: Cod.  Guelf. 42.19 Aug. 2°
        </bibl></sourceDesc></fileDesc>
    </teiHeader>
    <text>
        <body>
            <div><head facs="http://selbstzeugnisse.hab.de/edition/images/00106.jpg" n="51v">1627.</head></div>
            
            <div><head><date when="1627-01-15"><del>den 15 Januar<ex>i</ex>
                <c>☽</c></del></date></head><p><del>biß <rs ref="register.xml#Salzwedel" type="place">Saltzwedel</rs>. </del> </p></div>
            
            <div><head><date when="1627-01-16"><del>den 16 Januar<ex>i</ex>
                <c>♂</c></del></date></head><p><del> biß <rs ref="register.xml#Gardelegen" type="place">Gardeleb<ex>en</ex></rs></del></p>
            </div>
            
            <div><head><date when="1627-01-17"><del>den 17. Januar<ex>i</ex>
                <c>☿</c></del></date></head></div>
            
            <div xml:id="E1627-12-05"><head><date when="1627-12-05">den 5 Xbris</date></head><p> biß <rs ref="register.xml#Scharnebeck" type="place">Scharnebeck</rs>. <c>☿</c></p></div>
            
            <div xml:id="E1627-12-06"><head><date when="1627-12-06">den 6 Xbris <c>♃</c></date></head><p> biß <rs ref="register.xml#Winsen" type="place">Winsen</rs>,
                <rs ref="register.xml#Harburg" type="place">Haarburgk</rs>.</p></div>
            
            <div xml:id="E1627-12-07"><head><date when="1627-12-07">d<ex>e</ex>n 7 Xbris <c>♀</c></date></head><p> biß <rs ref="register.xml#Buxtehude" type="place">Buxtehude</rs>.</p></div>
            
            <div xml:id="E1627-12-08"><head><date when="1627-12-08">d<ex>e</ex>n 8 Xbris <c>♄</c>,</date></head><p> biß <rs ref="register.xml#Harburg" type="place">Haarburgk</rs>.</p></div>
            
            <div xml:id="E1627-12-09"><head><date when="1627-12-09">d<ex>e</ex>n 9 Xbris <c>☉</c></date></head><p> biß <rs ref="register.xml#Scharnebeck" type="place">Scharnebeck</rs>.</p></div>
            
            <div xml:id="E1627-12-10"><head><date when="1627-12-10">den 10 Xbris <c>☽</c></date></head><p> biß <rs ref="register.xml#Hitzacker" type="place">Hitzger</rs> <c type="accent">x</c><note type="annotation">Schluss- oder Betonungszeichen</note></p></div>
            
            <div><head><foreign xml:lang="lat">Eodem anno</foreign><note type="translation">Im selben Jahr</note></head></div>
            
            <div xml:id="E1627-12-18"><head><date when="1627-12-18">den 18 Xbris <c>♂</c></date></head><p> biß <rs ref="register.xml#Medingen" type="place">Meding</rs>,
                <rs ref="register.xml#Ebstorf" type="place">Ebstorff.</rs></p></div>
            
            <div xml:id="E1627-12-19"><head><date when="1627-12-19">d<ex>e</ex>n 19 Xbris <c>☿</c></date></head><p> biß <rs ref="register.xml#Wietzendorf" type="place">Witzendorf</rs>, <rs ref="register.xml#Walsrode" type="place">Walßrade</rs>.</p></div>
            
            <pb facs="http://selbstzeugnisse.hab.de/edition/images/00107.jpg" n="52r"/>
            
            <div xml:id="E1627-12-22"><head><date when="1627-12-22">den 22 Xbris</date></head><p> biß <rs ref="register.xml#Ebstorf" type="place">Ebßdor</rs>f <c>♄</c></p></div>
            
            <div xml:id="E1627-12-23"><head><date when="1627-12-23">den 23 Xbris</date></head><p>biß <rs ref="register.xml#Hitzacker" type="place">Hitzger</rs>: <c>☉</c></p></div>
                          
        </body>
    </text>
</TEI>