<?xml version="1.0" encoding="UTF-8"?><TEI xmlns="http://www.tei-c.org/ns/1.0" xmlns:xi="http://www.w3.org/2001/XInclude" next="1629.xml" n="1628" prev="1627.xml" type="edition">
    <teiHeader>
        <fileDesc><titleStmt><title>
          Herzog August der Jüngere von Braunschweig-Wolfenbüttel (1579-1666): Ephemerides. Sive Diarium (1594-1635)
           – 1628</title><principal ref="https://doi.org/10.1515/editio-2016-0009">Inga Hanna Ralle</principal><funder ref="http://d-nb.info/gnd/5055588-1">Niedersächsisches Ministerium für Wissenschaft und Kultur</funder><respStmt><name>Jacqueline Krone</name><resp>Metadaten, Recherche und Korrektur</resp></respStmt><respStmt><name ref="http://orcid.org/0000-0001-9292-5673">David Maus</name><resp>Technische Konzeption und Begleitung</resp></respStmt></titleStmt><publicationStmt><publisher><name ref="http://d-nb.info/gnd/8989-8">Herzog August Bibliothek Wolfenbüttel</name></publisher><pubPlace>Wolfenbüttel</pubPlace><date when="2017">2017</date><availability><licence target="https://creativecommons.org/licenses/by-sa/4.0/">CC-BY-SA 4.0</licence></availability></publicationStmt><sourceDesc><bibl>
          Herzog August der Jüngere von Braunschweig-Wolfenbüttel (1579-1666): Ephemerides. Sive Diarium (1594-1635). Herzog
          August Bibliothek, Signatur: Cod.  Guelf. 42.19 Aug. 2°
        </bibl></sourceDesc></fileDesc>
    </teiHeader>
    <text>
        <body>
            <div><head facs="http://selbstzeugnisse.hab.de/edition/images/00107.jpg" n="52r">1628.</head></div>
            
            <div xml:id="E1628-05-11"><head><date when="1628-05-11">den 11. Maii. <c>☉</c></date></head><p> biß <rs ref="register.xml#Ebstorf" type="place">Ebstorff</rs>.</p></div>
            
            <div xml:id="E1628-05-12"><head><date when="1628-05-12">den 12 Maii <c>☽</c>.</date></head><p> biß <rs ref="register.xml#Munster" type="place">Münster</rs> ein dorff, <rs ref="register.xml#Soltau" type="place">Soltaw</rs>. 5 m<ex>eill</ex></p></div>
            
            <div xml:id="E1628-05-13"><head><date when="1628-05-13">den 13 Maii <c>♂</c></date></head><p> biß <rs ref="register.xml#Visselhoevede" type="place">Wesselhoven</rs>,
                <rs ref="register.xml#Langwedel" type="place">Langwedel</rs>, <rs ref="register.xml#Bremen" type="place">Bremen</rs>.</p></div>
            
            <div xml:id="E1628-05-14"><head><date when="1628-05-14">den 14 Maii, </date></head><p> biß <rs ref="register.xml#Delmenhorst" type="place">delmenhorst</rs>. <c>☿</c></p></div>
            
            <div><head><date when="1628-05-25">(den 25 Maii,</date></head><p> <foreign xml:lang="lat">incendiu<ex>m</ex></foreign><note type="translation" resp="as">Brand</note> von <rs ref="register.xml#Hitzacker" type="place">Hitzgerae</rs>.</p></div>
            
            <div xml:id="E1628-06-06"><head><date when="1628-06-06">den 6. Junii. <c>♀</c></date></head><p> biß <rs ref="register.xml#Bremen" type="place">Bremen</rs>.</p></div>
            
            <div xml:id="E1628-06-07"><head><date when="1628-06-07">den 7. Junii <c>♄</c></date></head><p> biß <rs ref="register.xml#Walsrode" type="place">Walsrode</rs>.</p></div>
            
            <div xml:id="E1628-06-08"><head><date when="1628-06-08">den 8. Junii. <c>☉</c></date></head><p> biß <rs type="place">Waldhaůsen</rs>, <rs ref="register.xml#Celle" type="place">zell<ex>e</ex></rs>.</p></div>
            
            <div xml:id="E1628-06-10"><head><date when="1628-06-10">den 10. Junii <c>♂</c></date></head><p> biß
                <rs ref="register.xml#Meinersen" type="place">Meinersen</rs>.</p></div>
            
            <div xml:id="E1628-06-11"><head><date when="1628-06-11">den 11. Junii <c>☿</c></date></head><p> biß
                <rs ref="register.xml#Wolfenbuettel" type="place">Wolfenbüttel</rs>.</p></div>
            
            <div xml:id="E1628-06-14"><head><date when="1628-06-14">den 14. Junii <c>♄</c></date></head><p> <rs ref="register.xml#Braunschweig" type="place">Brunsewieg</rs>.</p></div>
            
            <div xml:id="E1628-06-15"><head><date when="1628-06-15">den 15 Junii <c>☉</c></date></head><p> bis <rs ref="register.xml#Gifhorn" type="place">Giffhorn</rs></p></div>
            
            <div xml:id="E1628-06-16"><head><date when="1628-06-16">den 16. Junii. <c>☽</c></date></head><p> biß
                <rs ref="register.xml#Oldenstadt" type="place">Altenstadt</rs>.</p></div>
            
            <div xml:id="E1628-06-17"><head><date when="1628-06-17">den 17 Junii. <c>♂</c></date></head><p> biß <rs ref="register.xml#Hitzacker" type="place">Hitzger</rs>.</p></div>
            
            <div><head><foreign xml:lang="lat">Eodem Anno.</foreign><note type="translation">Im selben Jahr</note></head></div>
            
            <div xml:id="E1628-07-16"><head><date when="1628-07-16">den 16.<del>7bris</del> Julii, <c>☿</c></date></head><p> zu <rs ref="register.xml#Lueneburg" type="place">Luneburgk</rs> gewesen, wie die
                unfreundliche vorschläge vom stadthalter zu <rs ref="register.xml#Celle" type="place">Zelle</rs>, <rs ref="register.xml#Julius_von_Buelow" type="person">Julio v<ex>on</ex>
                    Bulowen</rs> <w>p&lt;<ex>ro&gt;</ex>ponieret</w><note type="translation">vorgeschlagen</note> wurd<ex>en</ex>.<c type="accent">x</c><note type="annotation">Schluss- oder Betonungszeichen</note></p></div>
            
            <div xml:id="E1628-07-17"><head><date when="1628-07-17">d<ex>en</ex> 17. Julii. <c>♃</c></date></head><p> wied<ex>er</ex> nach <rs ref="register.xml#Hitzacker" type="place">Hitzger</rs>.<c type="accent">x</c><note type="annotation">Schluss- oder Betonungszeichen</note></p></div>
                              
            <div><head>Eode<ex>m</ex> Anno.</head></div>
            
            <div xml:id="E1628-09-19"><note place="margin-right">Die Reyse nach <rs ref="register.xml#Vienna" type="place">Wien</rs>. 4.m<ex>eill</ex></note><head><date when="1628-09-19">den 19. 7bris, <c>♀</c></date></head><p> biß <rs ref="register.xml#Loitsche" type="place">Lonitz</rs>
                dorff. 4.m<ex>eill</ex><hi rend="superscript">n</hi>
            </p></div>
            
            <div xml:id="E1628-09-20"><note place="margin-right">10.m<ex>eill</ex></note><head><date when="1628-09-20">den 20. 7bris, <c>♄</c></date></head><p> biß <rs ref="register.xml#Gardelegen" type="place">Gardeleben</rs>, 6.m<ex>eill</ex><hi rend="superscript">x</hi>
            </p></div>
            
            <div xml:id="E1628-09-21"><note place="margin-right">17.m<ex>eill</ex></note><head><date when="1628-09-21">den 21. 7bris. <c>☉</c>.</date></head><p> biß <rs ref="register.xml#Colbitz" type="place">Colbitz</rs> 3 m<ex>eill</ex> biß <rs ref="register.xml#Magdeburg" type="place">Magdeburgk</rs>, 4.m<ex>eill</ex> <foreign xml:lang="lat">facit</foreign><note type="translation">ergibt</note> 7.<hi rend="superscript">x</hi></p></div>
            
            <div xml:id="E1628-09-22"><note place="margin-right">22.m<ex>eill</ex></note><head><date when="1628-09-22">d<ex>en</ex> 22 7bris <c>☽</c>,</date></head><p> biß <rs type="place">Newenkruge</rs>, <rs ref="register.xml#Zerbst_Anhalt" type="place">Zerbst</rs>, 5. meyln.<hi rend="superscript">x</hi></p></div>
            
            <pb facs="http://selbstzeugnisse.hab.de/edition/images/00108.jpg" n="52v"/>
            
            <div xml:id="E1628-09-23"><note place="margin-left">28.m<ex>eill</ex></note><head><date when="1628-09-23">den 23. 7bris <c>♂</c>,</date></head><p> durch die
                Schantze, über die Elb-Brücken, durch <rs ref="register.xml#Dessau" type="place">Dessaw</rs>, 2.m<ex>eill</ex> biß <rs ref="register.xml#Bobbau" type="place">Bubbe</rs>, dorf, 2.m<ex>eill</ex> biß <rs ref="register.xml#Delitzsch" type="place">Delitz</rs>, 2.m<ex>eill</ex> <foreign xml:lang="lat">facit</foreign><note type="translation">ergibt</note> 6. </p></div>
            
            <div xml:id="E1628-09-24"><note place="margin-left">31.m<ex>eill</ex></note><head><date when="1628-09-24">den 24. 7bris, <c>☿</c></date></head><p> biß <rs ref="register.xml#Leipzig" type="place">Leipzieg</rs>, 3.
               m<ex>eill</ex> beÿ <rs ref="register.xml#Hieronymus_Krapp" type="person">Hieron<ex>ymus</ex> Krappen</rs>. Alda d<ex>a</ex>z schloß besehen: </p></div>
            
            <div xml:id="E1628-09-26"><note place="margin-left">37.m<ex>eill</ex></note><head><date when="1628-09-26">den 26. 7bris, <c>♀</c></date></head><p> biß <rs ref="register.xml#Jesewitz" type="place">Jeschewitz</rs>
                dorf, <rs ref="register.xml#Borna" type="place">Born</rs>, <rs ref="register.xml#Frohburg" type="place">Froberg</rs>, stadt, <rs ref="register.xml#Gnandstein" type="place">Gnantstein</rs>, Schloß, <rs ref="register.xml#Penig" type="place">Penick</rs>, 6.m<ex>eill</ex></p></div>
            
            <div xml:id="E1628-09-27"><note place="margin-left">42.m<ex>eill</ex></note><head><date when="1628-09-27">den 27. 7bris, <c>♄</c>,</date></head><p> biß <rs ref="register.xml#Chemnitz" type="place">Chemnitz</rs>, 3.m<ex>eill</ex> die <rs ref="register.xml#Augustusburg" type="place">Augustusburg</rs>, auf d<ex>er</ex> l<ex>inken</ex> s<ex>eite</ex> lieggend
                gesehen, biß <rs ref="register.xml#Zschopau" type="place">Schopa</rs>, 2.m<ex>eill</ex> <foreign xml:lang="lat">facit</foreign><note type="translation">ergibt</note> 5.</p></div>
            
            <div xml:id="E1628-09-28"><note place="margin-left">47.m<ex>eill</ex></note><head><date when="1628-09-28">den 28. 7bris <c>☉</c></date></head><p> biß <rs ref="register.xml#Marienberg" type="place">Marienberg</rs>, <rs ref="register.xml#Dreizehnhaan" type="place">dreizehenhaan</rs>, biß <rs ref="register.xml#Komotau" type="place">Commotah</rs>, 5.m<ex>eill</ex></p></div>
            
            <div xml:id="E1628-09-29"><note place="margin-left">52 1/2.m<ex>eill</ex></note><head><date when="1628-09-29">den 29, 7bris <c>☽</c>.</date></head><p> durch
                <rs ref="register.xml#Postelberg_Postoloprty" type="place">Postelberg</rs>, <rs ref="register.xml#Laun_Louny" type="place">Laun</rs> auf die r<ex>echten</ex> s<ex>eite</ex>
                <rs ref="register.xml#Chlumtschan_Chlumcany_u_Loun" type="place">Chumtzhaan dorff</rs>, <rs ref="register.xml#Jungfernteinitz_Panensky_Tynec" type="place">Teinnitz</rs> Flecken, 5 ½m<ex>eill</ex></p></div>
            
            <div xml:id="E1628-09-30"><note place="margin-left">58 1/2.m<ex>eill</ex></note><head><date when="1628-09-30">den 30. 7bris <c>♂</c>,</date></head><p> durch <rs ref="register.xml#Schlan_Slany" type="place">Schlaun</rs>,
                biß <rs ref="register.xml#Prag" type="place">Praag</rs>, 6.m<ex>eill</ex> zum guldenen Stern. <del>od Ochsen</del>.</p></div>
            
            <div xml:id="E1628-10-02"><note place="margin-left">62 1/2.m<ex>eill</ex></note><head><date when="1628-10-02">den 2. 8bris, <c>♃</c></date></head><p> biß <rs ref="register.xml#Boehmisch_Brod_Cesky_Brod" type="place">Böhmisch
                Broda</rs>, 4.m<ex>eill</ex></p></div>
            
            <div xml:id="E1628-10-03"><note place="margin-left">67 1/2.m<ex>eill</ex></note><head><date when="1628-10-03">den 3. 8bris, <c>♀</c></date></head><p> durch <rs ref="register.xml#Kolin" type="place">Collyn</rs>, 3.
               m<ex>eill</ex> Auf d<ex>er</ex> recht<ex>en</ex> s<ex>eiten</ex> die berümbte Bergstadt <rs ref="register.xml#Kuttenberg_Kutna_Hora" type="place">Luttenbergk</rs> lieggen gesehen: biß <rs ref="register.xml#Tschaslau_Caslav" type="place">Tzaßlaff</rs>, 2.m<ex>eill</ex> <foreign xml:lang="lat">fac<ex>it</ex></foreign><note type="translation">ergibt</note> 5. </p></div>
            
            <div xml:id="E1628-10-04"><note place="margin-left">72 1/2.m<ex>eill</ex></note><head><date when="1628-10-04">d<ex>en</ex> 4 8bris <c>♄</c>,</date></head><p> durch <rs ref="register.xml#Habern" type="place">Habern</rs>, 3.m<ex>eill</ex> biß <rs ref="register.xml#Deutschbrod_Havlickuv_Brod" type="place">deutschen Broda</rs>, 2.m<ex>eill</ex>
                daselbsten im <w>wirtshause</w><note type="annotation">Goldener Hirsch zu Deutsch Brod</note> auf einem gemache, A<ex>nn</ex>o 1600. 20. 7bris, <rs ref="register.xml#Melchior_von_Roedern" type="person">Melchior von Red<ex>er</ex>n</rs> Freiherr edell feldmarschall <del>gestorben</del> in Hungarn gestorben: <foreign xml:lang="lat">facit</foreign><note type="translation">ergibt</note> 5.m<ex>eill</ex></p></div>
            
            <div xml:id="E1628-10-05"><note place="margin-left">75 1/2.m<ex>eill</ex></note><head><date when="1628-10-05">den 5. 8bris, <c>☉</c></date></head><p> biß <rs ref="register.xml#Trebitsch_Trebic" type="place">Triglaa</rs>, 3.m<ex>eill</ex> da <w>Mehren</w><note type="annotation">Markgrafschaft Mähren</note> angehet.</p></div>
            
            <div xml:id="E1628-10-06"><note place="margin-left">81 1/2.m<ex>eill</ex></note><head><date when="1628-10-06">den 6. 8bris <c>☽</c>.</date></head><p> biß <rs ref="register.xml#Namiest_an_der_Oslawa_Namest_nad_Oslavou" type="place">Ottaw</rs>, 3.m<ex>eill</ex>
                biß <rs ref="register.xml#Maehrisch_Budwitz_Moravske_Budejovice" type="place">Budowetz</rs>, 3.m<ex>eill</ex> <foreign xml:lang="lat">fac<ex>it</ex></foreign><note type="translation">ergibt</note> 6.</p></div>
            
            <div xml:id="E1628-10-07"><note place="margin-left">88 1/2.m<ex>eill</ex></note><head><date when="1628-10-07">den 7. 8bris, <c>♂</c>.</date></head><p> biß <rs ref="register.xml#Znaim_Znojom" type="place">Znaib</rs>, 3.m<ex>eill</ex>
                biß <rs ref="register.xml#Guntersdorf" type="place">Gundsdorf</rs>, den <rs type="org">Herre<ex>n</ex> Teufeln</rs> gehörig, biß <rs ref="register.xml#Hollabrunn" type="place">Holabrun</rs>, 4.
               m<ex>eill</ex> <foreign xml:lang="lat">fac<ex>it</ex></foreign><note type="translation">ergibt</note> 7.</p></div>
            
            <pb facs="http://selbstzeugnisse.hab.de/edition/images/00109.jpg" n="53r"/>
            
            <div xml:id="E1628-10-08"><note place="margin-right">92 1/2.m<ex>eill</ex></note><head><date when="1628-10-08">den 8. 8bris, <c>☿</c></date></head><p> biß <rs ref="register.xml#Korneuburg" type="place">Chorneuburg</rs>
                4.m<ex>eill</ex></p></div>
            
            <div xml:id="E1628-10-10"><note place="margin-left">94 1/2.m<ex>eill</ex></note><head><date when="1628-10-10">den 10. 8bris, <c>♀</c>,</date></head><p> biß <rs ref="register.xml#Vienna" type="place">Wien</rs>, 2.m<ex>eill</ex>
                Zum güldenen stier, od<ex>er</ex> Ochsen.</p></div>
            
            <div xml:id="E1628-10-11"><head><date when="1628-10-11">den 11. 8bris <c>♄</c></date></head><p> eine Türckische botschafft eingezogen.</p></div>
            
            <div xml:id="E1628-10-12"><head><date when="1628-10-12">den 12. 8bris <c>☉</c>,</date></head><p> biß d<ex>en</ex> Abend, zwischen 5. und 6. bey d<ex>er</ex> <rs ref="register.xml#Ferdinand_II._HRR" type="person">Röm<ex>isch</ex> Kays<ex>erliche</ex> M<ex>ajes</ex>t<ex>ät</ex> und kurtz hernach bey d<ex>er</ex> Ung<ex>arisch</ex> und Böhm<ex>ischen</ex> königlichen Würden</rs>, Audientz gehabt.</p></div>
            
            <div xml:id="E1628-10-13"><head><date when="1628-10-13">den 13. 8bris <c>☽</c></date></head><p> bey d<ex>er</ex> <rs ref="register.xml#Eleonore_HRR" type="person">Röm<ex>ischen</ex> Kay<ex>ser</ex></rs>innen des morgens umb 10. uhr. <foreign xml:lang="lat">alloquam</foreign><note type="annotation">Vorstellen, Ansprechen</note> gehabt.</p></div>
            
            <div xml:id="E1628-10-18"><head><date when="1628-10-18">den 18. 8bris <c>♄</c>,</date></head><p> bey h<ex>err</ex> <rs ref="register.xml#Paul_Jacob_von_Starhemberg" type="person">H<ex>errn</ex> P<ex>aul</ex> J<ex>acob</ex> v<ex>on</ex> Stare<ex>m</ex>berg</rs> zu gaste.</p></div>
            
            <div xml:id="E1628-10-19"><head><date when="1628-10-19">den 19. 8bris <c>☉</c></date></head><p> der <rs ref="register.xml#Ferdinand_II._HRR" type="person">Kayser</rs>, auf einer hasenhatz gewesen: und seynd wir beym
                mittagsessen, in des <rs ref="register.xml#Liechtenstein" type="org">Fürsten von Liechtensteines</rs> hause gewesen.</p></div>
            
            <div xml:id="E1628-10-20"><head><date when="1628-10-20">den 20. 8bris <c>☽</c></date></head><p> auf d<ex>en</ex> Abend, bey dem von <rs ref="register.xml#Vilem_Slavata" type="person">Schlabata</rs> zu gaste gewesen.</p></div>
            
            <div xml:id="E1628-11-04"><head><date when="1628-11-04">den 4. 9bris <c>♄</c>.</date></head><p> <foreign xml:lang="lat">st<ex>ili</ex> n<ex>ovi</ex></foreign><note type="translation">neuen Stils</note> beym <rs ref="register.xml#Audorf_Oesterreich" type="place">Aüdorf</rs> gejaget, nach den Schweynen.</p><note type="annotation">August notiert ab hier die Daten des Gregorianischen Kalenders. Am 15. November wechselt er zurück zum alten Stil.</note></div>
            
            <div xml:id="E1628-11-08"><head><date when="1628-11-08">den 8. 9bris. <c>☿</c></date></head><p> den <rs ref="register.xml#Liechtenstein" type="org">Fursten von
                Liechtenstein</rs>. den <rs ref="register.xml#Wenzel_Eusebius_von_Lobkowitz" type="person">Fürsten v<ex>on</ex> Lockovitz</rs>, zween Herren von Staarenberg. Zu gaste
                gehabt. (<rs ref="register.xml#Paul_Jacob_von_Starhemberg" type="person">Paul Jacob</rs>: <rs ref="register.xml#Heinrich_Wilhelm_von_Starhemberg" type="person">Heinrich Wilhelm, <foreign xml:lang="lat">no<ex>m</ex>i<ex>n</ex>a<ex>tum</ex></foreign><note type="translation">genannt</note> Baronu&lt;<ex>m</ex>&gt;
                    Staarenberg</rs>.)</p></div>
            
            <div xml:id="E1628-11-09"><head><date when="1628-11-09">den 9. 9bris <c>♃</c></date></head><p> bey H<ex>err</ex> <rs ref="register.xml#Heinrich_Wilhelm_von_Starhemberg" type="person">Heiner<ex>ich</ex> Wilhelm v<ex>on</ex> starenberg</rs>, zu gaste.</p></div>
            
            <div xml:id="E1628-11-10"><head><date when="1628-11-10">den 10. 9bris <c>♀</c>,</date></head><p> mit d<ex>em</ex> kayser bey <rs ref="register.xml#Kaiserebersdorf" type="place">Ebersdorf</rs> aufm Jagen gewesen: und habe
                <rs ref="register.xml#Ferdinand_II._HRR" type="person">Jhre Rom<ex>isch</ex> kays<ex>erlichen</ex> M<ex>ajestät</ex></rs> <add place="above">ab</add> ein wildschwein <ex>ver</ex>ehren lassen.</p></div>
            
            <div xml:id="E1628-11-12"><head><date when="1628-11-12">den 12 9bris <c>☉</c>,</date></head><p> Schwartzbürgische Gesandt&lt;<ex>en&gt;</ex> bey mir
                gewesen; worunter d<ex>er</ex> <rs type="person">Müller</rs>: <c type="accent">x</c><note type="annotation">Schluss- oder Betonungszeichen</note></p></div>
            
            <pb facs="http://selbstzeugnisse.hab.de/edition/images/00110.jpg" n="53v"/>
            
            <div xml:id="E1628-11-14"><head><date when="1628-11-14">den 14. 9bris <c>♂</c>,</date></head><p> Audientz zur
                <foreign xml:lang="lat">valediction</foreign><note type="translation" resp="as">Abschied</note> gehabt; bey d<ex>er</ex> <rs ref="register.xml#Ferdinand_II._HRR" type="person">Röm<ex>isch</ex> kays<ex>erlichen</ex> M<ex>ajes</ex>t<ex>ät</ex></rs>; <foreign xml:lang="lat">Versperi</foreign><note type="translation">Abends</note> ist d<ex>er</ex> Pater <rs ref="register.xml#Pirckheimer_Familie" type="org">Arnoldus pirckhaymer</rs>, bey uns zu gaste gewesen, und
                mit uns <w>discurriret</w><note type="annotation">verhandeln, unterhalten</note>.</p></div>
            
            <div xml:id="E1628-11-15a"><note place="margin-left"><foreign xml:lang="lat">Redit<ex>us</ex> in pa<ex>tr</ex>iam</foreign><note type="translation">Rückkehr in die Heimat</note> 2.m<ex>eill</ex></note><head><date when="1628-11-15">den 15. 9bris <c>☿</c></date></head><p> biß <rs ref="register.xml#Korneuburg" type="place">Chorneuburg</rs>,
                2.m<ex>eill</ex></p></div>
            
            <div xml:id="E1628-11-16"><note place="margin-left">9.m<ex>eill</ex></note><head><date when="1628-11-16">d<ex>en</ex> 16. 9bris <c>♃</c>.</date></head><p> Durch <rs ref="register.xml#Hollabrunn" type="place">Hollenbrun</rs> <hi rend="superscript">biß </hi><rs ref="register.xml#Schoengrabern" type="place">schöngraben</rs>, 4 ½m<ex>eill</ex>
                biß <rs ref="register.xml#Kalladorf" type="place">kalldorf</rs> 2 ½m<ex>eill</ex> <foreign xml:lang="lat">fac<ex>it</ex></foreign><note type="translation">ergibt</note> 7.</p></div>
            
            <div xml:id="E1628-11-17a"><note place="margin-left">15 1/2.m<ex>eill</ex></note><head><date when="1628-11-17">d<ex>en</ex> 17. 9bris, <c>♀</c></date></head><p> durch <rs ref="register.xml#Znaim_Znojom" type="place">znaimb</rs>, 1.m<ex>eill</ex> biß <rs ref="register.xml#Maehrisch_Budwitz_Moravske_Budejovice" type="place">Budowetz</rs>, 3.m<ex>eill</ex> biß <rs ref="register.xml#Herrlitz" type="place">Hersltitz dorff</rs>, 2 ½m<ex>eill</ex>
                <foreign xml:lang="lat">fac<ex>it</ex></foreign><note type="translation">ergibt</note> 6 ½m<ex>eill</ex></p></div>
            
            <div xml:id="E1628-11-18a"><note place="margin-left">18.m<ex>eill</ex></note><head><date when="1628-11-18">d<ex>en</ex> 18. 9bris <c>♄</c>,</date></head><p> durch <rs ref="register.xml#Pirnitz" type="place">Pirnitz</rs>. 1.m<ex>eill</ex> biß <rs ref="register.xml#Trebitsch_Trebic" type="place">Trigla</rs>, 1 ½m<ex>eill</ex>
                <foreign xml:lang="lat">fac<ex>it</ex></foreign><note type="translation">ergibt</note> 2 ½m<ex>eill</ex></p></div>
            
            <div xml:id="E1628-11-19a"><note place="margin-left">23.m<ex>eill</ex></note><head><date when="1628-11-19">den 19. 9bris, <c>☉</c></date></head><p> biß <rs ref="register.xml#Deutschbrod_Havlickuv_Brod" type="place">Teutschen Broda</rs>, 3.m<ex>eill</ex> biß <rs ref="register.xml#Habern" type="place">Haberen</rs>, 2.m<ex>eill</ex> <foreign xml:lang="lat">fac<ex>it</ex></foreign><note type="translation">ergibt</note> 5.</p></div>
            
            <div xml:id="E1628-11-20a"><note place="margin-left">28.m<ex>eill</ex></note><head><date when="1628-11-20">den 20. 9bris. <c>☽</c>.</date></head><p> biß <rs ref="register.xml#Tschaslau_Caslav" type="place">Tzaslaff</rs> 3.
               m<ex>eill</ex> <seg>wasserkrätzem dorff</seg><note type="annotation">Vermutlich keine Ortsangabe, sondern ein Hinweis darauf, dass hier die so genannte "Wasserkrätze" als Krankheit unter bestimmten Berufsgruppen, wie z.b. den Glasschleifern, grassierte. Vgl. <ref target="http://www.zobodat.at/pdf/Lotos_71_0075-0110.pdf">Die Lage der Glasarbeiter im Gablonzer Bezirk. Von Dr. F. Breinl.</ref></note>, biß <rs ref="register.xml#Kolin" type="place">Cöllin</rs> 2.m<ex>eill</ex> <foreign xml:lang="lat">fac<ex>it</ex></foreign><note type="translation">ergibt</note> 5.</p></div>
            
            <div xml:id="E1628-11-21a"><note place="margin-left">32.m<ex>eill</ex></note><head><date when="1628-11-21">d<ex>en</ex> 21. 9bris <c>♂</c>,</date></head><p> durch <rs ref="register.xml#Planeis" type="place">Pleimtz</rs>, 1 ½m<ex>eill</ex> <rs ref="register.xml#Boehmisch_Brod_Cesky_Brod" type="place">Behrnischebroda</rs>, 1 ½m<ex>eill</ex> biß <rs ref="register.xml#Uvaly" type="place">Ohmwald</rs> 1.m<ex>eill</ex>
                <foreign xml:lang="lat">fac<ex>it</ex></foreign><note type="translation">ergibt</note> 4.</p></div>
            
            <div xml:id="E1628-11-22a"><note place="margin-left">35 .m.</note><head><date when="1628-11-22">d<ex>en</ex> 12/22. 9bris <c>☿</c></date></head><p> biß <rs ref="register.xml#Prag" type="place">Praag</rs>, 3.m<ex>eill</ex></p></div>
            
            <div xml:id="E1628-11-15b"><note place="margin-left">40.m<ex>eill</ex></note><head><date when="1628-11-15">den 15. 9bris biß <foreign xml:lang="lat">st<ex>ili</ex> vet<ex>eri</ex></foreign><note type="translation">alten Stils</note> <c>♄</c>.</date></head><p> biß <rs ref="register.xml#Velvary" type="place">Welbern</rs>, 3.m<ex>eill</ex> biß <rs ref="register.xml#Rakonitz_Rakovnik" type="place">Rautenitz</rs> 2.m<ex>eill</ex> <foreign xml:lang="lat">facit</foreign><note type="translation">ergibt</note> 5 dem
                <rs ref="register.xml#Wenzel_Eusebius_von_Lobkowitz" type="person">wentzel Poppel von Lockovitz</rs> gehörig.</p><note type="annotation">August notiert ab hier die Daten des Julianischen Kalenders. Er hatte am 4. November zum neuen Stil gewechselt.</note></div>
            
            <div xml:id="E1628-11-17b"><note place="margin-left">43.m<ex>eill</ex></note><head><date when="1628-11-17">den 17. 9bris <c>☽</c>.</date></head><p> biß <rs ref="register.xml#Doxan" type="place">Tocksan</rs>
                Junferkloster, <rs ref="register.xml#Brosan" type="place">Brosan</rs>, Schlos, über die Eger, biß <rs type="place">Labas</rs> städtlein, 2.m<ex>eill</ex> <rs ref="register.xml#Salesel" type="place">Sallesell</rs>.
                dorff, 1.m<ex>eill</ex> <foreign xml:lang="lat">fac<ex>it</ex></foreign><note type="translation">ergibt</note> 3.</p></div>
            
            <div xml:id="E1628-11-18b"><note place="margin-left">46.m<ex>eill</ex></note><head><date when="1628-11-18">den 18. 9bris, <c>♂</c></date></head><p> biß <rs ref="register.xml#Aussig" type="place">Aussig</rs>, 1.
               m<ex>eill</ex> biß <rs ref="register.xml#Elexnitz" type="place">Etznintz</rs> dorff; <rs ref="register.xml#Peterswald_Petrovice_u_Chabrovice" type="place">Peterswalde</rs>, 2m<ex>eill</ex></p></div>
            
            <div xml:id="E1628-11-19b"><note place="margin-left">51.m<ex>eill</ex></note><head><date when="1628-11-19">d<ex>en</ex> 19. 9bris <c>☿</c></date></head><p> biß. <rs ref="register.xml#Bad_Gottleuba_Berggiesshuebel" type="place">Geshübel</rs>, <rs ref="register.xml#Pirna" type="place">Pirn</rs>, 3.m<ex>eill</ex> biß <rs ref="register.xml#Leuben" type="place">Leibe dorff</rs>, 1.m<ex>eill</ex> <rs ref="register.xml#Dresden" type="place">Dreßden</rs> 1.m<ex>eill</ex>
                <foreign xml:lang="lat">fac<ex>it</ex></foreign><note type="translation">ergibt</note> 5.</p></div>
            
            <div xml:id="E1628-11-20b"><note place="margin-left">55.m<ex>eill</ex></note><head><date when="1628-11-20">den 20. 9bris, <c>♃</c></date></head><p> biß <rs ref="register.xml#Grossenhain" type="place">grossen
                Haan</rs>, 4.m<ex>eill</ex></p></div>
            
            <div xml:id="E1628-11-21b"><note place="margin-left">62.m<ex>eill</ex></note><head><date when="1628-11-21">den 21. 9bris, <c>♀</c></date></head><p> biß <rs ref="register.xml#Kossdorf" type="place">Coßdorf</rs> 4.
               m<ex>eill</ex> <rs ref="register.xml#Muehlberg_Elbe" type="place">Mülberg</rs> auf d<ex>er</ex> r<ex>echten</ex> h<ex>and</ex> liegg<ex>en</ex> lassen. biß <rs ref="register.xml#Annaburg" type="place">Annenburg</rs>, 3.
               m<ex>eill</ex> <foreign xml:lang="lat">fac<ex>it</ex></foreign><note type="translation">ergibt</note> 7.</p></div>
            
            <pb facs="http://selbstzeugnisse.hab.de/edition/images/00111.jpg" n="54r"/>
            
            <div xml:id="E1628-11-22b"><note place="margin-right">66.m<ex>eill</ex></note><head><date when="1628-11-22">den 22. 9bris <c>♄</c>,</date></head><p> durch <rs ref="register.xml#Jessen" type="place">Jessen</rs>, 1.m<ex>eill</ex> biß <rs ref="register.xml#Wittenberg" type="place">Wittenberg</rs>, 3.m<ex>eill</ex> <foreign xml:lang="lat">fac<ex>it</ex></foreign><note type="translation">ergibt</note> 4.</p></div>
            
            <div xml:id="E1628-11-24"><note place="margin-right">72.m<ex>eill</ex></note><head><date when="1628-11-24">den 24. 9bris, <c>☽</c>.</date></head><p> durch <rs ref="register.xml#Coswig_Anhalt" type="place">Coßwig</rs>,
                2.m<ex>eill</ex> biß <rs ref="register.xml#Zerbst_Anhalt" type="place">Zerbst</rs>, 4.m<ex>eill</ex> <foreign xml:lang="lat">fac<ex>it</ex></foreign><note type="translation">ergibt</note> 6.</p></div>
            
            <div xml:id="E1628-11-25"><note place="margin-right">77.m<ex>eill</ex></note><head><date when="1628-11-25">d<ex>en</ex> 25. 9bris <c>♂</c>,</date></head><p> biß <rs ref="register.xml#Magdeburg" type="place">Magdeburgk</rs>, 5.m<ex>eill</ex></p></div>
            
            <div xml:id="E1628-11-26"><note place="margin-right">79.m<ex>eill</ex></note><head><date when="1628-11-26">den 26. 9bris, <c>☿</c></date></head><p> biß <rs ref="register.xml#Wolmirstedt" type="place">Wolmerstede</rs>,
                2.m<ex>eill</ex> </p></div>
            
            <div xml:id="E1628-11-27"><note place="margin-right">86.m<ex>eill</ex></note><head><date when="1628-11-27">den 27. 9bris, <c>♃</c>,</date></head><p> durch
                <rs ref="register.xml#Letzlingen" type="place">Netzlingen</rs>, biß <rs ref="register.xml#Gardelegen" type="place">Gardeleben</rs>, 5.m<ex>eill</ex> biß <rs ref="register.xml#Kakerbeck" type="place">Cakerbecke</rs>, 2.m<ex>eill</ex> <foreign xml:lang="lat">fac<ex>it</ex></foreign><note type="translation">ergibt</note>
                7.</p></div>
            
            <div xml:id="E1628-11-28"><note place="margin-right">94.m<ex>eill</ex></note><head><date when="1628-11-28">d<ex>en</ex> 28. 9bris, <c>♀</c></date></head><p> biß <rs ref="register.xml#Dannenberg" type="place">däneburg</rs>, <rs ref="register.xml#Luechow" type="place">Lüchow</rs>, 5.m<ex>eill</ex> biß <rs ref="register.xml#Hitzacker" type="place">Hitzger</rs> 3.m<ex>eill</ex> <foreign xml:lang="lat">fac<ex>it</ex></foreign><note type="translation">ergibt</note> 8.
                <foreign xml:lang="lat">Laus Deo</foreign><note type="translation" resp="as">Gelobt sei Gott</note></p></div>
            
            <div xml:id="E1628-12-01"><head><date when="1628-12-01">den 1. xbris, <c>☽</c>.</date></head><p> zum <rs ref="register.xml#Dannenberg" type="place">dannenberge</rs>
                gewesen.</p></div>
            
            <div xml:id="E1628-12-12"><head><date when="1628-12-12">den 12 xbris, <c>♀</c></date></head><p> biß <rs ref="register.xml#Salzwedel" type="place">Saltzwedel</rs>;
                zum <rs ref="register.xml#Philipp_Reinhard_Solms" type="person">Grafen von Solms</rs>.</p></div>
            
            <div xml:id="E1628-12-13"><head><date when="1628-12-13">den 13 xbris</date></head><p> stille geleg<ex>en</ex></p></div>
            
            <div xml:id="E1628-12-14"><head><date when="1628-12-14">d<ex>en</ex> 14 xbris <c>☉</c></date></head><p> biß <rs ref="register.xml#Hitzacker" type="place">hitzger</rs></p></div>
            
            <div xml:id="E1628-12-21"><head><date when="1628-12-21">den 21 xbris <c>☉</c></date></head><p> durch <rs ref="register.xml#Dannenberg" type="place">dannenberg</rs> biß <rs ref="register.xml#Prezelle" type="place">Prezetz</rs>, 3 m<ex>eill</ex> biß zur <rs ref="register.xml#Harpe" type="place">harpe</rs> 3 m<ex>eill</ex> <foreign xml:lang="lat">fac<ex>it</ex></foreign><note type="translation">ergibt</note> 6.</p></div>
            
            <div xml:id="E1628-12-22"><head><date when="1628-12-22">den 22 xbris <c>☽</c></date></head><p> biß <rs ref="register.xml#Osterburg" type="place">Osterburg</rs>, 3
               m<ex>eill</ex> biß <rs ref="register.xml#Stendal" type="place">Stendel</rs>, 3 m<ex>eill</ex> <foreign xml:lang="lat">fac<ex>it</ex></foreign><note type="translation">ergibt</note> 6. dem <rs ref="register.xml#Philipp_Reinhard_Solms" type="person">Grafen <add place="above">v<ex>on</ex> Solms</add> </rs>und <rs ref="register.xml#Bertram_Quadt_zu_Alsbach" type="person">Obersten Lieutenant Quaden</rs>,
                zugesprochen.</p></div>
            
            <div xml:id="E1628-12-23"><head><date when="1628-12-23">d<ex>en</ex> 23 xbris <c>♂</c></date></head><p> biß <rs ref="register.xml#Osterburg" type="place">Osterburg</rs> 3 m<ex>eill</ex> biß <rs ref="register.xml#Arendsee_Altmark" type="place">Arentsee</rs>, 2m<ex>eill</ex> <foreign xml:lang="lat">fac<ex>it</ex></foreign><note type="translation">ergibt</note>
                5.</p></div>
            
            <div xml:id="E1628-12-24"><head><date when="1628-12-24">d<ex>en</ex> 24 xbris <c>☿</c></date></head><p> biß <rs ref="register.xml#Prezelle" type="place">Pretzetz</rs>, <rs ref="register.xml#Dannenberg" type="place">dannenberg</rs> <rs ref="register.xml#Hitzacker" type="place">Hitzger</rs>; 6m<ex>eill</ex></p></div>
            
            <div xml:id="E1628-12-27"><head><date when="1628-12-27">den 27. xbris <c>♄</c>,</date></head><p> biß <rs ref="register.xml#Bergen_an_der_Dumme" type="place">Bergen</rs> 4 m<ex>eill</ex></p></div>
            
            <div xml:id="E1628-12-28"><head><date when="1628-12-28">d<ex>en</ex> 28 xbris <c>☉</c></date></head><p> biß <rs ref="register.xml#Juebar" type="place">Jüvern</rs>, 4 m<ex>eill</ex> biß <rs ref="register.xml#Wolfsburg" type="place">Wolfesburg</rs>, 3 m<ex>eill</ex> <foreign xml:lang="lat">fac<ex>it</ex></foreign><note type="translation">ergibt</note> 7.</p></div>
            
            <div xml:id="E1628-12-29"><head><date when="1628-12-29">den 29 xbris <c>☽</c>.</date></head><p> biß <rs ref="register.xml#Kampe" type="place">Campen</rs> 2m<ex>eill</ex>
                biß <rs ref="register.xml#Braunschweig" type="place">Brunschwieg</rs> 2m<ex>eill</ex> <foreign xml:lang="lat">fac<ex>it</ex></foreign><note type="translation">ergibt</note> 4.</p></div>
            
            <div xml:id="E1628-12-31"><head><date when="1628-12-31">d<ex>en</ex> 31 xbris <c>☿</c></date></head><p> biß <rs ref="register.xml#Wolfsburg" type="place">Wolfesburg</rs> 4 m<ex>eill</ex></p></div>
        </body>
    </text>
</TEI>