<?xml version="1.0" encoding="UTF-8"?><TEI xmlns="http://www.tei-c.org/ns/1.0" xmlns:xi="http://www.w3.org/2001/XInclude" next="1630.xml" n="1629" prev="1628.xml" type="edition">
    <teiHeader>
        <fileDesc><titleStmt><title>
          Herzog August der Jüngere von Braunschweig-Wolfenbüttel (1579-1666): Ephemerides. Sive Diarium (1594-1635)
           – 1629</title><principal ref="https://doi.org/10.1515/editio-2016-0009">Inga Hanna Ralle</principal><funder ref="http://d-nb.info/gnd/5055588-1">Niedersächsisches Ministerium für Wissenschaft und Kultur</funder><respStmt><name>Jacqueline Krone</name><resp>Metadaten, Recherche und Korrektur</resp></respStmt><respStmt><name ref="http://orcid.org/0000-0001-9292-5673">David Maus</name><resp>Technische Konzeption und Begleitung</resp></respStmt></titleStmt><publicationStmt><publisher><name ref="http://d-nb.info/gnd/8989-8">Herzog August Bibliothek Wolfenbüttel</name></publisher><pubPlace>Wolfenbüttel</pubPlace><date when="2017">2017</date><availability><licence target="https://creativecommons.org/licenses/by-sa/4.0/">CC-BY-SA 4.0</licence></availability></publicationStmt><sourceDesc><bibl>
          Herzog August der Jüngere von Braunschweig-Wolfenbüttel (1579-1666): Ephemerides. Sive Diarium (1594-1635). Herzog
          August Bibliothek, Signatur: Cod.  Guelf. 42.19 Aug. 2°
        </bibl></sourceDesc></fileDesc>
    </teiHeader>
    <text>
        <body>
            <div><head facs="http://selbstzeugnisse.hab.de/edition/images/00111.jpg" n="54r"/></div>
            
            <div xml:id="E1629-01-01"><note place="margin-right">1629.</note><head><date when="1629-01-01">den 1. Jan. <c>♃</c></date></head><p> 1629. biß <rs ref="register.xml#Bergen_an_der_Dumme" type="place">Bergen</rs>. 7
               m<ex>eill</ex></p></div>
            
            <div xml:id="E1629-01-02"><head><date when="1629-01-02">d<ex>en</ex> 2 Jan. <c>♀</c></date></head><p> biß <rs ref="register.xml#Hitzacker" type="place">Hitzger</rs>. 4 m<ex>eill</ex></p></div>
            
            <pb facs="http://selbstzeugnisse.hab.de/edition/images/00112.jpg" n="54v"/>
            
            <div><head>1629.</head></div>
            
            <div xml:id="E1629-01-21"><head><date when="1629-01-21">den 21. Jan<ex>uaris</ex></date></head><p> biß <rs ref="register.xml#Salzwedel" type="place">Saltzwedel</rs>. <c>☿</c>.</p></div>
            
            <div xml:id="E1629-01-22"><head><date when="1629-01-22">den 22. Jan<ex>uaris</ex>
                <c>♃</c></date></head><p> biß <rs ref="register.xml#Gardelegen" type="place">Gardeleb&lt;<ex>en</ex>&gt;</rs>; zu dem <rs ref="register.xml#Gottfried_Heinrich_Pappenheim" type="person">Gr<ex>afen</ex> v<ex>on</ex> Bappenheimb</rs>.</p></div>
            
            <div xml:id="E1629-01-24"><head><date when="1629-01-24">den 24. Jan<ex>uaris</ex> <c>♄</c>.</date></head><p> biß <rs ref="register.xml#Salzwedel" type="place">Saltzwedel</rs>.</p></div>
            
            <div xml:id="E1629-01-25"><head><date when="1629-01-25">d<ex>en</ex> 25 Jan<ex>uaris</ex> <c>☉</c></date></head><p> biß <rs ref="register.xml#Hitzacker" type="place">Hitzger</rs>.</p></div>
            
            <div xml:id="E1629-02-08"><head><date when="1629-02-08">den 8. Febr<ex>uari</ex> <c>☉</c></date></head><p> biß <rs ref="register.xml#Malchow" type="place">Malke</rs>, <rs ref="register.xml#Grabow" type="place">Grabow</rs>. 4. m</p></div>
            
            <div xml:id="E1629-02-09"><head><date when="1629-02-09">d<ex>en</ex> 9. Febr<ex>uari</ex>
                <c>☽</c></date></head><p> biß <rs ref="register.xml#Parchim" type="place">Parchimb</rs>, 3 m<ex>eill</ex> biß
                    <rs ref="register.xml#Goldberg" type="place">Goldberg</rs>, 3.m<ex>eill</ex> <foreign xml:lang="lat">fac<ex>it</ex></foreign><note type="translation">ergibt</note> 6.</p></div>
            
            <div xml:id="E1629-02-10"><head><date when="1629-02-10">d<ex>en</ex> 10. Febr<ex>uari</ex>
                <c>♂</c></date></head><p> biß <rs ref="register.xml#Guestrow" type="place">Güstrow</rs>, 2.m<ex>eill</ex> zu d<ex>em</ex> <rs ref="register.xml#Albrecht_Friedland" type="person">Hertzog zu Friedlandt</rs>.</p></div>
            
            <div xml:id="E1629-02-12"><head><date when="1629-02-12">d<ex>en</ex> 12. Febr<ex>uari</ex>
                <c>♃</c></date></head><p> biß <rs ref="register.xml#Luebz" type="place">Lüptze</rs> 5.m<ex>eill</ex></p></div>
            
            <div xml:id="E1629-02-13"><head><date when="1629-02-13">d<ex>en</ex> 13. Febr<ex>uari</ex>
                <c>♀</c></date></head><p> biß durch <rs ref="register.xml#Parchim" type="place">Parchimb</rs>, <rs ref="register.xml#Grabow" type="place">Grabow</rs>: 4.
                   m<ex>eill</ex></p></div>
            
            <div xml:id="E1629-02-14"><head><date when="1629-02-14">d<ex>en</ex> 14. Febr<ex>uari</ex> <c>♄</c>,</date></head><p> zu <rs ref="register.xml#Tripkau" type="place">Tribbekow</rs>
                abgeleget, zu <rs ref="register.xml#Tiesmesland" type="place">Tißmeslande</rs> über die Elbe, biß <rs ref="register.xml#Hitzacker" type="place">Hitzger</rs>.</p></div>
            
            <div xml:id="E1629-02-26"><head><date when="1629-02-26">den 26. Febr<ex>uari</ex>
                <c>♃</c></date></head><p> biß Bergen, 4.m<ex>eill</ex> biß <rs ref="register.xml#Diesdorf" type="place">Dißtorf</rs>
                    2.m<ex>eill</ex> biß <rs ref="register.xml#Wolfsburg" type="place">Wolfesburg</rs> 4. meyll. den <rs ref="register.xml#Gottfried_Heinrich_Pappenheim" type="person">v<ex>on</ex> pappenheimb</rs> gesproch<ex>en</ex>. </p></div>
            
            <div xml:id="E1629-02-28"><head><date when="1629-02-28">den 28. Febr<ex>uari</ex> <c>♄</c>,</date></head><p> biß <rs ref="register.xml#Bergen_an_der_Dumme" type="place">Bergen</rs></p></div>
            
            <!-- 29. Feb 1629 wird nicht als zulässiges Datum betrachtet. dmaus 10/2017 -->
            <div xml:id="E1629-02-29"><head><date>d<ex>en</ex> 29. Febr<ex>uari</ex>
                <add place="above"><c>☉</c></add> </date></head><p> biß <rs ref="register.xml#Hitzacker" type="place">hitzger</rs></p></div>
            
            <div xml:id="E1629-03-25"><head><date when="1629-03-25">d<ex>en</ex> 25 Martii. <c>☿</c>.</date></head><p> biß <rs ref="register.xml#Scharnebeck" type="place">Scharneberck</rs>.</p></div>
            
            <div xml:id="E1629-03-31"><head><date when="1629-03-31">d<ex>en</ex> 31. Martii <c>♂</c>.</date></head><p> zu <rs ref="register.xml#Lueneburg" type="place">Luneburgk</rs> gewesen.</p></div>
            
            <div xml:id="E1629-04-01"><head><date when="1629-04-01">d<ex>en</ex> 1. Aprilis <c>☿</c></date></head><p> biß <rs ref="register.xml#Hitzacker" type="place">hitzger</rs></p></div>
            
            <div xml:id="E1629-04-22"><head><date when="1629-04-22">d<ex>en</ex> 22. April<ex>is</ex>. <c>☿</c></date></head><p> biß <rs ref="register.xml#Grabow" type="place">Grabow</rs>: biß <rs ref="register.xml#Parchim" type="place">Parchimb</rs>:</p></div>
            
            <div xml:id="E1629-04-23"><head><date when="1629-04-23">d<ex>en</ex> 23 April<ex>is</ex>
                <c>♃</c>.</date></head><p> biß <rs ref="register.xml#Guestrow" type="place">Güstrow</rs>, ad <rs ref="register.xml#Albrecht_Friedland" type="person">Ducem
                    Fridlandiae</rs>.</p></div>
            
            <div xml:id="E1629-04-25"><head><date when="1629-04-25">d<ex>en</ex> 25. April<ex>is</ex> <c>♄</c></date></head><p> biß <rs ref="register.xml#Parchim" type="place">Parchimb</rs></p></div>
            
            <div xml:id="E1629-04-26"><head><date when="1629-04-26">d<ex>en</ex> 26 April<ex>is</ex> <c>☉</c></date></head><p> biß <rs ref="register.xml#Grabow" type="place">Grabow</rs>,
                <rs ref="register.xml#Hitzacker" type="place">Hitzger</rs></p></div>
            
            <div xml:id="E1629-04-27"><head><date when="1629-04-27">den 27. April<ex>is</ex>
                <c>☽</c>.</date></head><p> biß <rs ref="register.xml#Lueneburg" type="place">Lůneburgk</rs>.</p></div>
            
            <div xml:id="E1629-04-28"><head><date when="1629-04-28">d<ex>en</ex> 28. Apr<ex>ilis</ex>
                <c>♂</c>.</date></head><p> biß <rs ref="register.xml#Hitzacker" type="place">hitzger</rs>.</p></div>
            
            <div xml:id="E1629-04-30"><head><date when="1629-04-30">d<ex>en</ex> 30 Apr<ex>ilis</ex>
                <c>♃</c></date></head><p> biß <rs ref="register.xml#Lueneburg" type="place">Lůneburgk</rs></p></div>
            
            <div xml:id="E1629-05-01"><head><date when="1629-05-01">d<ex>en</ex> 1 Maii <c>♀</c></date></head><p> biß <rs ref="register.xml#Hitzacker" type="place">Hitzger</rs>.</p></div>
            
            <pb facs="http://selbstzeugnisse.hab.de/edition/images/00113.jpg" n="55r"/>
            
            <div xml:id="E1629-05-10"><note place="margin-right">Andere <rs ref="register.xml#Vienna" type="place">Wiener</rs> reyse 6.m<ex>eill</ex></note><head><date when="1629-05-10">den 10 Maii <c>☉</c></date></head><p> biß <rs ref="register.xml#Bergen_an_der_Dumme" type="place">Bergen</rs>, 4.m<ex>eill</ex> biß <rs ref="register.xml#Diesdorf" type="place">Distorf</rs>, 6.m<ex>eill</ex> seynd 6.</p></div>
            
            <div xml:id="E1629-05-11"><note place="margin-right">10.m<ex>eill</ex></note><head><date when="1629-05-11">den 11. Maii <c>☽</c>.</date></head><p> biß <rs ref="register.xml#Wolfsburg" type="place">Wulfesburg</rs>,
                4.m<ex>eill</ex></p></div>
            
            <div xml:id="E1629-05-12"><note place="margin-right">15.m<ex>eill</ex></note><head><date when="1629-05-12">den 12 Maii <c>♂</c>,</date></head><p> biß <hi rend="underline"><rs ref="register.xml#Braunschweig" type="place">Brunschweig</rs></hi>, 4.m<ex>eill</ex> biß <rs ref="register.xml#Wolfenbuettel" type="place">Wulfenbüttel</rs>, i.m<ex>eill</ex> <foreign xml:lang="lat">fac<ex>it</ex></foreign><note type="translation">ergibt</note> 5.</p></div>
            
            <div xml:id="E1629-05-16"><note place="margin-right">21.m<ex>eill</ex></note><head><date when="1629-05-16">den 16. Maii, <c>♄</c></date></head><p> biß <rs ref="register.xml#Asse" type="place">Dassem</rs>, 4.m<ex>eill</ex> biß <rs ref="register.xml#Halberstadt" type="place">Halberstat</rs>, 2m<ex>eill</ex></p></div>
            
            <div xml:id="E1629-05-17"><note place="margin-right">26.m<ex>eill</ex></note><head><date when="1629-05-17">den 17. Maii, <add place="above"><c>☉</c></add> </date></head><p> biß <rs ref="register.xml#Aschersleben" type="place">Aschersleben</rs>, 5.m<ex>eill</ex></p></div>
            
            <div xml:id="E1629-05-18"><note place="margin-right">34.m<ex>eill</ex></note><head><date when="1629-05-18">den 18 Maii, <c>☽</c>.</date></head><p> bis <rs ref="register.xml#Bernburg" type="place">Bernburgk</rs>,
                über die Saaler Brugken, 3.m<ex>eill</ex> biß <rs ref="register.xml#Halle_an_der_Saale" type="place">Halle</rs> 5.m<ex>eill</ex></p></div>
            
            <div xml:id="E1629-05-19"><note place="margin-right">39.m<ex>eill</ex></note><head><date when="1629-05-19">den 19 Maii <c>♂</c></date></head><p> biß <rs ref="register.xml#Leipzig" type="place">Leipzig</rs>, 5.
               m<ex>eill</ex></p></div>
            
            <div xml:id="E1629-05-21"><note place="margin-right">45.m<ex>eill</ex></note><head><date when="1629-05-21">den 21 Maii, <c>♃</c></date></head><p> biß über die
                Moldaw, <rs ref="register.xml#Wurzen" type="place">Wurten</rs>, 3.m<ex>eill</ex> biß <rs ref="register.xml#Oschatz" type="place">Oschatz</rs>, 3.m<ex>eill</ex></p></div>
            
            <div xml:id="E1629-05-22"><note place="margin-right">52.m<ex>eill</ex></note><head><date when="1629-05-22">den 22 Maii, <c>♀</c></date></head><p> biß <rs ref="register.xml#Meissen" type="place">Meissen</rs>, 4 m<ex>eill</ex>
                biß <rs ref="register.xml#Dresden" type="place">dreßden</rs> 3.m<ex>eill</ex></p></div>
            
            <div xml:id="E1629-05-26"><note place="margin-right">58.m<ex>eill</ex></note><head><date when="1629-05-26">den 26 Maii <c>♂</c>,</date></head><p> biß <rs ref="register.xml#Bad_Gottleuba_Berggiesshuebel" type="place">Jeßhübel</rs>, 3.
               m<ex>eill</ex> biß <rs ref="register.xml#Aussig" type="place">Aussig</rs>, 3.m<ex>eill</ex></p></div>
            
            <div xml:id="E1629-05-27"><note place="margin-right">64.m<ex>eill</ex></note><head><date when="1629-05-27">d<ex>en</ex> 27 Maii <c>☿</c></date></head><p> biß <rs ref="register.xml#Leitmeritz_Litomerice" type="place">Labastitz</rs>, 2m<ex>eill</ex> durch <rs ref="register.xml#Budin_Budyne_nad_Ohri" type="place">Buddin</rs>, 2.m<ex>eill</ex> biß <rs ref="register.xml#Velvary" type="place">Welbern</rs>, 3.m<ex>eill</ex></p></div>
            
            <div xml:id="E1629-05-28"><note place="margin-right">67.m<ex>eill</ex></note><head><date when="1629-05-28">d<ex>en</ex> 28 Maii, <c>♃</c>,</date></head><p> biß <rs ref="register.xml#Prag" type="place">Praag</rs>, 3.m<ex>eill</ex></p></div>
            
            <div xml:id="E1629-05-30"><note place="margin-right">74.m<ex>eill</ex></note><head><date when="1629-05-30">den 30 Maii, <c>♄</c>,</date></head><p> biß <rs ref="register.xml#Boehmisch_Brod_Cesky_Brod" type="place">Behmische<ex>n</ex> Broda</rs>. 4.m<ex>eill</ex> biß <rs ref="register.xml#Kolin" type="place">Collin</rs>, 3.
               m<ex>eill</ex></p></div>
            
            <div xml:id="E1629-05-31"><note place="margin-right">76.m<ex>eill</ex></note><head><date when="1629-05-31">den 31 Maii, <c>☉</c></date></head><p> biß <rs ref="register.xml#Tschaslau_Caslav" type="place">Tzaßlaf</rs>, 2.m<ex>eill</ex></p></div>
            
            <div xml:id="E1629-06-01"><note place="margin-right">81.m<ex>eill</ex></note><head><date when="1629-06-01">den 1. Junii <c>☽</c>.</date></head><p> biß durch <rs ref="register.xml#Habern" type="place">habern</rs>,
                <rs ref="register.xml#Deutschbrod_Havlickuv_Brod" type="place">Teutschenbroda</rs>, 5.m<ex>eill</ex></p></div>
            
            <div xml:id="E1629-06-02"><note place="margin-right">87.m<ex>eill</ex></note><head><date when="1629-06-02">d<ex>en</ex> 2. Junii <c>♂</c>,</date></head><p> biß <rs type="place">Polnaw</rs>, 2.m<ex>eill</ex> <rs ref="register.xml#Kamenitz_Kamenice" type="place">Cammitz</rs>, 2.m<ex>eill</ex> <rs ref="register.xml#Trebitsch_Trebic" type="place">Trebitz</rs>, 2.m<ex>eill</ex></p></div>
            
            <div xml:id="E1629-06-03"><note place="margin-right">92.m<ex>eill</ex></note><head><date when="1629-06-03">den 3. Jun<ex>ii</ex>
                <c>☿</c></date></head><p> biß <rs ref="register.xml#Znaim_Znojom" type="place">Znaimb</rs>, 5.m<ex>eill</ex></p></div>
            
            <div xml:id="E1629-06-04"><note place="margin-right">100.m<ex>eill</ex></note><head><date when="1629-06-04">d<ex>en</ex> 4. Junii, <c>♃</c></date></head><p> biß <rs ref="register.xml#Kallendorf_Chvalovice" type="place">Gellersdorf</rs> 5.m<ex>eill</ex> biß <rs ref="register.xml#Korneuburg" type="place">Chor Newburg</rs>, 3.m<ex>eill</ex></p></div>
            
            <div xml:id="E1629-06-05"><note place="margin-right">102.m<ex>eill</ex> <c type="accent">x</c><note type="annotation">Schluss- oder Betonungszeichen</note></note><head><date when="1629-06-05">den 5 Junii <c>♀</c></date></head><p> biß <rs ref="register.xml#Vienna" type="place">Wien</rs>, 2.m<ex>eill</ex> zu
                den dreyen Kronen.</p></div>
            
            <pb facs="http://selbstzeugnisse.hab.de/edition/images/00114.jpg" n="55v"/>
            
            <div xml:id="E1629-06-09"><head><date when="1629-06-09">den 9 Junii <c>♂</c>,</date></head><p> bey d<ex>er</ex> <rs ref="register.xml#Ferdinand_II._HRR" type="person">Röm<ex>isch</ex> Kays<ex>erlichen</ex> May<ex>es</ex>t<ex>ät</ex></rs> Audientz gehabt.</p></div>
            
            <div xml:id="E1629-06-11"><head><date when="1629-06-11">den 11. Jun<ex>ii</ex>
                <c>♃</c></date></head><p> bey d<ex>er</ex> <rs ref="register.xml#Ferdinand_III" type="person">kön. Würd<ex>en</ex></rs>; und dem Vicelantzlern <rs ref="register.xml#Peter_Heinrich_von_Stralendorf" type="person">Stralendorf</rs>,
                    Audientz gehabt.</p></div>
            
            <div xml:id="E1629-06-18"><head><date when="1629-06-18">den 18 Jun<ex>ii</ex>
                <c>♃</c></date></head><p> Curf<ex>ürst</ex>l<ex>ichen</ex> <rs type="person">Gesanten</rs> zu gaste
                    gehabt.</p></div>
            
            <div xml:id="E1629-06-20"><head><date when="1629-06-20">den 20 Junii <c>♄</c>.</date></head><p> nach <rs ref="register.xml#Laxenburg" type="place">Laxenburg</rs> gewesen.</p></div>
            
            <div xml:id="E1629-06-22"><head><date when="1629-06-22">den 22 Jůni <c>☽</c></date></head><p> bey d<ex>er</ex> Turggischen botschafft zu gaste gewesen.</p></div>
            
            <div xml:id="E1629-06-26"><head><date when="1629-06-26">den 26 Junii <c>♀</c></date></head><p> <seg>in die drey hacken
                od<ex>er</ex> beyle</seg><note type="annotation">Gasthof "Zu den drei Hacken" (1667-1814) in der Renngasse, Wien, siehe <ref target="https://www.wien.gv.at/wiki/index.php/Zu_den_drei_Hacken_(Renngasse)">Wien Geschichte Wiki</ref></note>, bey den Schotten<note type="annotation">"Bei den Schotten" ist das Schottenstift oder die Benediktinerabtei zu den Schotten in Wien. <ref target="http://www.schotten.wien/">Homepage der Abtei</ref></note> gezogen.</p></div>
            
            <div xml:id="E1629-06-29"><head><date when="1629-06-29">den 29 Junii <c>☽</c></date></head><p> zu <rs ref="register.xml#Laxenburg" type="place">Laxenburg</rs>, eine
                Comoedia gehalten word<ex>en.</ex> Item ein <w>Ringelrennen</w><note type="annotation">Tjost, Zweikampfspiel mit der Lanze zu Pferd</note>; da 2
                zugleich gerennet, auf 2 bahnen. Auf den Abend ist ein fewerwerck gehalt<ex>en.</ex></p></div>
            
            <div xml:id="E1629-07-17"><head><date when="1629-07-17">den 17. Julii. <c>♀</c></date></head><p> das <seg>Newe Gebäwte</seg><note type="annotation">Schloss Neugebäude in Wien</note>
                besehen: ist gebawet an dem orte, da d<ex>er</ex> <rs ref="register.xml#Sulaiman_I." type="person">Türckische Kayser</rs>
                gelegen, wie <rs ref="register.xml#Vienna" type="place">Wien</rs> belagert worden. Hatt 10. kleine, und 4 grosse Türne: die so
                grosse wed<ex>en</ex> genennet, der Spiel: d<ex>er</ex>
                Musicanten; der Rahts, und d<ex>er</ex> Bade Tuhrn: viele garten;
                Ballon hauß, dabey es einen Artig<ex>en</ex> Echo; Item Balhauß;
                Stall <c type="accent">x</c><note type="annotation">Schluss- oder Betonungszeichen</note> </p></div>
            
            <div xml:id="E1629-07-19"><head><date when="1629-07-19">den 19 Juli, <c>☉</c></date></head><p> ein Pancket gehalt<ex>en</ex>:</p></div>
            
            <div xml:id="E1629-08-03"><head><date when="1629-08-03">den 3 Aug<ex>usti</ex>
                <c>☽</c>.</date></head><p> zu <rs ref="register.xml#Dornbach" type="place">dornbach</rs>, aufm Jagen, mit
                    ihrer <rs ref="register.xml#Ferdinand_II._HRR" type="person">Kays. Matt:</rs> gegessen.</p></div>
            
            <div xml:id="E1629-08-27"><head><date when="1629-08-27">den 27. Aug<ex>usti</ex>
                <c>♃</c>.</date></head><p> den Elephanten besehen: die
                pudenda stecket er hinter sich, wan er brůntzet, od<ex>er</ex> coitum
                    verrichtet: kann auf einen tagk, 7 od<ex>er</ex> 8.m<ex>eill</ex> 
            
            <pb facs="http://selbstzeugnisse.hab.de/edition/images/00115.jpg" n="56r"/>
            
            Marschieren: frisset brot, zucker, und sauffet Wein: hatt kleine Augen: eine harte
                haut: enge ohren, aber bräyt: aufm halse, ohren und rüssel kann er einen menschen
                tragen; mit d<ex>er</ex> Spitze des Rüssels, holet er d<ex>a</ex>z trincken zu sich, so wol auch d<ex>a</ex>z essen, und reichts dan ihm selber in den Mundt Die zunge
                ist ihm angewachsen; hat nebst den 2 eussern, noch 4 einnwe<ex>n</ex>dige od<ex>er</ex> innere zähne: schiebet dieselb<ex>en</ex> wie ein Pferdt: Wan er kranck wird, curieret man ihn, mit
                Brantenwein: d<ex>a</ex>z blasen auß d<ex>en</ex> Rüssel ist kühle, so man merck<ex>en</ex> kan,
                wan er einem ein zuckerkörnlein auß der hand nimt: Er kan d<ex>en</ex> Russel ob<ex>en</ex> auf den kopf legen, und von danne<ex>n</ex> ein brot herunter nehmen: Wane iner will auf ihn sitzen,
                hält er den ford<ex>er</ex>n fuß empor: Hatt breyte runde füsse: fünf
                klawen: Auch gelencke an den Schenkeln; daß er sich selber kan aufhelffen.</p></div>
            
            <div xml:id="E1629-09-11"><head><date when="1629-09-11">den 11 7bris <c>♀</c></date></head><p> d<ex>er</ex> <rs ref="register.xml#Wolfgang_Wilhelm_von_Pfalz_Neuburg" type="person">Pfaltzgraf von Newburgk. W.W.</rs> <del>was</del> ein
                <w>ringelrenne<ex>n</ex></w><note type="annotation">Tjost, Zweikampfspiel mit der Lanze zu Pferd</note> gehalten.</p></div>
            
            <div xml:id="E1629-09-27"><head><date when="1629-09-27">den 27. 7bris <c>☉</c></date></head><p> habe ich ein newen gebäwte, <foreign xml:lang="lat">in p<ex>rae</ex>sentia, Imperatorie</foreign><note type="translation">In Anwesenheit des Herrschers</note> item ein
                <w>Ringelrennen</w><note type="annotation">Tjost, Zweikampfspiel mit der Lanze zu Pferd</note> gehalten: und hat <rs ref="register.xml#Wartislav_von_Fuerstenberg" type="person">Graff Wratißlaf</rs>, d<ex>er</ex>
                beste gewonnen.</p></div>
            
            <div xml:id="E1629-10-01"><head><date when="1629-10-01">den 1. 8bris <c>♃</c></date></head><p> zu <rs ref="register.xml#Kaiserebersdorf" type="place">Ebersdorf</rs>
                Audientz gehabt, beÿ unserm <rs ref="register.xml#Ferdinand_II._HRR" type="person">Allergn<ex>ädigsten</ex> kayser.</rs></p></div>
            
            <div xml:id="E1629-10-11"><head><date when="1629-10-11">den 11 8bris, <c>☉</c></date></head><p> Beym<rs ref="register.xml#Ferdinand_II._HRR" type="person">Kayser</rs>, <rs ref="register.xml#Ferdinand_III" type="person">Könige</rs>, und <rs ref="register.xml#Leopold_Wilhelm_von_Oesterreich" type="person">Ertzhertzoge Leopold Wilhelmen</rs>, Audientz
                gehabt, zum Abschiede</p></div>
            
            <pb facs="http://selbstzeugnisse.hab.de/edition/images/00116.jpg" n="56v"/>
            
            <div xml:id="E1629-10-12"><head><date when="1629-10-12">den 12 8bris <c>☽</c>,</date></head><p>Vom <rs ref="register.xml#Johann_Ulrich_Eggenberg" type="person">f<ex>ürst</ex> von Eggenb<ex>erg</ex></rs>
                <rs ref="register.xml#Karl_I._von_Liechtenstein" type="person">f<ex>ürst</ex> v<ex>on</ex> Liechtenstein</rs>; <rs ref="register.xml#Peter_Heinrich_von_Stralendorf" type="person">Vicecancellario h<ex>err</ex> Stralendorff</rs>; d<ex>en</ex>
                <rs ref="register.xml#Melchior_Klesl" type="person">Cardinal Clöseln</rs>; dem <rs ref="register.xml#Wolfgang_Wilhelm_von_Pfalz_Neuburg" type="person">Pfaltzgraf<ex>en</ex></rs> Abscheid genommen. </p></div>
            
            <div xml:id="E1629-10-13"><head><date when="1629-10-13">d<ex>en</ex> 13 8bris <c>♂</c>.</date></head><p> vom <rs ref="register.xml#Wartislav_von_Fuerstenberg" type="person">h<ex>e</ex>r<ex>r</ex> v<ex>on</ex> furstenb<ex>erg</ex></rs></p></div>
            
            <div xml:id="E1629-10-14"><note place="margin-left"><foreign xml:lang="lat">Reditus in patriam</foreign><note type="translation">Rückkehr in die Heimat</note> 5.m<ex>eill</ex></note><head><date when="1629-10-14">d<ex>en</ex> 14 8bris <c>☿</c></date></head><p> biß <rs ref="register.xml#Korneuburg" type="place">Chor Newburg</rs>, <rs ref="register.xml#Kallendorf_Chvalovice" type="place">Gellersdorf</rs>, 5.m<ex>eill</ex> </p></div>
            
            <div xml:id="E1629-10-15"><note place="margin-left">10m<ex>eill</ex></note><head><date when="1629-10-15">d<ex>en</ex> 15 8bris</date></head><p> biß <rs ref="register.xml#Znaim_Znojom" type="place">Znaimb</rs>, 5.m<ex>eill</ex> unterwegs ist mir <rs ref="register.xml#Maximilian_von_Waldstein" type="person">Gr<ex>af</ex> Max von
                Wallenstein</rs> bejegnet</p></div>
            
            <div xml:id="E1629-10-16"><note place="margin-left">13.m<ex>eill</ex></note><head><date when="1629-10-16">d<ex>en</ex> 16 8bris <c>♀</c></date></head><p> biß <rs ref="register.xml#Maehrisch_Budwitz_Moravske_Budejovice" type="place">Bardewitz</rs> 3.m<ex>eill</ex></p></div>
            
            <div xml:id="E1629-10-17"><note place="margin-left">18.m<ex>eill</ex></note><head><date when="1629-10-17">d<ex>en</ex> 17. 8bris <c>♄</c></date></head><p> biß <rs ref="register.xml#Pirnitz" type="place">Pirnitz</rs>; <rs ref="register.xml#Iglau_Jihlava" type="place">Trigla</rs>, 5.m<ex>eill</ex></p></div>
            
            <div xml:id="E1629-10-18"><note place="margin-left">23.m<ex>eill</ex></note><head><date when="1629-10-18">d<ex>en</ex> 18. 8bris <c>☉</c></date></head><p> biß <rs ref="register.xml#Deutschbrod_Havlickuv_Brod" type="place">teutschenbroda</rs> 3.m<ex>eill</ex> <rs ref="register.xml#Habern" type="place">habern</rs>, 2.m<ex>eill</ex></p></div>
            
            <div xml:id="E1629-10-19"><note place="margin-left">28.m<ex>eill</ex></note><head><date when="1629-10-19">d<ex>en</ex> 19 8bris <c>☽</c>.</date></head><p> biß durch <rs ref="register.xml#Deutschbrod_Havlickuv_Brod" type="place">teutsch<ex>en</ex> Broda</rs>, 3.m<ex>eill</ex></p></div>
            
            <div xml:id="E1629-10-20"><note place="margin-left">31.m<ex>eill</ex></note><head><date when="1629-10-20">d<ex>en</ex> 20 8bris <c>♂</c>,</date></head><p> biß <rs ref="register.xml#Boehmisch_Brod_Cesky_Brod" type="place">Böhmisch<ex>en</ex> Broda</rs>, 3.m<ex>eill</ex></p></div>
            
            <div xml:id="E1629-10-21"><note place="margin-left">35.m<ex>eill</ex></note><head><date when="1629-10-21">d<ex>en</ex> 21. 8bris, <c>☿</c></date></head><p> biß <rs ref="register.xml#Prag" type="place">Praag</rs>, 4.m<ex>eill</ex></p></div>
            
            <div xml:id="E1629-10-22"><head><date when="1629-10-22">d<ex>en</ex> 22. 8bris, <c>♃</c></date></head><p> beym Ob. Burggrafen h<ex>errn</ex> <rs ref="register.xml#Adam_z_Valdstejna" type="person">Adam v<ex>on</ex> Wallenstein</rs>
                zu gaste gewesen.</p></div>
            
            <div xml:id="E1629-10-23"><note place="margin-left">41.m<ex>eill</ex></note><head><date when="1629-10-23">den 23. 8bris. <c>♀</c>.</date></head><p> biß <rs ref="register.xml#Schlan_Slany" type="place">Schlaun</rs>, 4.
               m<ex>eill</ex> biß <rs ref="register.xml#Jungfernteinitz_Panensky_Tynec" type="place">Teinitz</rs> aufm dorffe: 2.m<ex>eill</ex></p></div>
            
            <div xml:id="E1629-10-24"><note place="margin-left">45.m<ex>eill</ex></note><head><date when="1629-10-24">d<ex>en</ex> 24. 8bris <c>♄</c></date></head><p> biß <rs ref="register.xml#Postelberg_Postoloprty" type="place">Postelberg</rs>, <rs ref="register.xml#Komotau" type="place">Commotaw</rs>, 5.m<ex>eill</ex></p></div>
            
            <div xml:id="E1629-10-25"><note place="margin-left">49.m<ex>eill</ex></note><head><date when="1629-10-25">d<ex>en</ex> 25. 8bris <c>☉</c></date></head><p> biß <rs ref="register.xml#Neudorf_Nova_Ves" type="place">Newstadt</rs>, <rs ref="register.xml#Dreizehnhaan" type="place">dreyzenhan</rs> Böhmische Grentze,
                <rs ref="register.xml#Marienberg" type="place">Marienberg</rs>, 4.m<ex>eill</ex></p></div>
            
            <div xml:id="E1629-10-26"><note place="margin-left">55.m<ex>eill</ex></note><head><date when="1629-10-26">d<ex>en</ex> 26 8bris <c>☽</c>,</date></head><p> biß <rs ref="register.xml#Zschopau" type="place">Tschopa</rs>, i m<ex>eill</ex> biß <rs ref="register.xml#Penig" type="place">Penigk</rs> 5.m<ex>eill</ex></p></div>
            
            <div xml:id="E1629-10-27"><note place="margin-left">61.m<ex>eill</ex></note><head><date when="1629-10-27">d<ex>en</ex> 27 8bris <c>♂</c>.</date></head><p> biß zur <rs ref="register.xml#Probstheida" type="place">heide</rs>, 3 ½m<ex>eill</ex> biß <rs ref="register.xml#Leipzig" type="place">Leipzig</rs>, 2 ½m<ex>eill</ex></p></div>
            
            <div xml:id="E1629-10-28"><note place="margin-left">66.m<ex>eill</ex></note><head><date when="1629-10-28">d<ex>en</ex> 28. 8bris <c>☿</c></date></head><p> biß <rs ref="register.xml#Schkeuditz" type="place">Scheiditz</rs> 2.m<ex>eill</ex> biß <rs ref="register.xml#Halle_an_der_Saale" type="place">halle</rs>, 3.m<ex>eill</ex></p></div>
            
            <div xml:id="E1629-10-29"><note place="margin-left">71.m<ex>eill</ex></note><head><date when="1629-10-29">d<ex>en</ex> 29. 8bris <c>♃</c>.</date></head><p> biß kůnd<ex>er</ex>n, 3.m<ex>eill</ex> zu <rs ref="register.xml#Alsleben" type="place">Aalsleh</rs> über die,
                Saale, biß <rs ref="register.xml#Gnoelbzig" type="place">Plötzke</rs>, 2.m<ex>eill</ex></p></div>
            
            <pb facs="http://selbstzeugnisse.hab.de/edition/images/00117.jpg" n="57r"/>
            
            <div xml:id="E1629-10-30"><note place="margin-right">77.m<ex>eill</ex></note><head><date when="1629-10-30">d<ex>en</ex> 30. 8bris,</date></head><p> biß <rs ref="register.xml#Magdeburg" type="place">Magdeburgk</rs> 6m<ex>eill</ex> </p></div>
            
            <div xml:id="E1629-10-31"><note place="margin-left">84.m<ex>eill</ex></note><head><date when="1629-10-31">d<ex>en</ex> 31. 8bris,</date></head><p> biß <rs ref="register.xml#Letzlingen" type="place">Netzling<ex>en</ex></rs> 5.m<ex>eill</ex> biß
                <rs ref="register.xml#Gardelegen" type="place">Gardeleben</rs>, 2.m<ex>eill</ex></p></div>
            
            <div xml:id="E1629-11-01"><note place="margin-left">89.m<ex>eill</ex></note><head><date when="1629-11-01">den i. 9bris. <c>☉</c></date></head><p> biß <rs ref="register.xml#Salzwedel" type="place">Saltzwedel</rs>, 5.m<ex>eill</ex></p></div>
            
            <div xml:id="E1629-11-02"><note place="margin-left">94.m<ex>eill</ex></note><head><date when="1629-11-02">den 2. 9bris <c>☽</c>.</date></head><p> biß <rs ref="register.xml#Hitzacker" type="place">Hitzger</rs>, 5.
               m<ex>eill</ex> </p></div>
            
            <div><p><foreign xml:lang="lat">Laus Deo Tri-uni</foreign><note type="translation">Gelobt sei der dreieinige Gott</note>.</p></div>
            
        </body>
    </text>
</TEI>