<?xml version="1.0" encoding="UTF-8"?><TEI xmlns="http://www.tei-c.org/ns/1.0" xmlns:xi="http://www.w3.org/2001/XInclude" prev="1630.xml" next="1633.xml" n="1632" type="edition">
    <teiHeader>
        <fileDesc><titleStmt><title>
          Herzog August der Jüngere von Braunschweig-Wolfenbüttel (1579-1666): Ephemerides. Sive Diarium (1594-1635)
           – 1632</title><principal ref="https://doi.org/10.1515/editio-2016-0009">Inga Hanna Ralle</principal><funder ref="http://d-nb.info/gnd/5055588-1">Niedersächsisches Ministerium für Wissenschaft und Kultur</funder><respStmt><name>Jacqueline Krone</name><resp>Metadaten, Recherche und Korrektur</resp></respStmt><respStmt><name ref="http://orcid.org/0000-0001-9292-5673">David Maus</name><resp>Technische Konzeption und Begleitung</resp></respStmt></titleStmt><publicationStmt><publisher><name ref="http://d-nb.info/gnd/8989-8">Herzog August Bibliothek Wolfenbüttel</name></publisher><pubPlace>Wolfenbüttel</pubPlace><date when="2017">2017</date><availability><licence target="https://creativecommons.org/licenses/by-sa/4.0/">CC-BY-SA 4.0</licence></availability></publicationStmt><sourceDesc><bibl>
          Herzog August der Jüngere von Braunschweig-Wolfenbüttel (1579-1666): Ephemerides. Sive Diarium (1594-1635). Herzog
          August Bibliothek, Signatur: Cod.  Guelf. 42.19 Aug. 2°
        </bibl></sourceDesc></fileDesc>
    </teiHeader>
    <text>
        <body>
            <div><head facs="http://selbstzeugnisse.hab.de/edition/images/00118.jpg" n="57v">1632</head></div>
       
            <div xml:id="E1632-09-03"><head><date when="1632-09-03">den 3. 7bris <c>☽</c></date></head><p> biß <rs ref="register.xml#Lueneburg" type="place">Lüneburgk</rs></p></div>
       
            <div xml:id="E1632-09-04"><head><date when="1632-09-04">den 4. 7bris,<c>♂</c></date></head><p> biß <rs ref="register.xml#Kirchwaerder_Zollenspieker" type="place">Tollenspiker</rs>;
                Auf den Abend wied<ex>er</ex> biß <rs ref="register.xml#Lueneburg" type="place">Lüneburgk</rs>, wegen <rs ref="register.xml#Franz_Karl_von_Sachsen_Lauenburg" type="person">H<ex>errn</ex> fr<ex>anz</ex> Carl zu
                    Sachsen</rs> daselbst<ex>en</ex> angelanget.</p></div>
            
            <div xml:id="E1632-09-05"><head><date when="1632-09-05">den 5. 7bris <c>☿</c></date></head><p> biß <rs ref="register.xml#Hamburg" type="place">Hamburgk</rs> <unclear>in´t</unclear>
                hoff v<ex>on</ex> Hollandt: <c type="accent">x</c><note type="annotation">Schluss- oder Betonungszeichen</note></p></div>
            
            <div xml:id="E1632-09-07"><head><date when="1632-09-07">d<ex>en</ex> 7 7bris, <c>♀</c></date></head><p> biß <rs ref="register.xml#Bergedorf" type="place">Bergerdorf</rs>: <rs ref="register.xml#Lauenburg" type="place">Lawenburg</rs>, </p></div>
            
            <div xml:id="E1632-09-08"><head><date when="1632-09-08">d<ex>en</ex> 8 7bris, <c>♄</c></date></head><p> durch <rs ref="register.xml#Boizenburg" type="place">Beutzenburg</rs>, biß <rs ref="register.xml#Neu_Darchau" type="place">Darchow</rs>, <rs ref="register.xml#Hitzacker" type="place">Hitzger</rs>.</p></div>
            
            <div xml:id="E1632-09-15"><head><date when="1632-09-15">den 15 7bris <c>♄</c>,</date></head><p> bey <rs ref="register.xml#Franz_Karl_von_Sachsen_Lauenburg" type="person">H<ex>errn</ex> fr<ex>anz</ex> Carln</rs> abermahln zum <rs ref="register.xml#Verguenne" type="place">vergünne</rs>, gewesen.</p></div>
        
        </body>
    </text>
</TEI>