<?xml version="1.0" encoding="UTF-8"?>
<TEI xmlns="http://www.tei-c.org/ns/1.0" xmlns:xi="http://www.w3.org/2001/XInclude" type="statisch" xml:id="edition.diarium.xml">
    <teiHeader>
        <fileDesc>
            <titleStmt>
                <title> Herzog August der Jüngere von Braunschweig-Wolfenbüttel (1579-1666):
                    Ephemerides. Sive Diarium (1594-1635)</title>
                <principal ref="https://doi.org/10.1515/editio-2016-0009">Inga Hanna
                    Ralle</principal>
                <funder ref="http://d-nb.info/gnd/5055588-1">Niedersächsisches Ministerium für
                    Wissenschaft und Kultur</funder>
                <respStmt>
                    <name>Jacqueline Krone</name>
                    <resp>Metadaten, Recherche und Korrektur</resp>
                </respStmt>
                <respStmt>
                    <name ref="http://orcid.org/0000-0001-9292-5673">David Maus</name>
                    <resp>Technische Konzeption und Begleitung</resp>
                </respStmt>
            </titleStmt>
            <publicationStmt>
                <publisher><name ref="http://d-nb.info/gnd/8989-8">Herzog August Bibliothek
                        Wolfenbüttel</name></publisher>
                <pubPlace>Wolfenbüttel</pubPlace>
                <date when="2017">2017</date>
                <availability>
                    <licence target="https://creativecommons.org/licenses/by-sa/4.0/">CC-BY-SA
                        4.0</licence>
                </availability>
            </publicationStmt>
            <sourceDesc>
                <bibl> Herzog August der Jüngere von Braunschweig-Wolfenbüttel (1579-1666):
                    Ephemerides. Sive Diarium (1594-1635). Herzog August Bibliothek, Signatur: Cod.
                    Guelf. 42.19 Aug. 2° </bibl>
            </sourceDesc>
        </fileDesc>
    </teiHeader>
    <text>
        <group>
            <head>Ephemerides. Sive Diarium (1594-1635)</head>
            <xi:include href="1594.xml" xpointer="element(/1/2)"/>
            <xi:include href="1595.xml" xpointer="element(/1/2)"/>
            <xi:include href="1596.xml" xpointer="element(/1/2)"/>
            <xi:include href="1597.xml" xpointer="element(/1/2)"/>
            <xi:include href="1598.xml" xpointer="element(/1/2)"/>
            <xi:include href="1599.xml" xpointer="element(/1/2)"/>
            <xi:include href="1600.xml" xpointer="element(/1/2)"/>
            <xi:include href="1601.xml" xpointer="element(/1/2)"/>
            <xi:include href="1602.xml" xpointer="element(/1/2)"/>
            <xi:include href="1603.xml" xpointer="element(/1/2)"/>
            <xi:include href="1604.xml" xpointer="element(/1/2)"/>
            <xi:include href="1605.xml" xpointer="element(/1/2)"/>
            <xi:include href="1606.xml" xpointer="element(/1/2)"/>
            <xi:include href="1607.xml" xpointer="element(/1/2)"/>
            <xi:include href="1608.xml" xpointer="element(/1/2)"/>
            <xi:include href="1609.xml" xpointer="element(/1/2)"/>
            <xi:include href="1610.xml" xpointer="element(/1/2)"/>
            <xi:include href="1611.xml" xpointer="element(/1/2)"/>
            <xi:include href="1612.xml" xpointer="element(/1/2)"/>
            <xi:include href="1613.xml" xpointer="element(/1/2)"/>
            <xi:include href="1614.xml" xpointer="element(/1/2)"/>
            <xi:include href="1615.xml" xpointer="element(/1/2)"/>
            <xi:include href="1618.xml" xpointer="element(/1/2)"/>
            <xi:include href="1619.xml" xpointer="element(/1/2)"/>
            <xi:include href="1620.xml" xpointer="element(/1/2)"/>
            <xi:include href="1621.xml" xpointer="element(/1/2)"/>
            <xi:include href="1622.xml" xpointer="element(/1/2)"/>
            <xi:include href="1623.xml" xpointer="element(/1/2)"/>
            <xi:include href="1624.xml" xpointer="element(/1/2)"/>
            <xi:include href="1625.xml" xpointer="element(/1/2)"/>
            <xi:include href="1626.xml" xpointer="element(/1/2)"/>
            <xi:include href="1627.xml" xpointer="element(/1/2)"/>
            <xi:include href="1628.xml" xpointer="element(/1/2)"/>
            <xi:include href="1629.xml" xpointer="element(/1/2)"/>
            <xi:include href="1630.xml" xpointer="element(/1/2)"/>
            <xi:include href="1632.xml" xpointer="element(/1/2)"/>
            <xi:include href="1633.xml" xpointer="element(/1/2)"/>
            <xi:include href="1634.xml" xpointer="element(/1/2)"/>
            <xi:include href="1635.xml" xpointer="element(/1/2)"/>
        </group>
    </text>
</TEI>
