<?xml version="1.0" encoding="UTF-8"?><TEI xmlns="http://www.tei-c.org/ns/1.0" xmlns:xi="http://www.w3.org/2001/XInclude" type="edition" n="Titelseite" next="1594.xml" xml:id="edition.diarium.front.xml">
    <teiHeader>
        <fileDesc><titleStmt><title>
          Herzog August der Jüngere von Braunschweig-Wolfenbüttel (1579-1666): Ephemerides. Sive Diarium (1594-1635)
           – Titelseite</title><principal ref="https://doi.org/10.1515/editio-2016-0009">Inga Hanna Ralle</principal><funder ref="http://d-nb.info/gnd/5055588-1">Niedersächsisches Ministerium für Wissenschaft und Kultur</funder><respStmt><name>Jacqueline Krone</name><resp>Metadaten, Recherche und Korrektur</resp></respStmt><respStmt><name ref="http://orcid.org/0000-0001-9292-5673">David Maus</name><resp>Technische Konzeption und Begleitung</resp></respStmt></titleStmt><publicationStmt><publisher><name ref="http://d-nb.info/gnd/8989-8">Herzog August Bibliothek Wolfenbüttel</name></publisher><pubPlace>Wolfenbüttel</pubPlace><date when="2017">2017</date><availability><licence target="https://creativecommons.org/licenses/by-sa/4.0/">CC-BY-SA 4.0</licence></availability></publicationStmt><sourceDesc><bibl>
          Herzog August der Jüngere von Braunschweig-Wolfenbüttel (1579-1666): Ephemerides. Sive Diarium (1594-1635). Herzog
          August Bibliothek, Signatur: Cod.  Guelf. 42.19 Aug. 2°
        </bibl></sourceDesc></fileDesc>
    </teiHeader>
    <text>
        <body>
            <div><head facs="http://selbstzeugnisse.hab.de/edition/images/00003.jpg" n="Ir">
                <foreign xml:lang="lat">manu p<ex>ro</ex>pria</foreign><note type="translation" resp="as">eigenhändig</note> <foreign xml:lang="lat">Ephemerides. Sive Diarium.</foreign><note type="translation">Ephemeriden. Oder Tagebuch</note> <foreign xml:lang="lat">manu p<ex>ro</ex>pria</foreign><note type="translation" resp="as">eigenhändig</note>		
            </head>
                </div>
            <pb facs="http://selbstzeugnisse.hab.de/edition/images/00004.jpg" n="Iv"/>
            <div>
                <list>
                <item><rs type="person">Sophia Ursula</rs></item>
                <item><rs type="person">Catharina Elisabeta</rs></item>
                <item><rs type="person">Antonius Heinrich</rs></item>
                <item><rs type="person">Anna</rs></item> 
                <item><rs type="person">Clara</rs></item> 
                <item><rs type="person">Sibilla Maria</rs></item> 
                <item><rs type="person">Dorothea.</rs></item> 
                <item><rs ref="register.xml#Sidonia_von_Oldenburg_Delmenhorst" type="person">Sidonia.</rs></item> 
                <item><rs ref="register.xml#Christian_von_Oldenburg_Delmenhorst" type="person">Christianus</rs></item>                                                
                <item><rs ref="register.xml#Emilie_von_Schwarzburg_Rudolstadt" type="person">Aemilia</rs></item>
                <item><rs ref="register.xml#Juliana_von_Wuerttemberg_Weiltingen" type="person">Juliana</rs></item>               
                </list><note type="annotation">Von August notierte Liste der Nachkommen seiner Schwester Sibylle Elisabeth von Braunschweig-Dannenberg (1576-1630) und Graf Anton II. von Oldenburg-Delmenhorst (1550-1619)</note>
            </div>
            
        </body>
    </text>
</TEI>