<?xml-stylesheet type="text/xsl" href="../../xslt/default.xsl"?>
<TEI xmlns="http://www.tei-c.org/ns/1.0" type="statisch" xml:id="edition.richtlinien.xml">
    <teiHeader>
        <fileDesc>
            <titleStmt>
                <title> Selbstzeugnisse der Frühen Neuzeit in der Herzog August Bibliothek </title>
            </titleStmt>
            <publicationStmt>
                <publisher>
                    <name ref="http://d-nb.info/gnd/8989-8">Herzog August Bibliothek
                        Wolfenbüttel</name>
                </publisher>
                <pubPlace>
                    <name>Wolfenbüttel, Germany</name>
                </pubPlace>
            </publicationStmt>
            <sourceDesc>
                <p>born digital</p>
            </sourceDesc>
        </fileDesc>
    </teiHeader>
    <text>
        <body>
            <div>
                <head>Editions- und Kodierungsrichtlinien</head>
                <div>
                    <head>Allgemein</head>
                    <p>Es kommt bei der Textkonstitution nicht hauptsächlich auf eine Reproduktion
                        visueller, autographer, materieller und typographischer Merkmale des Textes an. Der Einsicht, dass Material und
                        Typographie Informationsträger sind, wird damit Rechnung getragen, dass das
                        Manuskript im Hinblick auf Typographie, Layout, Beschaffenheit und Material in der Handschriftenbeschreibung erläutert und das Digitalisat der Handschrift gezeigt wird.</p>                                       
                    <p>Herausgeberzusätze werden grundsätzlich durch eckige Klammern [] markiert,
                        unsichere Lesungen werden durch ein mit eckigen Klammern versehenes
                        Fragezeichen [?], unlesbare oder verlorene Textteile durch Auslassungspunkte
                        […] kenntlich gemacht.</p>
                </div>
                <div>
                    <head>Textgestalt</head>
                    <p> Die Transkription erfolgte anhand des Digitalisats unter autoptischer
                        Kontrolle am Original. Die Seitenumbrüche sowie die originale Foliierung
                        werden kodiert, sodass eine Darstellung und Wiedergabe dieser Einheiten in
                        der digitalen Edition möglich ist. Dies erleichtert den Vergleich mit dem
                        Digitalisat der Handschrift.</p>
                    
                    <p>Bestimmte textuelle Auszeichnungen (Einzüge, Abstände u. dgl., s. u.) werden
                        vereinfacht bzw. vereinheitlicht. Die Trennung von Tages- und
                        Jahreseinträgen wird durch Absätze einheitlich kenntlich gemacht. Linien und
                        andere Markierungen (Mehrspaltigkeit) werden nicht reproduziert, sondern
                        können am Digitalisat eingesehen werden.</p>
                    
                    <p>Die in der Vorlage verwendete Kurrent- bzw. Antiqua-Schrift wird vereinheitlicht wiedergegeben. Vor allem für
                        fremdsprachige Passagen, Wörter fremdsprachigen Ursprungs sowie Städte-,
                        Orts- und Personennamen verwendete August Antiqua. </p>                   
                    <p>Auffällige Spezifika von Augusts Handschrift werden normalisiert. So wird z.B. das doppelte „t”,
                        das graphisch dem Minuskel-h gleicht, mit „tt” und das „tz”, welches wiederum graphisch dem „lz” ähnelt, in der Transkription mit „tz” wiedergegeben.</p>
                    <p>Sprachliche oder dialektale Eigenheiten werden nach Vorlage übernommen: z.B.
                        „schlecht” statt „schlägt”.</p>
                    
                    <p>Die in Geheimschrift abgefassten Textteile werden dechiffriert wiedergegeben
                        und durch &#123;: :&#125; kenntlich gemacht, die Geheimschrift selbst wird nicht
                        nachgeahmt, sondern kann am Digitalisat eingesehen werden.</p>
                    <p>Fremdsprachige Passagen werden ins Deutsche übertragen. Der lateinische Text
                        wird wie folgt transkribiert: Ligaturen werden mit Ausnahme von „Æ/æ” und
                        „Œ/œ” aufgelöst. Für „ii” stehendes „y” oder „ÿ”, wird als „ij” transkribiert.
                        Die originale Schreibweise wird unter Ausschluss der (lediglich als
                        Lesehilfe fungierenden) diakritischen Zeichen beibehalten.</p>
                    <list>
                        <head>Groß- und Klein-, Getrennt- und Zusammenschreibung</head>
                        <item> Eigennamen, Getrennt- und Zusammenschreibung sowie Groß- und
                            Kleinschreibung erfolgen nach Vorlage. Majuskeln werden übernommen
                            sowohl an-, in- und auslautend, in Zweifelsfällen wird nach Augusts
                            Gewohnheit, ansonsten nach heutiger Praxis entschieden, Zweifelsfälle
                            werden durch [] markiert.</item>
                        <item>Worttrennungen am Zeilenende werden nicht nach Vorlage übernommen.</item>
                    </list>
                    <list>
                        <head>Grapheme</head>
                        <item>I, i, J, j, U, u, ů, ü, V, v, W, w, Y, y, ÿ werden (abgesehen von den erwähnten Standardisierungen in fremdsprachigen Passagen) nach Vorlage
                            wiedergegeben.</item>
                        <item>Bei der Verwendung der Grapheme (B, b) für (W, w) werden
                            unverständliche Wörter und Begriffe im Apparat erläutert.</item>
                        <item>Das Fraktur-e, Theta (ϑ) als Minuskel-d und Schaft-s (ſ) werden mit
                            modernen Zeichensätzen wiedergegeben.</item>
                        <item>Konsonantenhäufungen werden nach Vorlage übernommen, z.B.
                            „unnd“.</item>
                        <item>Ligaturen werden aufgelöst, „Æ” zu „Ae”, „Œ” zu „Oe” usw.</item>
                    </list>
                    <list>
                        <head>Diakritika</head>
                        <item>Erfolgen nach Vorlage,</item>
                        <item>fehlende i- und j- Punkte werden stillschweigend ergänzt</item>
                    </list>
                    <list>
                        <head>Orthographie, Interpunktion</head>
                        <item>Erfolgt nach Vorlage</item>
                    </list>
                    <list>
                        <head>Trennungszeichen</head>
                        <item>Werden nicht transkribiert, z.B „=”</item>
                    </list>
                    <list>
                        <head>Klammerformen</head>
                        <item>Erfolgen nach Vorlage, z.B. „/:” bzw. „:/”</item>
                    </list>
                </div>
                <div>
                    <head>Abbreviaturen, Kürzel, Kurzformen, Sonderzeichen, Doppelungen</head>
                    <p>Kurzformen, Abbreviaturen und Kürzel werden kodiert, sodass eine Darstellung
                        wahlweise in originaler oder kursivierter und aufgelöster (nach heutiger
                        Grammatik und Praxis) Form erfolgen kann. Diese Regel gilt im Einzelnen für
                        sämtliche mit waagerechten Strichen oder einem der Tilde ähnlichen Zeichen
                        angezeigten Kurzformen, für Kürzungen von „das“ bzw. „daß“ in Form eines
                        „dz“ sowie von „was“ in Form eines „wz“, für Aufwärtsschleifen statt der
                        Endung „-er“, für Abwärtsschleifen statt der Endungen „-em“ und „-en“, für
                        Nasalstriche über Vokalen, für Verdopplungsstriche über den Nasalen „m“ und
                        „n“ sowie für alle zeitgenössisch gebräuchlichen Kürzel der Silben „am“,
                        „em“, „en“, „per“, „prae“, „pro“, „que“, „qui“, „um“,
                        „us“, „v“ = „ver“, „sh“ = „sch“. Die Abkürzungszeichen der Vorlage
                        entfallen.</p>
                    <p>Alle übrigen Abkürzungen, sämtliche Sonderzeichen (z.B. für alte Maßeinheiten
                        und Planetensymbole für die Wochentage, verkürzte Schreibweise für
                        Montasnamen wie 7bris, 8bris), abgekürzte Personennamen und geographische
                        Bezeichnungen (Berge, Gebirge, Gewässer, Landschaften, Orte, Territorien
                        usw.) werden kodiert, sodass eine Ausgabe in der digitalen Edition in
                        originaler oder kursivierter und aufgelöster Form erfolgen kann.</p>
                </div>
                <div>
                    <head>Textkritischer Apparat und Kommentar</head>
                    <p>Es werden textkritische Anmerkungen und ein Kommentar erstellt. Auf die relevanten und erläuterten
                        Textstellen wird durch Symbole und farbliche Markierung verwiesen. Die Darstellung erfolgt rechts vom 
                        edierten Text in Form von Marginalien, welche von Nutzer nach Bedarf ein- und ausgeblendet werden können.</p>
                    <list>
                        <head>Textkritischer Apparat</head>
                        <item>Entstehungsvarianten (Änderungen, Streichungen, Ergänzungen (z.B. +☉+)) sowie
                            Hervorhebungen, Marginalien und Superskripta werden kodiert und markiert.</item>
                        <item>Schreibversehen und -fehler (z.B. versehentliche
                            Wortwiederholungen) werden nicht korrigiert, es erfolgt eine Erläuterung
                            im Apparat, wenn sie sinnentstellend sind.</item>
                        <item>Überlieferungsvarianten wie Hinzufügungen und Dechiffrierungsversuche von
                            Augusts oder fremder Hand werden kodiert und kommentiert.</item>
                    </list>
                    <list>
                        <head>Kommentar</head>
                        <item>Heute ungebräuchliche und unverständliche Wörter, Begriffe,
                            Fremdwörter und Redewendungen, gegebenenfalls schwer verständliche oder
                            besondere Semantik und Grammatik werden erörtert.</item>
                        <item>Es erfolgt die Übersetzung fremdsprachiger Passagen (wortgetreue Wiedergabe) sowie
                            die Dechiffrierung der Geheimschrift.</item>
                        <item>Personen, geographische Bezeichnungen, Sachen, Begriffe und Zitate
                            sowie politische und persönliche Ereignisse werden nach Möglichkeit
                            identifiziert und erläutert.</item>  
                        <item>Es werden außerdem eine Manuskriptbeschreibung (inkl. Entstehungs- und
                            Überlieferungsgeschichte), </item>
                        <item>eine Kurzbiographie Herzog Augusts, </item>
                        <item>eine Beschreibung der hinzugezogenen oben genannten Quellen</item>
                        <item>und eine Beschreibung der sprachlichen und graphematischen Eigenheiten der
                            Handschrift von Herzog August sowie Besonderheiten der Handschrift (eine
                            eigenhändige Zeichnung, eine Namensliste, Zahlenaufstellungen) erstellt.</item>                        
                    </list>
                </div>
                <div>
                    <head>Register</head>
                    <p>Die Namen und Bezeichnungen in den Verzeichnissen von Orten und Personen werden in der Orthographie vereinheitlicht und in ihrer modernen Form angegeben. Die Namensansetzungen der Personen entsprechen denen der <ref target="https://portal.dnb.de/">GND</ref>, die Orte denen der <ref target="http://www.getty.edu/research/tools/vocabularies/tgn/index.html">TGN</ref>.</p>
                </div>
            </div>
        </body>
    </text>
</TEI>