<?xml version="1.0" encoding="UTF-8"?>
<TEI xmlns:xsi="http://www.w3.org/2001/XMLSchema-instance"
    xsi:schemaLocation="http://www.tei-c.org/ns/1.0 http://diglib.hab.de/rules/schema/tei/P5/v2.8.0/tei-p5-transcr.xsd"
    xmlns="http://www.tei-c.org/ns/1.0" xmlns:xi="http://www.w3.org/2001/XInclude"
    xml:id="sz2.cod_guelf_28_blank_teil4.xml">
    <teiHeader type="text">
        <fileDesc>
            <titleStmt>
                <title>Herzog Ludwig Rudolph von Braunschweig-Wolfenbüttel (1671-1735): Tagebuch (1701) (Cod. Guelf. 28 Blank)</title>
                <respStmt>
                    <resp>transkribiert und kommentiert von</resp>
                    <persName>
                        <forename>Andreas</forename>
                        <surname>Herz</surname>                        
                    </persName>
                </respStmt>                
                <respStmt>
                    <resp>Umsetzung der Digitalen Edition von</resp>
                    <persName>
                        <forename>Torsten</forename>
                        <surname>Schaßan</surname>
                    </persName>
                </respStmt> 
                <funder>Niedersächsisches Ministerium für Wissenschaft und Kultur</funder>                
                <principal>Herzog August Bibliothek Wolfenbüttel</principal>
            </titleStmt>
            <publicationStmt>
                <publisher>
                    <name type="org">Herzog August Bibliothek Wolfenbüttel</name>
                    <ptr target="http://www.hab.de"/>
                </publisher>            
                <date type="digitised" when="2019">2019</date>
                <distributor>Herzog August Bibliothek Wolfenbüttel</distributor>
                <availability status="free">
                    <licence target="https://creativecommons.org/licenses/by-sa/4.0/">CC-BY-SA 4.0</licence>
                </availability>
            </publicationStmt>
            <sourceDesc>
                <bibl>Herzog Ludwig Rudolph von Braunschweig-Wolfenbüttel (1671-1735): Diarium Sni: Princip: ac Domii Dmi Ludovici Rudolphi Brunsvicensium ac Luneburg Ducis Vitam &amp; Actiones nec non pleraq in aula Guelphica ut et Christiano Orbi universo notatu digna complecteus. Herzog August Bibliothek, Signatur: Cod. Guelf. 28 Blank</bibl>
                <xi:include href="../register/listPerson_s2.xml" xpointer="element(person)"/>
                <xi:include href="../register/listPlace_s2.xml" xpointer="element(place)"/>
                <xi:include href="../register/listGloss_s2.xml" xpointer="element(glossar)"/>
                <xi:include href="../register/listAbbr_s2.xml" xpointer="element(abbr)"/>
                <xi:include href="../register/listBibl_s2.xml" xpointer="element(bibliographie)"/>
            </sourceDesc>            
        </fileDesc>
        <revisionDesc>
            <list>
                <item>work in progress</item>
            </list>
        </revisionDesc>
    </teiHeader>
    <text>
        <body>
            <div type="volume">
                <div type="chapter" n="4">
                    <pb n="151" facs="#mss_28-blank_00163"/>
                    <head>LIT. C.</head>
                    <p>
                        <lb/>&#x2003;&#x2003;&#x2003;Der köstliche Schmuck
                        <lb/>&#x2003;&#x2003;einer jeden gläubigen Seele,
                        <lb/>&#x2003;Zuforderst aber einer jedweden Gott-geheiligten
                        <lb/>&#x2003;&#x2003;&#x2003;Kloster-Jungfrau,
                        <lb/>&#x2003;Darinnen Sie Ihrem Könige und Bräutigamb
                        <lb/>&#x2003;&#x2003;&#x2003;CHRISTO JESU
                        <lb/>&#x2003;&#x2003;&#x2003;woll gefallen.
                        <lb/>&#x2003;Am 5<c rend="super">ten</c> Sonntage <term ref="#trinitatis">Trinitatis</term> dieses 1701<c rend="super">ten</c> Jahres
                        <lb/>&#x2003;&#x2003;Aus dem ordentlichen Evangelio <rs type="person" ref="#lukas_heiliger">Luc<ex>as</ex></rs> V. v<ex>ers</ex> I - II.
                        <lb/>Es begab sich, daß sich das Volck &#x2014;&#x2014; und folgeten Ihm nach.
                        <lb/>&#x2003;&#x2003;&#x2003;Bey solenner
                        <lb/>&#x2003;&#x2003;INAUGURATION u<ex>nd</ex> Einsegnunge
                        <lb/>&#x2003;&#x2003;&#x2003;&#x2003;Des
                        <lb/>&#x2003;&#x2003;Neu-erbaut- und gestiffteten
                        <lb/>&#x2003;Jungfrauen-Klosters zu <rs type="place" ref="#salzdahlum" role="mentioned">Saltzthalum</rs>
                        <lb/>&#x2003;&#x2003;&#x2003;Zur Ehre Gottes
                        <lb/>&#x2003;&#x2003;&#x2003;&#x2003;genannt,
                        <lb/>Bey respectivè Hochfürst<ex>licher</ex> und Volck-reicher Versamblung
                        <lb/>&#x2003;aus der Heyl<ex>igen</ex> Schrifft, und Zeugnüßen der <w lemma="bewehrten">bewehr
                        <lb/>&#x2003;&#x2003;ten</w> Kirchen-Lehrer einfaltig vorgestellet,
                        <lb/>&#x2003;Und auff HochFürstl<ex>ichen</ex> G<ex>nä</ex>d<ex>ig</ex>sten Befehl zum Druck
                        <lb/>&#x2003;&#x2003;&#x2003;&#x2003;herausgegeben
                        <lb/>&#x2003;&#x2003;&#x2003;&#x2003;&#x2003;Von
                        <lb/>&#x2003;&#x2003;&#x2003;&#x2003;<rs type="person" ref="#specht_christian">Christian Specht</rs>,
                        <lb/>&#x2003;Fürstl<ex>ich</ex> Braunschw<ex>eig</ex> Lüneburg<ex>ischem</ex> Ober-<w lemma="Superintendenten">Superinten
                        <lb/>&#x2003;denten</w>, Consistorial- und Kirchen-Raht, auch
                        <lb/>&#x2003;&#x2003;Abten des Closters <rs type="place" ref="#riddagshausen" role="mentioned">Riddagshausen</rs>.
                    </p>
                    <pb n="152" facs="mss_28-blank_00164"/>
                    <pb n="153" facs="mss_28-blank_00165"/>
                    <pb n="154" facs="mss_28-blank_00166"/>
                    <pb n="155" facs="mss_28-blank_00167"/>
                    <pb n="156" facs="mss_28-blank_00168"/>                  
                    
                    
                   
                </div>
            </div>  
        </body>
    </text>
</TEI>