<?xml version="1.0" encoding="UTF-8"?>
<TEI xmlns="http://www.tei-c.org/ns/1.0" xmlns:xi="http://www.w3.org/2001/XInclude" type="statisch" xml:id="edition_sz2">
    <teiHeader>
        <fileDesc>
            <titleStmt>
                <title>Herzog Ludwig Rudolph von Braunschweig-Wolfenbüttel (1671-1735) und Herzogin Christine Luise von Braunschweig-Wolfenbüttel (1671–1747): Tagebücher (1698-1724)</title>
                <!--<respStmt>
                    <resp>transkribiert und kommentiert von</resp>
                    <persName>
                        <forename>Alexander</forename>
                        <surname>Zirr</surname>                        
                    </persName>
                    <persName>
                        <forename>Andreas</forename>
                        <surname>Herz</surname>                        
                    </persName>
                    <persName>
                        <forename>Hütten</forename>
                        <surname>Jan-Hendrik</surname>                        
                    </persName>
                    <persName>
                        <forename>Miriam</forename>
                        <surname>Mulzer</surname>                        
                    </persName>
                </respStmt>                
                <respStmt>
                    <resp>Umsetzung der Digitalen Edition von</resp>
                    <persName>
                        <forename>Maximilian</forename>
                        <surname>Görmar</surname>
                    </persName>
                </respStmt>--> 
                <funder>Niedersächsisches Ministerium für Wissenschaft und Kultur</funder>                
                <principal>Herzog August Bibliothek Wolfenbüttel</principal>
            </titleStmt>
            <publicationStmt>
                <publisher>
                    <name type="org">Herzog August Bibliothek Wolfenbüttel</name>
<!--                    <ptr target="http://www.hab.de"/>-->
                </publisher>            
                <date type="digitised" when="2019">2019-2021</date>
                <distributor>Herzog August Bibliothek Wolfenbüttel</distributor>
                <availability status="free">
                    <licence target="https://creativecommons.org/licenses/by-sa/4.0/">CC-BY-SA 4.0</licence>
                </availability>
            </publicationStmt>
            <sourceDesc>
                <bibl><!--Herzog Ludwig Rudolph von Braunschweig-Wolfenbüttel (1671-1735): Diarium Sni: Princip: ac Domii Dmi Ludovici Rudolphi Brunsvicensium ac Luneburg Ducis Vitam &amp; Actiones nec non pleraq in aula Guelphica ut et Christiano Orbi universo notatu digna complecteus. Herzog August Bibliothek, Signatur: -->Cod. Guelf. 28 Blank</bibl>
                <bibl><!--Herzog Ludwig Rudolph von Braunschweig-Wolfenbüttel (1671-1735): Diarium Sni: Princip: ac Domii Dmi Ludovici Rudolphi Brunsvicensium ac Luneburg Ducis Vitam &amp; Actiones nec non pleraq in aula Guelphica ut et Christiano Orbi universo notatu digna complecteus. Herzog August Bibliothek, Signatur: -->Cod. Guelf. 217a Blank</bibl>
                <bibl><!--Herzog Ludwig Rudolph von Braunschweig-Wolfenbüttel (1671-1735): L’An: Jn allen meinen tahten, laß ich den höchsten rahten. Wolffenb. den 1. Ian. 1707. Ludewig Rudolff. Herzog August Bibliothek, Signatur:-->Cod. Guelf. 286a Blank.</bibl>
                <bibl><!--Herzog Ludwig Rudolph von Braunschweig-Wolfenbüttel (1671-1735): A. M. G. Allerhand Sachen So ich mir aufzeichnen wollen und angefangen in Münnichsrode So ein &#339;tingisches ampt. d. 19. Ian: 1712. Herzog August Bibliothek, Signatur:-->Cod. Guelf. 286 Blank</bibl>
                <bibl><!--Herzogin Christine Luise von Braunschweig-Wolfenbüttel (1671-1747): Journal [...] Christinen Louise, geb. Fürstin v. Oettingen Ludwig Rudolfs Georges zu Braunschweig Lüneb. Gemahlin n. 20. Mart. 1671. den. 12. Nov. 1757. Vom 9. Mart. 1698. biß 19. Jul. 1699. Herzog August Bibliothek, Signatur:-->Cod. Guelf. 211.1 Extrav</bibl>
            </sourceDesc>
        </fileDesc>
    </teiHeader>
    <text>
        <group>
            <head>Tagebücher Ludwig Rudolphs und Christine Luises</head>
            <xi:include href="cod_guelf_28_blank.xml"/>
            <xi:include href="cod_guelf_211_1_extrav.xml"/>
            <xi:include href="cod_guelf_286_blank.xml"/>
            <xi:include href="cod_guelf_286a_blank.xml"/>
        </group>
    </text>
</TEI>
