source;target
lippe-brake_georg;1701-01-26
braunschweig-wolfenbuettel_august_wilhelm;1701-01-26
wasenaer-obdam_jacob_ii;1701-01-26
wasenaer-obdam_johan_henrik;1701-01-26
probst_philipp_ludwig;1701-01-26
imhoff_anton_albrecht;1701-01-26
bosse_joachim_friedrich;1701-01-26
braunschweig-wolfenbuettel-bevern_ferdinand_christian;1701-01-26
bosse_maria_elisabeth;1701-01-26
matthaei_johann_joachim;1701-01-26
wasenaer-obdam_jacob_ii;1701-01-26
bonnac_jean_louis;1701-01-24
braunschweig-wolfenbuettel_anton_ulrich;1701-01-24
braunschweig-wolfenbuettel_elisabeth_juliane;1701-01-24
braunschweig-wolfenbuettel_august_wilhelm;1701-01-24
braunschweig-wolfenbuettel_sophia_amalia;1701-01-24
braunschweig-wolfenbuettel_christine_luise;1701-01-24
braunschweig-wolfenbuettel-bevern_august_ferdinand;1701-01-24
wasenaer-obdam_jacob_ii;1701-01-24
bodavin_anon_1;1701-01-24
polen_august_ii;1701-01-24
sachsen-meiningen_eleonora_friederike;1701-01-24
braunschweig-wolfenbuettel_elisabeth_sophia_maria;1701-01-24
bonnac_jean_louis;1701-01-24
braunschweig-wolfenbuettel_anton_ulrich;1701-01-24
hohenzollern-sigmaringen_maria_clara;1701-01-24
bennigsen_levin_adolf;1701-01-06
bobart_justine_dorothea;1701-01-06
braunschweig-wolfenbuettel_anton_ulrich;1701-01-06
wasenaer-obdam_johan_henrik;1701-01-06
bonnac_jean_louis;1701-01-24
schwartzkoppen_burchard;1701-01-24
braunschweig-wolfenbuettel_august_wilhelm;1701-01-24
sachsen-meiningen_eleonora_friederike;1701-01-24
bonnac_jean_louis;1701-01-26
seydlitz_anon_1;1701-01-26
gersdorff_anon_1;1701-01-26
busch_anon_1;1701-01-26
bosse_joachim_friedrich;1701-01-26
prigge_hans_georg;1701-01-29
stockhausen_justus_hermann;1701-01-29
knorr-rosenroth_johann_christian;1701-01-30
braunschweig-wolfenbuettel_anton_ulrich;1701-01-30
braunschweig-wolfenbuettel_ferdinand_albrecht_ii;1701-01-30
wasenaer-obdam_jacob_ii;1701-01-30
braunschweig-wolfenbuettel_ferdinand_albrecht_ii;1701-02-01
prigge_hans_georg;1701-02-02
pollich_johann_wolfgang;1701-02-03
braunschweig-wolfenbuettel_rudolph_august;1701-02-03
schleswig-holstein-sonderburg-ploen_adolf_august;1701-02-03
bernstorff_hans_valentin;1701-02-03
heringen_georg_albrecht;1701-02-03
spanien_philipp_v;1701-02-03
demay_marie_juliane;1701-02-03
polen_august_ii;1701-02-03
wagner_anon_1;1701-02-04
pape_bernhard;1701-02-04
pape_anon_1;1701-02-04
schwartzkoppen_burchard;1701-02-05
schwarzburg-sondershausen_auguste_dorothea;1701-02-06
mecklenburg-schwerin_christian_ludwig_ii;1701-02-06
jettebrock_rudolph_friedrich;1701-02-06
jettebrock_christian_ludwig;1701-02-06
spoercken_georg_friedrich;1701-02-06
koehler_daniel;1701-02-05
luppels_bernhard_daniel;1701-02-05
ostfriesland_christian_eberhard;1701-02-05
valckenier_pieter;1701-02-05
walther_friedrich;1701-02-05
frandorff_christoph;1701-02-05
witzleben_wolf_friedrich;1701-02-05
steinau_adam_heinrich;1701-02-05
kaiserin_elisabeth_christine;1701-02-07
heron_charles-francois;1701-02-05
braunschweig-wolfenbuettel_elisabeth_juliane;1701-02-05
bonnac_jean_louis;1701-02-08
braunschweig-wolfenbuettel_anton_ulrich;1701-02-08
braunschweig-wolfenbuettel_elisabeth_juliane;1701-02-08
schwarzburg-sondershausen_auguste_dorothea;1701-02-08
mecklenburg-schwerin_christian_ludwig_ii;1701-02-08
braunschweig-wolfenbuettel_christine_luise;1701-02-08
wasenaer-obdam_jacob_ii;1701-02-08
wasenaer-obdam_johan_henrik;1701-02-08
braunschweig-wolfenbuettel_august_wilhelm;1701-02-08
braunschweig-wolfenbuettel_sophia_amalia;1701-02-08
braunschweig-wolfenbuettel-bevern_august_ferdinand;1701-02-08
heringen_georg_albrecht;1701-02-08
bonnac_jean_louis;1701-02-08
foerster_nicolaus;1701-02-14
lorme_anon_1;1701-02-14
mueller_johann_urban;1701-02-14
prigge_hans_georg;1701-02-14
stockhausen_justus_hermann;1701-02-14
oettingen-oettingen_albrecht_ernst_ii;1701-02-15
brandenstein_johann_bernhard;1701-02-15
egloffstein_anon_1;1701-02-15
sachsen-gotha-altenburg_johann_wilhelm;1701-02-17
wasenaer-obdam_jacob_ii;1701-02-17
bodavin_anon_1;1701-02-14
polen_august_ii;1701-02-14
braunschweig-wolfenbuettel-bevern_august_ferdinand;1701-02-18
sachsen-gotha-altenburg_johann_wilhelm;1701-02-18
braunschweig-wolfenbuettel_anton_ulrich;1701-02-18
braunschweig-wolfenbuettel_anton_ulrich;1701-02-21
braunschweig-wolfenbuettel_anton_ulrich;1701-02-22
sachsen-gotha-altenburg_johann_wilhelm;1701-02-22
oettingen-oettingen_albrecht_ernst_ii;1701-02-22
braunschweig-wolfenbuettel_rudolph_august;1701-02-22
oettingen-oettingen_albrecht_ernst_ii;1701-02-15
sturm_leonhard_christoph;1701-02-15
lose_anon_1;1701-02-24
heringen_georg_albrecht;1701-02-24
lose_bernhard;1701-02-24
julius_anon;1701-02-24
voelckening_jobst_eberhard;1701-02-24
nelle_martin;1701-02-24
kern_david_heinrich;1701-02-24
bonnac_jean_louis;1701-02-24
braunschweig-wolfenbuettel_anton_ulrich;1701-02-24
braunschweig-wolfenbuettel_august_wilhelm;1701-02-24
braunschweig-wolfenbuettel-bevern_august_ferdinand;1701-02-24
imhoff_anton_albrecht;1701-02-24
bodavin_anon_1;1701-02-24
sachsen-gotha-altenburg_johann_wilhelm;1701-02-24
mecklenburg-schwerin_christian_ludwig_ii;1701-02-24
oettingen-oettingen_albrecht_ernst_ii;1701-02-24
bodavin_anon_1;1701-02-24
bonnac_jean_louis;1701-02-24
oettingen-oettingen_albrecht_ernst_ii;1701-02-24
sachsen-gotha-altenburg_johann_wilhelm;1701-02-24
braunschweig-wolfenbuettel_august_wilhelm;1701-02-24
mecklenburg-schwerin_christian_ludwig_ii;1701-02-24
bonnac_jean_louis;1701-02-24
bourgogne_louis;1701-02-24
spanien_philipp_v;1701-02-24
berry_charles;1701-02-24
frankreich_ludwig_xiv;1701-02-24
berry_charles;1701-02-24
spanien_philipp_v;1701-02-24
berry_charles;1701-02-24
berry_charles;1701-02-24
berry_charles;1701-02-24
frankreich_ludwig_xiv;1701-02-24
frankreich_ludwig_xiv;1701-02-24
sachsen-gotha-altenburg_johann_wilhelm;1701-02-26
oettingen-oettingen_albrecht_ernst_ii;1701-02-26
braunschweig-wolfenbuettel_august_wilhelm;1701-02-26
braunschweig-wolfenbuettel-bevern_august_ferdinand;1701-02-26
oettingen-oettingen_albrecht_ernst_ii;1701-02-28
sachsen-gotha-altenburg_johann_wilhelm;1701-02-28
mecklenburg-schwerin_christian_ludwig_ii;1701-02-28
braunschweig-wolfenbuettel_anton_ulrich;1701-02-28
braunschweig-wolfenbuettel-bevern_august_ferdinand;1701-02-28
braunschweig-wolfenbuettel_elisabeth_juliane;1701-02-28
schwarzburg-sondershausen_auguste_dorothea;1701-02-28
oettingen-oettingen_albrecht_ernst_ii;1701-03-01
prigge_hans_georg;1701-03-01
desbordes_henri;1701-03-01
nassau-oranien_haus;1701-03-01
koenig_adolph;1701-03-01
england_wilhelm_iii;1701-03-01
bentivoglio_opere;1701-03-01
gracián_baltasar;1701-02-28
pascal_blaise;1701-02-28
braunschweig-wolfenbuettel_anton_ulrich;1701-02-28
braunschweig-wolfenbuettel-bevern_august_ferdinand;1701-02-28
hessen-philippsthal_karl;1701-03-02
braunschweig-wolfenbuettel_anton_ulrich;1701-03-02
tappe_hans;1701-03-03
hessen-philippsthal_karl;1701-03-03
schwartzkoppen_burchard;1701-03-04
erich_eberhard;1701-03-04
pape_bernhard;1701-03-04
pape_anon_1;1701-03-04
braunschweig-wolfenbuettel_christine_luise;1701-03-04
erich_eberhard;1701-03-02
russland_charlotte_christine_sophie;1701-03-02
polen_christiane_eberhardine;1701-03-02
hessen-philippsthal_karl;1701-03-05
braunschweig-wolfenbuettel_ferdinand_albrecht_ii;1701-03-05
hessen-philippsthal_karl;1701-03-07
schleinitz_anon_1;1701-03-07
schleinitz_anon_2;1701-03-07
walther_friedrich;1701-03-07
schwarzburg-sondershausen_auguste_dorothea;1701-03-10
braunschweig-wolfenbuettel_august_wilhelm;1701-03-10
braunschweig-wolfenbuettel_sophia_amalia;1701-03-10
valckenier_pieter;1701-03-11
hertel_lorenz;1701-03-13
rantzau_alexander_leopold_anton;1701-03-13
daenemark_friedrich_iv;1701-03-13
geist_anon_1;1701-03-13
polen_christiane_eberhardine;1701-03-13
schleinitz_anon_1;1701-03-12
schleinitz_anon_3;1701-03-12
braunschweig-wolfenbuettel_christine_luise;1701-03-12
eltz_friederike_elisabeth;1701-03-12
steinberg_johann_adolph;1701-03-12
axel_anon_1;1701-03-12
savoyen_viktor_amadeus_ii;1701-03-12
braunschweig-wolfenbuettel_christine_luise;1701-03-16
braunschweig-wolfenbuettel_anton_ulrich;1701-03-16
sachsen-gotha-altenburg_johann_wilhelm;1701-03-18
mecklenburg-strelitz_adolph_friedrich_ii;1701-03-18
schleswig-holstein-gottorf_friedrich_iv;1701-03-18
rantzau_alexander_leopold_anton;1701-03-19
braunschweig-wolfenbuettel_elisabeth_juliane;1701-03-19
rantzau_dorothea_hedwig;1701-03-19
braunschweig-wolfenbuettel_christine_luise;1701-03-18
koehler_daniel;1701-03-18
sachsen-gotha-altenburg_johann_wilhelm;1701-03-21
braunschweig-wolfenbuettel-bevern_ernst_ferdinand;1701-03-21
braunschweig-wolfenbuettel-bevern_heinrich_ferdinand;1701-03-21
braunschweig-wolfenbuettel-bevern_christine;1701-03-21
berghorn_anon_1;1701-03-21
winter_peter;1701-03-21
bodavin_anon_1;1701-03-23
koenigsmarck_maria_aurora;1701-03-23
braunschweig-wolfenbuettel_august_wilhelm;1701-03-24
schack_christian;1701-03-24
kaiserin_elisabeth_christine;1701-03-27
braunschweig-wolfenbuettel_antoinette_amalia;1701-03-27
braunschweig-wolfenbuettel_ferdinand_albrecht_ii;1701-03-30
walther_friedrich_hans;1701-03-30
walther_friedrich;1701-03-30
geist_anon_1;1701-03-30
braunschweig-wolfenbuettel_anton_ulrich;1701-03-31
bodavin_anon_1;1701-03-31
hessen-kassel_karl;1701-04-01
halcke_gustav_georg;1701-04-01
zorn_wolf_christian;1701-04-01
prittwitz_johann_caspar;1701-04-01
prigge_hans_georg;1701-04-01
braunschweig-wolfenbuettel-bevern_august_ferdinand;1701-04-01
castell-remlingen_leopold_friedrich_ernst;1701-04-06
campen_bernhard_adolph;1701-04-06
rantzau_alexander_leopold_anton;1701-04-05
braunschweig-wolfenbuettel_christine_luise;1701-04-05
braunschweig-wolfenbuettel-bevern_august_ferdinand;1701-04-05
prigge_hans_georg;1701-04-07
schleinitz_anon_1;1701-04-06
halcke_gustav_georg;1701-04-06
zorn_wolf_christian;1701-04-06
kern_david_heinrich;1701-04-08
niemeier_anon_1;1701-04-08
campen_bernhard_adolph;1701-04-08
polen_august_ii;1701-04-08
campen_bernhard_adolph;1701-04-10
evers_hans_heinrich;1701-04-10
voelckening_jobst_eberhard;1701-04-13
bortfeld_caspar_heinrich;1701-04-13
voelckening_jobst_eberhard;1701-04-13
cramm_johann_ludwig;1701-04-13
streithorst_franz_christoph_ernst;1701-04-13
steineck_johann_philipp;1701-04-13
prigge_hans_georg;1701-04-13
weixel_johann_bernhard;1701-04-13
alvensleben_johann_friedrich;1701-04-13
streithorst_franz_christoph_ernst;1701-04-15
braunschweig-wolfenbuettel-bevern_august_ferdinand;1701-04-16
meer_frans;1701-04-16
meer_aelbert;1701-04-16
braunschweig-wolfenbuettel-bevern_august_ferdinand;1701-04-17
spoercken_georg_friedrich;1701-04-17
braunschweig-wolfenbuettel_christine_luise;1701-04-19
meer_aelbert;1701-04-20
braunschweig-wolfenbuettel_rudolph_august;1701-04-20
braunschweig-wolfenbuettel-bevern_august_ferdinand;1701-04-20
cramm_johann_ludwig;1701-04-20
braunschweig-wolfenbuettel-bevern_august_ferdinand;1701-04-22
kern_david_heinrich;1701-04-22
kuehlewein_johann_friedrich;1701-04-21
wildenheim_georg_heinrich;1701-04-21
harnisch_anon_1;1701-04-21
bobart_daniel_arnold;1701-04-21
harmers_hans;1701-04-22
voelckening_jobst_eberhard;1701-04-22
mencke_otto;1701-04-24
kuehlewein_johann_friedrich;1701-04-25
eberhard_anon_1;1701-04-25
roemmers_anon_1;1701-04-25
harmers_hans;1701-04-25
braunschweig-wolfenbuettel_christine_luise;1701-04-25
braunschweig-wolfenbuettel-bevern_august_ferdinand;1701-04-25
kuehlewein_georg_balthasar;1701-04-25
schrader_andreas;1701-04-25
braunschweig-wolfenbuettel-bevern_august_ferdinand;1701-04-27
voelckening_jobst_eberhard;1701-04-27
druchtleben_johann_gottfried;1701-04-28
prigge_hans_georg;1701-04-29
schrader_andreas;1701-04-29
bodavin_anon_1;1701-04-30
kaiser_leopold_i;1701-05-07
rappach_karl_ernst;1701-05-07
braunschweig-wolfenbuettel_rudolph_august;1701-05-07
reuschenberg_anon_1;1701-05-07
reuschenberg_anon_2;1701-05-07
reuschenberg_anon_3;1701-05-07
wrisberg_anon_1;1701-05-07
braunschweig-wolfenbuettel_anton_ulrich;1701-05-04
braunschweig-wolfenbuettel-bevern_august_ferdinand;1701-05-04
lippe-brake_georg;1701-05-04
bonnac_jean_louis;1701-05-04
bernstorff_hans_valentin;1701-05-04
probst_philipp_ludwig;1701-05-04
heringen_georg_albrecht;1701-05-04
goes_ernst;1701-05-07
castell-remlingen_leopold_friedrich_ernst;1701-05-07
prigge_hans_georg;1701-05-09
rockhausen_georg_friedrich;1701-05-09
rappach_karl_ernst;1701-05-10
braunschweig-wolfenbuettel-bevern_august_ferdinand;1701-05-10
braunschweig-wolfenbuettel_christine_luise;1701-05-10
braunschweig-wolfenbuettel_elisabeth_juliane;1701-05-10
braunschweig-wolfenbuettel_anton_ulrich;1701-05-10
muenchhausen_hans_heinrich;1701-05-10
braunschweig-wolfenbuettel_sophia_amalia;1701-05-03
braunschweig-wolfenbuettel_august_wilhelm;1701-05-03
bose_christoph_dietrich_d_ae;1701-05-03
braunschweig-wolfenbuettel_christine_luise;1701-05-06
kaiserin_elisabeth_christine;1701-05-06
braunschweig-wolfenbuettel-bevern_august_ferdinand;1701-05-06
braunschweig-wolfenbuettel-bevern_ferdinand_christian;1701-05-06
sachsen-meiningen_eleonora_friederike;1701-05-06
braunschweig-wolfenbuettel_elisabeth_sophia_maria;1701-05-06
schleswig-holstein-sonderburg-norburg_ernst_leopold;1701-05-06
imhoff_anton_albrecht;1701-05-05
meves_hans;1701-05-06
oettingen-oettingen_albrecht_ernst_ii;1701-05-06
braunschweig-wolfenbuettel_anton_ulrich;1701-05-07
braunschweig-wolfenbuettel_elisabeth_juliane;1701-05-07
kaiser_leopold_i;1701-05-07
rappach_karl_ernst;1701-05-07
meer_aelbert;1701-05-11
meer_frans;1701-05-11
braunschweig-wolfenbuettel-bevern_august_ferdinand;1701-05-11
braunschweig-wolfenbuettel_christine_luise;1701-05-11
rockhausen_georg_friedrich;1701-05-12
oppel_moritz_friedrich;1701-05-12
braunschweig-wolfenbuettel_anton_ulrich;1701-05-13
lippe-brake_georg;1701-05-13
erich_eberhard;1701-05-14
dommes_daniel;1701-05-11
erich_eberhard;1701-05-11
braunschweig-wolfenbuettel_christine_luise;1701-05-11
freytag_gottfried;1701-05-06
egeling_anon_1;1701-05-06
streithorst_franz_christoph_ernst;1701-05-07
luppels_bernhard_daniel;1701-05-14
hasenbein_ernst_wilhelm;1701-05-14
braunschweig-wolfenbuettel_august_wilhelm;1701-05-14
daenemark_friedrich_iv;1701-05-14
braunschweig-wolfenbuettel_christine_luise;1701-05-14
lenthe_konrad_ludwig;1701-05-14
schulenburg_matthias_johann;1701-05-14
kern_david_heinrich;1701-05-14
klengel_hans_caspar;1701-05-14
lenthe_konrad_ludwig;1701-05-14
castell-remlingen_leopold_friedrich_ernst;1701-05-14
bonnac_jean_louis;1701-05-14
hagen_busso;1701-05-14
tuerck_anton_julius;1701-05-14
braunschweig-wolfenbuettel_rudolph_august;1701-05-14
voelckening_jobst_eberhard;1701-05-14
braunschweig-wolfenbuettel_ferdinand_albrecht_ii;1701-05-14
heringen_georg_albrecht;1701-05-14
meer_aelbert;1701-05-15
braunschweig-wolfenbuettel_anton_ulrich;1701-05-15
braunschweig-wolfenbuettel_elisabeth_juliane;1701-05-15
braunschweig-wolfenbuettel_christine_luise;1701-05-15
sachsen-meiningen_eleonora_friederike;1701-05-15
braunschweig-wolfenbuettel_elisabeth_sophia_maria;1701-05-15
kaiserin_elisabeth_christine;1701-05-15
braunschweig-wolfenbuettel-bevern_august_ferdinand;1701-05-15
rappach_karl_ernst;1701-05-15
usson_jean;1701-05-15
mencke_otto;1701-05-15
reuss_heinrich_xxvii;1701-05-15
wartensleben_simon_elmershausen;1701-05-13
wartensleben_alexander_hermann;1701-05-13
campen_bernhard_adolph;1701-05-16
balcke_henning;1701-05-16
braunschweig-wolfenbuettel_christine_luise;1701-05-16
balcke_henning;1701-05-18
braunschweig-wolfenbuettel_elisabeth_juliane;1701-05-18
braunschweig-wolfenbuettel_christine_luise;1701-05-18
schleswig-holstein-sonderburg-ploen_adolf_august;1701-05-18
lippe-brake_ludwig_ferdinand;1701-05-18
oettingen-wallerstein_wolfgang_iv;1701-05-18
busch_bodo_heinrich;1701-05-18
bernstorff_hans_valentin;1701-05-18
knorr-rosenroth_johann_christian;1701-05-18
braunschweig-wolfenbuettel_anton_ulrich;1701-05-18
meer_aelbert;1701-05-18
savoyen_luisa_adelaide;1701-05-18
meer_aelbert;1701-05-18
brion_abel_armand;1701-05-19
oppel_moritz_friedrich;1701-05-19
campen_bernhard_adolph;1701-05-20
prigge_hans_georg;1701-05-20
castell-remlingen_leopold_friedrich_ernst;1701-05-20
schleswig-holstein-sonderburg-ploen_adolf_august;1701-05-20
braunschweig-wolfenbuettel-bevern_august_ferdinand;1701-05-20
schleswig-holstein-sonderburg-ploen_adolf_august;1701-05-20
oppel_moritz_friedrich;1701-05-20
brion_abel_armand;1701-05-20
knorr-rosenroth_johann_christian;1701-05-20
schleswig-holstein-sonderburg-ploen_adolf_august;1701-05-21
braunschweig-wolfenbuettel-bevern_august_ferdinand;1701-05-21
lippe-brake_georg;1701-05-21
braunschweig-wolfenbuettel_anton_ulrich;1701-05-21
braunschweig-wolfenbuettel_elisabeth_juliane;1701-05-21
schleswig-holstein-sonderburg-ploen_adolf_august;1701-05-22
braunschweig-wolfenbuettel_christine_luise;1701-05-22
sachsen-meiningen_eleonora_friederike;1701-05-22
braunschweig-wolfenbuettel_elisabeth_sophia_maria;1701-05-22
braunschweig-wolfenbuettel-bevern_august_ferdinand;1701-05-22
lippe-brake_ludwig_ferdinand;1701-05-22
braunschweig-wolfenbuettel_anton_ulrich;1701-05-22
imhoff_wilhelm_heinrich;1701-05-22
brandenburg_friedrich_iii;1701-05-22
schleswig-holstein-sonderburg-ploen_adolf_august;1701-05-23
rappach_karl_ernst;1701-05-23
meer_aelbert;1701-05-23
braunschweig-wolfenbuettel_elisabeth_sophia_maria;1701-05-24
braunschweig-wolfenbuettel_christine_luise;1701-05-25
sachsen-meiningen_eleonora_friederike;1701-05-25
braunschweig-wolfenbuettel_elisabeth_sophia_maria;1701-05-25
stoeckheim_anna_sophia;1701-05-25
schleswig-holstein-sonderburg-ploen_adolf_august;1701-05-25
braunschweig-wolfenbuettel-bevern_august_ferdinand;1701-05-25
lippe-brake_ludwig_ferdinand;1701-05-25
haubitzen_anon_1;1701-05-25
cramm_johann_ludwig;1701-05-25
schleswig-holstein-sonderburg-ploen_adolf_august;1701-05-26
lippe-brake_ludwig_ferdinand;1701-05-26
braunschweig-wolfenbuettel_christine_luise;1701-05-26
braunschweig-wolfenbuettel-bevern_august_ferdinand;1701-05-26
braunschweig-wolfenbuettel_elisabeth_juliane;1701-05-26
braunschweig-wolfenbuettel_christine_luise;1701-05-27
sachsen-meiningen_eleonora_friederike;1701-05-27
braunschweig-wolfenbuettel_elisabeth_sophia_maria;1701-05-27
braunschweig-wolfenbuettel-bevern_august_ferdinand;1701-05-27
schleswig-holstein-sonderburg-ploen_adolf_august;1701-05-27
lippe-brake_ludwig_ferdinand;1701-05-27
braunschweig-wolfenbuettel_anton_ulrich;1701-05-27
braunschweig-wolfenbuettel_elisabeth_juliane;1701-05-27
klengel_hans_caspar;1701-05-27
polen_august_ii;1701-05-27
braunschweig-wolfenbuettel_anton_ulrich;1701-05-27
schleswig-holstein-sonderburg-ploen_adolf_august;1701-05-28
braunschweig-wolfenbuettel_christine_luise;1701-05-28
sachsen-meiningen_eleonora_friederike;1701-05-28
braunschweig-wolfenbuettel_elisabeth_sophia_maria;1701-05-28
braunschweig-wolfenbuettel-bevern_august_ferdinand;1701-05-28
lippe-brake_ludwig_ferdinand;1701-05-28
stoeckheim_anna_sophia;1701-05-28
braunschweig-wolfenbuettel_anton_ulrich;1701-05-29
schleswig-holstein-sonderburg-ploen_adolf_august;1701-05-29
lippe-brake_ludwig_ferdinand;1701-05-29
braunschweig-wolfenbuettel_christine_luise;1701-05-30
braunschweig-wolfenbuettel-bevern_august_ferdinand;1701-05-30
cramm_anon_1;1701-05-30
cramm_johann_ludwig;1701-05-30
stoeckheim_anna_sophia;1701-05-30
campen_bernhard_adolph;1701-05-30
klengel_hans_caspar;1701-05-30
lenthe_konrad_ludwig;1701-05-30
schleswig-holstein-sonderburg-ploen_adolf_august;1701-05-31
lippe-brake_ludwig_ferdinand;1701-05-31
braunschweig-wolfenbuettel_anton_ulrich;1701-05-31
braunschweig-wolfenbuettel-bevern_august_ferdinand;1701-05-31
campen_bernhard_adolph;1701-05-31
braunschweig-wolfenbuettel_christine_luise;1701-05-31
sachsen-meiningen_eleonora_friederike;1701-05-31
braunschweig-wolfenbuettel_elisabeth_sophia_maria;1701-05-31
schleswig-holstein-sonderburg-ploen_adolf_august;1701-06-01
lippe-brake_ludwig_ferdinand;1701-06-01
braunschweig-wolfenbuettel_christine_luise;1701-06-01
braunschweig-wolfenbuettel-bevern_august_ferdinand;1701-06-01
schleswig-holstein-sonderburg-ploen_adolf_august;1701-06-02
braunschweig-wolfenbuettel-bevern_august_ferdinand;1701-06-02
braunschweig-wolfenbuettel_christine_luise;1701-06-03
braunschweig-wolfenbuettel-bevern_august_ferdinand;1701-06-03
schleswig-holstein-sonderburg-norburg_ernst_leopold;1701-06-03
braunschweig-wolfenbuettel_christine_luise;1701-06-04
braunschweig-wolfenbuettel_elisabeth_juliane;1701-06-04
braunschweig-wolfenbuettel_christine_luise;1701-06-05
braunschweig-wolfenbuettel-bevern_august_ferdinand;1701-06-05
braunschweig-wolfenbuettel_anton_ulrich;1701-06-06
braunschweig-wolfenbuettel_christine_luise;1701-06-06
braunschweig-wolfenbuettel-bevern_august_ferdinand;1701-06-06
erich_eberhard;1701-06-06
braunschweig-wolfenbuettel_christine_luise;1701-06-07
kueckelhan_hedwig_elisabeth;1701-06-07
achilles_anon_1;1701-06-07
kueckelhan_julius;1701-06-07
braunschweig-wolfenbuettel_anton_ulrich;1701-06-07
bobart_daniel_arnold;1701-06-07
braunschweig-wolfenbuettel_christine_luise;1701-06-08
braunschweig-wolfenbuettel-bevern_august_ferdinand;1701-06-08
barner_rudolph_august;1701-06-08
kragen_christoph_julius;1701-06-08
l_avanturier_anon;1701-06-07
braunschweig-wolfenbuettel-bevern_august_ferdinand;1701-06-09
campen_bernhard_adolph;1701-06-09
braunschweig-wolfenbuettel_christine_luise;1701-06-09
braunschweig-wolfenbuettel-bevern_august_ferdinand;1701-06-09
brion_abel_armand;1701-06-10
braunschweig-wolfenbuettel_christine_luise;1701-06-12
braunschweig-wolfenbuettel-bevern_august_ferdinand;1701-06-12
braunschweig-wolfenbuettel_august_wilhelm;1701-06-13
braunschweig-wolfenbuettel_sophia_amalia;1701-06-13
frankreich_ludwig_xiv;1701-06-13
imhoff_anton_albrecht;1701-06-13
braunschweig-wolfenbuettel_christine_luise;1701-06-14
braunschweig-wolfenbuettel-bevern_august_ferdinand;1701-06-14
cramm_eleonore_elisabeth;1701-06-14
campen_bernhard_adolph;1701-06-14
braunschweig-wolfenbuettel_christine_luise;1701-06-16
braunschweig-wolfenbuettel-bevern_august_ferdinand;1701-06-16
bobart_daniel_arnold;1701-06-16
stoeckheim_anna_sophia;1701-06-16
campen_bernhard_adolph;1701-06-16
braunschweig-wolfenbuettel_christine_luise;1701-06-17
braunschweig-wolfenbuettel-bevern_august_ferdinand;1701-06-17
braunschweig-wolfenbuettel_christine_luise;1701-06-19
braunschweig-wolfenbuettel_august_wilhelm;1701-06-19
braunschweig-wolfenbuettel_sophia_amalia;1701-06-19
braunschweig-wolfenbuettel-bevern_august_ferdinand;1701-06-19
braunschweig-wolfenbuettel_christine_luise;1701-06-20
braunschweig-wolfenbuettel-bevern_august_ferdinand;1701-06-20
braunschweig-wolfenbuettel_august_wilhelm;1701-06-21
braunschweig-wolfenbuettel_sophia_amalia;1701-06-21
sachsen-meiningen_eleonora_friederike;1701-06-21
braunschweig-wolfenbuettel_elisabeth_sophia_maria;1701-06-21
braunschweig-wolfenbuettel_christine_luise;1701-06-21
braunschweig-wolfenbuettel-bevern_august_ferdinand;1701-06-21
probst_maria_elisabeth;1701-06-21
bonnac_jean_louis;1701-06-21
steinberg_friedrich;1701-06-21
cramm_johann_ludwig;1701-06-21
schack_christian;1701-06-23
braunschweig-wolfenbuettel_august_wilhelm;1701-06-23
braunschweig-wolfenbuettel_anton_ulrich;1701-06-23
braunschweig-wolfenbuettel_sophia_amalia;1701-06-23
braunschweig-wolfenbuettel_christine_luise;1701-06-23
braunschweig-wolfenbuettel-bevern_august_ferdinand;1701-06-23
imhoff_sophia_henriette;1701-06-23
imhoff_anton_albrecht;1701-06-23
bennigsen_magdalena_agnes;1701-06-23
bennigsen_levin_adolf;1701-06-23
probst_philipp_ludwig;1701-06-23
steinberg_friedrich;1701-06-23
bernstorff_hans_valentin;1701-06-23
walther_friedrich_hans;1701-06-23
orleans_philippe;1701-06-23
frankreich_ludwig_xiv;1701-06-23
braunschweig-wolfenbuettel-bevern_august_ferdinand;1701-06-23
braunschweig-wolfenbuettel_christine_luise;1701-06-24
braunschweig-wolfenbuettel-bevern_august_ferdinand;1701-06-24
felden_florenz;1701-06-25
felden_florenz;1701-06-26
specht_christian;1701-06-26
braunschweig-wolfenbuettel_anton_ulrich;1701-06-26
braunschweig-wolfenbuettel_elisabeth_juliane;1701-06-26
koetzler_familie;1701-06-26
koetzler_florentina;1701-06-26
koetzler_maria_eleonora;1701-06-26
praetorius_samuel_rudolph;1701-06-26
probst_philipp_ludwig;1701-06-26
specht_christian;1701-06-26
koetzler_florentina;1701-06-26
kaiserin_elisabeth_christine;1701-06-26
braunschweig-wolfenbuettel_antoinette_amalia;1701-06-26
kragen_mette_katharina;1701-06-26
braunschweig-wolfenbuettel_anton_ulrich;1701-06-26
praetorius_samuel_rudolph;1701-06-26
braunschweig-wolfenbuettel_christine_luise;1701-06-28
braunschweig-wolfenbuettel-bevern_august_ferdinand;1701-06-28
braunschweig-wolfenbuettel_anton_ulrich;1701-06-29
felden_florenz;1701-06-29
braunschweig-wolfenbuettel_august_wilhelm;1701-06-29
braunschweig-wolfenbuettel-bevern_august_ferdinand;1701-06-29
becker_anon_1;1701-06-29
hessen-homburg_friedrich_ii;1701-06-29
hessen-homburg_sophia_sibylla;1701-06-29
hessen-homburg_ludwig_georg;1701-06-29
sachsen-weimar_charlotte_dorothea_sophia;1701-06-29
braunschweig-wolfenbuettel_rudolph_august;1701-06-29
menthe_rosina_elisabeth;1701-06-29
braunschweig-wolfenbuettel_rudolph_august;1701-05-20
braunschweig-wolfenbuettel_christine_elisabeth;1701-05-23
felden_florenz;1701-06-30
braunschweig-wolfenbuettel_anton_ulrich;1701-06-30
braunschweig-wolfenbuettel_elisabeth_juliane;1701-06-30
schulenburg_friedrich_achaz;1701-06-30
steinberg_friedrich;1701-05-25
braunschweig-wolfenbuettel_anton_ulrich;1701-06-10
rheden_henning_christoph;1701-06-10
rheden_caspar_adam;1701-06-10
hessen-homburg_friedrich_ii;1701-07-01
hessen-homburg_sophia_sibylla;1701-07-01
prigge_hans_georg;1701-07-01
campen_bernhard_adolph;1701-07-01
rockhausen_georg_friedrich;1701-07-01
braunschweig-wolfenbuettel-bevern_august_ferdinand;1701-07-01
oppel_moritz_friedrich;1701-07-01
meves_hans;1701-07-01
tappe_hans;1701-07-01
tuerck_anton_julius;1701-07-01
behm_heinrich_julius;1701-07-01
braunschweig-wolfenbuettel_christine_luise;1701-07-01
braunschweig-wolfenbuettel_christine_luise;1701-07-02
braunschweig-wolfenbuettel_anton_ulrich;1701-07-02
braunschweig-wolfenbuettel_elisabeth_juliane;1701-07-02
braunschweig-wolfenbuettel_elisabeth_juliane;1701-07-02
braunschweig-wolfenbuettel_anton_ulrich;1701-07-02
axel_anon_1;1701-07-02
braunschweig-wolfenbuettel_christine_luise;1701-07-04
braunschweig-wolfenbuettel_elisabeth_juliane;1701-07-04
braunschweig-wolfenbuettel_august_wilhelm;1701-07-04
braunschweig-wolfenbuettel-bevern_august_ferdinand;1701-07-04
braunschweig-wolfenbuettel_anton_ulrich;1701-07-04
braunschweig-wolfenbuettel_christine_luise;1701-07-06
braunschweig-wolfenbuettel-bevern_august_ferdinand;1701-07-06
braunschweig-wolfenbuettel_rudolph_august;1701-07-06
kaiser_leopold_i;1701-07-07
rappach_karl_ernst;1701-07-07
braunschweig-wolfenbuettel_elisabeth_juliane;1701-07-07
koetzler_maria_eleonora;1701-07-07
braunschweig-wolfenbuettel_anton_ulrich;1701-07-08
braunschweig-wolfenbuettel_christine_luise;1701-07-08
wegscheider_johann_sebastian;1701-07-08
braunschweig-wolfenbuettel_rudolph_august;1701-07-08
braunschweig-wolfenbuettel_anton_ulrich;1701-07-08
braunschweig-wolfenbuettel_august_wilhelm;1701-07-08
sachsen-meiningen_eleonora_friederike;1701-07-08
braunschweig-wolfenbuettel_elisabeth_sophia_maria;1701-07-08
bonnac_jean_louis;1701-07-08
henning_anon_1;1701-07-08
schwartzkoppen_burchard;1701-07-08
braunschweig-wolfenbuettel_christine_luise;1701-07-09
meves_hans;1701-07-09
oettingen-oettingen_albrecht_ernst_ii;1701-07-09
steinberg_friedrich;1701-07-09
heringen_georg_albrecht;1701-07-09
braunschweig-wolfenbuettel_christine_luise;1701-07-10
braunschweig-wolfenbuettel-bevern_august_ferdinand;1701-07-10
sachsen-meiningen_eleonora_friederike;1701-07-10
braunschweig-wolfenbuettel_elisabeth_sophia_maria;1701-07-10
braunschweig-wolfenbuettel_august_wilhelm;1701-07-10
braunschweig-wolfenbuettel_sophia_amalia;1701-07-10
braunschweig-wolfenbuettel_christine_luise;1701-07-11
braunschweig-wolfenbuettel-bevern_august_ferdinand;1701-07-11
braunschweig-wolfenbuettel-bevern_ferdinand_christian;1701-07-11
braunschweig-wolfenbuettel_ferdinand_albrecht_ii;1701-07-11
walther_friedrich_hans;1701-07-11
matthiae_andreas;1701-07-11
braunschweig-wolfenbuettel-bevern_august_ferdinand;1701-07-11
pollich_johann_wolfgang;1701-07-11
braunschweig-wolfenbuettel_christine_luise;1701-07-12
braunschweig-wolfenbuettel_christine_luise;1701-07-13
matthiae_andreas;1701-07-13
braunschweig-wolfenbuettel_christine_luise;1701-07-15
metzsch_sibylla_juliana;1701-07-16
metzsch_hans_friedrich;1701-07-16
braunschweig-wolfenbuettel_christine_luise;1701-07-17
braunschweig-wolfenbuettel-bevern_august_ferdinand;1701-07-17
braunschweig-wolfenbuettel-bevern_ferdinand_christian;1701-07-17
koehler_daniel;1701-07-08
grave_heinrich;1701-07-08
braunschweig-wolfenbuettel_christine_luise;1701-07-19
braunschweig-wolfenbuettel-bevern_august_ferdinand;1701-07-19
black_gustav;1701-07-19
braunschweig-wolfenbuettel_christine_luise;1701-07-20
braunschweig-wolfenbuettel-bevern_august_ferdinand;1701-07-20
braunschweig-wolfenbuettel_anton_ulrich;1701-07-22
braunschweig-wolfenbuettel_elisabeth_juliane;1701-07-22
braunschweig-wolfenbuettel_august_wilhelm;1701-07-22
braunschweig-wolfenbuettel_sophia_amalia;1701-07-22
braunschweig-wolfenbuettel-bevern_august_ferdinand;1701-07-22
imhoff_anton_albrecht;1701-07-22
bortfeld_hedwig_dorothea;1701-07-22
koetzler_florentina;1701-07-22
braunschweig-wolfenbuettel_elisabeth_juliane;1701-07-22
wagner_burchardt;1701-07-22
braunschweig-wolfenbuettel_christine_luise;1701-07-22
braunschweig-wolfenbuettel-bevern_august_ferdinand;1701-07-22
kaiserin_elisabeth_christine;1701-07-22
bobart_daniel_arnold;1701-07-22
campen_bernhard_adolph;1701-07-22
braunschweig-wolfenbuettel_christine_luise;1701-07-22
mueller_christoph;1701-07-22
hausmann_konrad;1701-07-22
wolter_hans_juergen;1701-07-22
andreas_anon_1;1701-07-22
johann_georg_anon;1701-07-22
braunschweig-wolfenbuettel-bevern_august_ferdinand;1701-07-22
braunschweig-wolfenbuettel_christine_luise;1701-07-22
soechting_valentin;1701-07-22
wegscheider_johann_sebastian;1701-07-22
luppels_bernhard_daniel;1701-07-22
treseau_anon_1;1701-07-22
katte_karl_august;1701-07-22
braunschweig-wolfenbuettel_christine_luise;1701-07-22
braunschweig-wolfenbuettel-bevern_august_ferdinand;1701-07-22
kaiserin_elisabeth_christine;1701-07-22
bobart_daniel_arnold;1701-07-22
stoeckheim_anna_sophia;1701-07-22
braunschweig-wolfenbuettel_christine_luise;1701-07-23
braunschweig-wolfenbuettel-bevern_august_ferdinand;1701-07-23
braunschweig-wolfenbuettel_christine_luise;1701-07-25
braunschweig-wolfenbuettel-bevern_august_ferdinand;1701-07-25
campen_bernhard_adolph;1701-07-25
stoeckheim_anna_sophia;1701-07-25
candor_gui;1701-07-25
braunschweig-wolfenbuettel_christine_luise;1701-07-26
braunschweig-wolfenbuettel_august_wilhelm;1701-07-26
braunschweig-wolfenbuettel_sophia_amalia;1701-07-26
matthiae_andreas;1701-07-26
pape_bernhard;1701-07-26
pape_anon_1;1701-07-26
schleswig-holstein-sonderburg-ploen_johann_adolf;1701-07-26
schleswig-holstein-sonderburg-ploen_adolf_august;1701-07-26
braunschweig-wolfenbuettel_rudolph_august;1701-07-26
matthiae_andreas;1701-07-27
metzsch_sibylla_juliana;1701-07-27
wagner_anon_1;1701-07-27
braunschweig-wolfenbuettel-bevern_august_ferdinand;1701-05-20
braunschweig-wolfenbuettel_rudolph_august;1701-05-20
schleswig-holstein-sonderburg-ploen_johann_adolf;1701-05-20
schleswig-holstein-sonderburg-ploen_adolf_august;1701-05-20
schleswig-holstein-sonderburg-ploen_johann_adolf;1701-07-28
schleswig-holstein-sonderburg-ploen_adolf_august;1701-07-28
braunschweig-wolfenbuettel_anton_ulrich;1701-07-28
braunschweig-wolfenbuettel_elisabeth_juliane;1701-07-28
braunschweig-wolfenbuettel_sophia_amalia;1701-07-28
braunschweig-wolfenbuettel_august_wilhelm;1701-07-28
braunschweig-wolfenbuettel_christine_luise;1701-07-28
bonnac_jean_louis;1701-07-28
mencke_otto;1701-07-28
probst_philipp_ludwig;1701-07-28
imhoff_anton_albrecht;1701-07-28
luedeke_urban_dietrich;1701-07-28
haym_anon_1;1701-07-28
eltz_friederike_elisabeth;1701-07-28
steinberg_johann_adolph;1701-07-28
eltz_friederike_elisabeth;1701-07-28
braunschweig-wolfenbuettel_christine_luise;1701-07-28
haym_anon_1;1701-07-28
schleswig-holstein-sonderburg-ploen_adolf_august;1701-07-28
sachsen-meiningen_eleonora_friederike;1701-07-28
braunschweig-wolfenbuettel_elisabeth_sophia_maria;1701-07-28
braunschweig-wolfenbuettel-bevern_august_ferdinand;1701-07-28
germer_georg;1701-07-28
lippe-brake_ludwig_ferdinand;1701-07-28
schleinitz_hans_georg_haubold;1701-07-28
amat_etienne;1701-07-28
gersdorff_anon_2;1701-07-28
schwartzkoppen_burchard;1701-07-28
braunschweig-wolfenbuettel-bevern_august_ferdinand;1701-07-29
braunschweig-wolfenbuettel_august_wilhelm;1701-07-29
braunschweig-wolfenbuettel_sophia_amalia;1701-07-29
braunschweig-wolfenbuettel_christine_luise;1701-07-29
schleswig-holstein-sonderburg-ploen_adolf_august;1701-07-29
bonnac_jean_louis;1701-07-29
du_cros_josef_august;1701-07-30
braunschweig-wolfenbuettel_anton_ulrich;1701-08-01
braunschweig-wolfenbuettel_elisabeth_juliane;1701-08-01
busch_bodo_heinrich;1701-08-01
schleswig-holstein-sonderburg-ploen_adolf_august;1701-08-01
amat_etienne;1701-08-01
seebach_anon_1;1701-08-03
eltz_friederike_elisabeth;1701-08-03
meves_hans;1701-08-04
imhoff_anton_albrecht;1701-08-04
braunschweig-wolfenbuettel_christine_luise;1701-08-04
matti_dominico;1701-08-04
ulrich_anon_1;1701-08-04
ulrich_anon_2;1701-08-04
wegscheider_johann_sebastian;1701-08-04
luppels_bernhard_daniel;1701-08-04
andreas_anon_1;1701-08-04
anna_anon_1;1701-08-04
braunschweig-wolfenbuettel_anton_ulrich;1701-08-04
braunschweig-wolfenbuettel_elisabeth_juliane;1701-08-05
braunschweig-wolfenbuettel_august_wilhelm;1701-08-05
braunschweig-wolfenbuettel_sophia_amalia;1701-08-05
schleswig-holstein-sonderburg-ploen_adolf_august;1701-08-05
braunschweig-wolfenbuettel-bevern_august_ferdinand;1701-08-05
braunschweig-wolfenbuettel_christine_luise;1701-08-05
spoercken_georg_friedrich;1701-08-05
malsburg_friederike_juliane;1701-08-05
braunschweig-wolfenbuettel_elisabeth_juliane;1701-08-06
braunschweig-wolfenbuettel_christine_luise;1701-08-06
behaim_anon_1;1701-08-06
braunschweig-wolfenbuettel_elisabeth_juliane;1701-08-08
scio_sebastiano;1701-08-09
uslenghi_catharina_elisabeth;1701-08-09
braunschweig-wolfenbuettel_august_wilhelm;1701-08-10
braunschweig-wolfenbuettel-bevern_august_ferdinand;1701-08-10
heringen_georg_albrecht;1701-08-10
braunschweig-wolfenbuettel_anton_ulrich;1701-08-11
braunschweig-wolfenbuettel_elisabeth_juliane;1701-08-11
braunschweig-wolfenbuettel_august_wilhelm;1701-08-11
braunschweig-wolfenbuettel_sophia_amalia;1701-08-11
braunschweig-wolfenbuettel_christine_luise;1701-08-11
braunschweig-wolfenbuettel-bevern_august_ferdinand;1701-08-12
castell-remlingen_leopold_friedrich_ernst;1701-08-12
voelckening_jobst_eberhard;1701-08-12
kuehlewein_georg_balthasar;1701-08-12
prigge_hans_georg;1701-08-12
campen_bernhard_adolph;1701-08-12
eggeling_johann_gotthard;1701-08-12
kern_david_heinrich;1701-08-12
kuehlewein_georg_balthasar;1701-08-12
axel_anon_1;1701-08-12
schleswig-holstein-sonderburg-ploen_johann_adolf;1701-08-13
braunschweig-wolfenbuettel_anton_ulrich;1701-08-13
scio_sebastiano;1701-08-13
schleswig-holstein-sonderburg-ploen_johann_adolf;1701-08-13
schleswig-holstein-sonderburg-ploen_dorothea_sophia;1701-08-13
sachsen-zeitz_anna_friederica_philippina;1701-08-13
imhoff_rudolph_christian;1701-08-17
braunschweig-wolfenbuettel_august_wilhelm;1701-08-17
frankreich_ludwig_xiv;1701-08-17
largilliere_nicolas;1701-08-17
largilliere_nicolas;1701-08-17
braunschweig-wolfenbuettel_anton_ulrich;1701-08-17
bonnac_jean_louis;1701-08-17
spoercken_georg_friedrich;1701-08-17
braunschweig-wolfenbuettel_ferdinand_albrecht_ii;1701-08-17
schleswig-holstein-sonderburg-ploen_johann_adolf;1701-08-17
schleswig-holstein-sonderburg-ploen_dorothea_sophia;1701-08-17
schleswig-holstein-sonderburg-ploen_adolf_august;1701-08-17
braunschweig-wolfenbuettel_august_wilhelm;1701-08-17
braunschweig-wolfenbuettel_sophia_amalia;1701-08-17
braunschweig-wolfenbuettel_christine_luise;1701-08-17
braunschweig-wolfenbuettel-bevern_august_ferdinand;1701-08-17
osten_peter_christoph;1701-08-17
bonnac_jean_louis;1701-08-17
scio_sebastiano;1701-08-17
schleswig-holstein-sonderburg-ploen_adolf_august;1701-08-19
bobart_justine_dorothea;1701-08-19
veltheim_anna_christina;1701-08-19
henning_anon_1;1701-08-19
stoeckheim_anna_sophia;1701-08-19
braunschweig-wolfenbuettel-bevern_august_ferdinand;1701-08-19
braunschweig-wolfenbuettel-bevern_ferdinand_christian;1701-08-19
schleswig-holstein-sonderburg-norburg_ernst_leopold;1701-08-19
oppel_moritz_friedrich;1701-08-19
brion_abel_armand;1701-08-19
veltheim_joachim_ludolf_2;1701-08-19
gersdorff_anon_2;1701-08-19
amat_etienne;1701-08-19
sultan_mustafa_ii;1701-08-19
koehler_daniel;1701-08-19
matti_dominico;1701-08-19
aaron_isaac;1701-08-19
wegscheider_johann_sebastian;1701-08-19
luppels_bernhard_daniel;1701-08-19
schleswig-holstein-sonderburg-ploen_johann_adolf;1701-08-20
schleswig-holstein-sonderburg-ploen_dorothea_sophia;1701-08-20
braunschweig-wolfenbuettel_august_wilhelm;1701-08-20
braunschweig-wolfenbuettel_sophia_amalia;1701-08-20
schleswig-holstein-sonderburg-ploen_adolf_august;1701-08-20
braunschweig-wolfenbuettel-bevern_august_ferdinand;1701-08-20
krosigk_bernhard_friedrich;1701-08-20
alvensleben_johann_friedrich;1701-08-20
osten_peter_christoph;1701-08-20
petkum_edzard_adolph;1701-08-20
sachsen-meiningen_eleonora_friederike;1701-08-20
mecklenburg-strelitz_adolph_friedrich_ii;1701-08-20
mencke_otto;1701-08-20
hasberg_jobst_moritz;1701-08-20
braunschweig-wolfenbuettel_anton_ulrich;1701-08-20
braunschweig-wolfenbuettel_elisabeth_juliane;1701-08-20
braunschweig-wolfenbuettel_rudolph_august;1701-08-20
braunschweig-wolfenbuettel_anton_ulrich;1701-08-22
braunschweig-wolfenbuettel_elisabeth_juliane;1701-08-22
schleswig-holstein-sonderburg-ploen_johann_adolf;1701-08-22
schleswig-holstein-sonderburg-ploen_dorothea_sophia;1701-08-22
braunschweig-wolfenbuettel_august_wilhelm;1701-08-22
braunschweig-wolfenbuettel_sophia_amalia;1701-08-22
braunschweig-wolfenbuettel_christine_luise;1701-08-22
pollich_johann_wolfgang;1701-08-22
binnius_hans_juergen;1701-08-22
dassel_justus_stats;1701-08-22
schwartzkoppen_burchard;1701-08-22
eckart_johann_friedrich;1701-08-23
julius_anon;1701-08-23
fullécy_françois;1701-08-23
albert_anon_1;1701-08-23
braunschweig-wolfenbuettel_christine_luise;1701-08-23
tappe_hans;1701-08-23
hoyer_johann_heinrich;1701-08-23
guenther_johann_kaspar;1701-08-23
andreas_anon_1;1701-08-23
wolter_hans_juergen;1701-08-23
sachsen-zeitz_anna_friederica_philippina;1701-08-23
schleswig-holstein-sonderburg-wiesenburg_johanna_magdalena_louisa;1701-08-23
scheller_esajas;1701-08-23
boeckmann_johann;1701-08-23
lillie_johann_dieter;1701-08-23
braunschweig-wolfenbuettel_august_wilhelm;1701-08-23
glander_jakob;1701-08-23
knabe_christian;1701-08-23
klette_johann_heinrich;1701-08-23
tappe_hans;1701-08-23
neuhoff_adam;1701-08-23
pape_anon_1;1701-08-24
erich_eberhard;1701-08-24
schleswig-holstein-sonderburg-ploen_adolf_august;1701-08-24
braunschweig-wolfenbuettel_elisabeth_sophia_maria;1701-08-24
braunschweig-wolfenbuettel_elisabeth_juliane;1701-08-24
schleswig-holstein-sonderburg-norburg_rudolph_friedrich;1701-08-24
schleswig-holstein-sonderburg-norburg_ernst_leopold;1701-08-24
schleswig-holstein-sonderburg-ploen_johann_adolf;1701-08-25
schleswig-holstein-sonderburg-ploen_dorothea_sophia;1701-08-25
schleswig-holstein-sonderburg-ploen_johann_adolf;1701-08-25
schleswig-holstein-sonderburg-ploen_adolf_august;1701-08-25
braunschweig-wolfenbuettel_elisabeth_sophia_maria;1701-08-25
erich_eberhard;1701-08-25
braunschweig-wolfenbuettel_christine_luise;1701-08-25
sachsen-meiningen_eleonora_friederike;1701-08-26
braunschweig-wolfenbuettel_elisabeth_sophia_maria;1701-08-26
imhoff_anton_albrecht;1701-08-26
braunschweig-wolfenbuettel-bevern_august_ferdinand;1701-08-27
schwartzkoppen_burchard;1701-08-27
usson_jean;1701-08-29
bonnac_jean_louis;1701-08-29
matti_dominico;1701-08-29
usson_jean;1701-08-29
oppel_moritz_friedrich;1701-08-30
bose_christoph_dietrich_d_ae;1701-08-30
kuehlewein_georg_balthasar;1701-08-30
laemmel_johann;1701-08-30
kragen_christoph_julius;1701-08-30
braunschweig-wolfenbuettel_anton_ulrich;1701-08-30
usson_jean;1701-08-30
stockhausen_justus_hermann;1701-08-30
imhoff_anton_albrecht;1701-08-30
henning_anton_adolf;1701-08-30
wintzingerode_johann_christian;1701-08-30
braunschweig-wolfenbuettel_christine_luise;1701-08-29
braunschweig-wolfenbuettel_anton_ulrich;1701-08-31
braunschweig-wolfenbuettel_elisabeth_juliane;1701-08-31
braunschweig-wolfenbuettel_christine_luise;1701-09-04
braunschweig-wolfenbuettel_elisabeth_juliane;1701-09-05
steinberg_friedrich;1701-09-05
braunschweig-wolfenbuettel_ferdinand_albrecht_ii;1701-09-05
walther_friedrich_hans;1701-09-05
braunschweig-wolfenbuettel-bevern_august_ferdinand;1701-09-06
kragen_christoph_julius;1701-09-06
braunschweig-wolfenbuettel_rudolph_august;1701-09-06
braunschweig-wolfenbuettel_anton_ulrich;1701-09-06
probst_philipp_ludwig;1701-09-06
braunschweig-wolfenbuettel_anton_ulrich;1701-09-06
braunschweig-wolfenbuettel_august_wilhelm;1701-09-06
usson_jean;1701-09-06
bonnac_jean_louis;1701-09-06
mencke_otto;1701-09-06
braunschweig-wolfenbuettel_anton_ulrich;1701-09-06
usson_jean;1701-09-06
braunschweig-wolfenbuettel-bevern_august_ferdinand;1701-09-06
braunschweig-wolfenbuettel_august_wilhelm;1701-09-06
probst_philipp_ludwig;1701-09-06
kragen_christoph_julius;1701-09-06
bernstorff_hans_valentin;1701-09-06
lippe-brake_georg;1701-09-06
schleswig-holstein-sonderburg-ploen_adolf_august;1701-09-06
braunschweig-wolfenbuettel-bevern_august_ferdinand;1701-09-06
braunschweig-wolfenbuettel-bevern_august_ferdinand;1701-09-07
cramm_johann_ludwig;1701-09-07
candor_gui;1701-09-07
mencke_otto;1701-09-08
braunschweig-wolfenbuettel_anton_ulrich;1701-09-08
braunschweig-wolfenbuettel_august_wilhelm;1701-09-08
schleswig-holstein-sonderburg-ploen_adolf_august;1701-09-08
usson_jean;1701-09-08
probst_philipp_ludwig;1701-09-08
imhoff_anton_albrecht;1701-09-08
luedeke_urban_dietrich;1701-09-08
kragen_christoph_julius;1701-09-08
klengel_hans_caspar;1701-09-08
bennigsen_levin_adolf;1701-09-08
braunschweig-wolfenbuettel_christine_luise;1701-09-08
braunschweig-wolfenbuettel-bevern_august_ferdinand;1701-09-08
wuerttemberg-neuenstadt_karl_rudolph;1701-09-08
daenemark_friedrich_iv;1701-09-08
kragen_christoph_julius;1701-09-09
probst_philipp_ludwig;1701-09-09
schleswig-holstein-sonderburg-ploen_adolf_august;1701-09-09
braunschweig-wolfenbuettel_rudolph_august;1701-09-09
bernstorff_hans_valentin;1701-09-09
heringen_georg_albrecht;1701-09-09
schleswig-holstein-sonderburg-ploen_johann_adolf;1701-09-09
usson_jean;1701-09-09
braunschweig-wolfenbuettel_anton_ulrich;1701-09-09
frankreich_ludwig_xiv;1701-09-09
braunschweig-wolfenbuettel_rudolph_august;1701-09-09
braunschweig-wolfenbuettel_elisabeth_juliane;1701-09-09
braunschweig-wolfenbuettel_henriette_christine;1701-09-09
steinberg_friedrich;1701-09-09
braunschweig-wolfenbuettel_christine_luise;1701-09-09
brion_abel_armand;1701-09-09
braunschweig-wolfenbuettel_elisabeth_juliane;1701-09-10
braunschweig-wolfenbuettel_henriette_christine;1701-09-10
braunschweig-wolfenbuettel_elisabeth_juliane;1701-09-11
axel_anon_1;1701-09-11
braunschweig-wolfenbuettel_anton_ulrich;1701-09-11
braunschweig-wolfenbuettel_anton_ulrich;1701-09-13
bonnac_jean_louis;1701-09-13
probst_philipp_ludwig;1701-09-13
imhoff_anton_albrecht;1701-09-13
braunschweig-wolfenbuettel_august_wilhelm;1701-09-13
stockhausen_justus_hermann;1701-09-13
germer_georg;1701-09-13
boetticher_siegfried_justus;1701-09-13
eggeling_johann_gotthard;1701-09-13
lippe-brake_georg;1701-09-13
usson_jean;1701-09-13
braunschweig-wolfenbuettel_anton_ulrich;1701-09-13
bonnac_jean_louis;1701-09-13
frankreich_ludwig_xiv;1701-09-13
voelckening_jobst_eberhard;1701-09-13
braunschweig-wolfenbuettel_anton_ulrich;1701-09-13
voelckening_jobst_eberhard;1701-09-13
lippe-brake_georg;1701-09-13
braunschweig-wolfenbuettel_anton_ulrich;1701-09-13
braunschweig-wolfenbuettel_august_wilhelm;1701-09-13
braunschweig-wolfenbuettel_ferdinand_albrecht_ii;1701-09-15
walther_friedrich_hans;1701-09-15
braunschweig-wolfenbuettel-bevern_august_ferdinand;1701-09-15
braunschweig-wolfenbuettel_christine_luise;1701-09-15
braunschweig-wolfenbuettel_elisabeth_juliane;1701-09-15
schleinitz_hans_georg_haubold;1701-09-16
braunschweig-wolfenbuettel_anton_ulrich;1701-09-16
braunschweig-wolfenbuettel_august_wilhelm;1701-09-16
schleswig-holstein-sonderburg-ploen_adolf_august;1701-09-16
braunschweig-wolfenbuettel_rudolph_august;1701-09-16
lippe-brake_georg;1701-09-16
kragen_christoph_julius;1701-09-16
lippe-brake_georg;1701-09-16
braunschweig-wolfenbuettel-bevern_august_ferdinand;1701-09-16
braunschweig-wolfenbuettel_christine_luise;1701-09-17
wegscheider_johann_sebastian;1701-09-17
schleswig-holstein-sonderburg-ploen_adolf_august;1701-09-18
braunschweig-wolfenbuettel-bevern_august_ferdinand;1701-09-18
usson_jean;1701-09-18
bonnac_jean_louis;1701-09-18
schweden_karl_xii;1701-09-18
frankreich_ludwig_xiv;1701-09-18
mencke_otto;1701-09-18
colbert_jean-baptiste;1701-09-18
bonnac_jean_louis;1701-09-18
frankreich_ludwig_xiv;1701-09-18
bonnac_jean_louis;1701-09-18
schleswig-holstein-sonderburg-ploen_adolf_august;1701-09-18
braunschweig-wolfenbuettel-bevern_august_ferdinand;1701-09-18
usson_jean;1701-09-18
bonnac_jean_louis;1701-09-18
bonnac_jean_louis;1701-09-20
usson_jean;1701-09-20
schleswig-holstein-sonderburg-ploen_johann_adolf;1701-09-20
schleswig-holstein-sonderburg-ploen_dorothea_sophia;1701-09-20
sachsen-zeitz_anna_friederica_philippina;1701-09-20
kaiserstein_anton;1701-09-20
wapowski_carolus;1701-09-20
braunschweig-wolfenbuettel_anton_ulrich;1701-09-20
braunschweig-wolfenbuettel_august_wilhelm;1701-09-20
braunschweig-wolfenbuettel_elisabeth_juliane;1701-09-20
schleswig-holstein-sonderburg-ploen_adolf_august;1701-09-20
sachsen-zeitz_anna_friederica_philippina;1701-09-20
sachsen-meiningen_eleonora_friederike;1701-09-20
braunschweig-wolfenbuettel_elisabeth_sophia_maria;1701-09-20
schleswig-holstein-sonderburg-norburg_ernst_leopold;1701-09-20
braunschweig-wolfenbuettel-bevern_august_ferdinand;1701-09-20
braunschweig-wolfenbuettel-bevern_august_ferdinand;1701-09-20
braunschweig-wolfenbuettel_christine_luise;1701-09-21
braunschweig-wolfenbuettel_anton_ulrich;1701-09-22
braunschweig-wolfenbuettel_august_wilhelm;1701-09-22
braunschweig-wolfenbuettel-bevern_august_ferdinand;1701-09-22
usson_jean;1701-09-22
bonnac_jean_louis;1701-09-21
klengel_hans_caspar;1701-09-23
fulde_statz_friedrich;1701-09-23
braunschweig-wolfenbuettel_anton_ulrich;1701-09-23
braunschweig-wolfenbuettel_august_wilhelm;1701-09-23
usson_jean;1701-09-23
lippe-brake_georg;1701-09-23
tuerck_anton_julius;1701-09-23
fulde_statz_friedrich;1701-09-23
braunschweig-wolfenbuettel-bevern_august_ferdinand;1701-09-23
braunschweig-wolfenbuettel_anton_ulrich;1701-09-24
braunschweig-wolfenbuettel_christine_luise;1701-09-25
axel_anon_1;1701-09-26
persius_leopold_ferdinand;1701-09-27
braunschweig-wolfenbuettel_christine_luise;1701-09-27
persius_leopold_ferdinand;1701-09-27
braunschweig-wolfenbuettel_henriette_christine;1701-09-25
hessen-darmstadt_ernst_ludwig;1701-09-25
metzsch_sibylla_juliana;1701-09-28
usson_jean;1701-09-28
matti_dominico;1701-09-28
braunschweig-wolfenbuettel_christine_luise;1701-09-28
braunschweig-wolfenbuettel_elisabeth_juliane;1701-09-28
praetorius_samuel_rudolph;1701-09-29
achilles_anon_1;1701-09-29
braunschweig-wolfenbuettel_elisabeth_juliane;1701-09-29
braunschweig-wolfenbuettel_henriette_christine;1701-09-29
braunschweig-wolfenbuettel_christine_luise;1701-09-29
braunschweig-wolfenbuettel-bevern_august_ferdinand;1701-09-29
braunschweig-wolfenbuettel-bevern_august_ferdinand;1701-10-03
luening_johann_friedrich;1701-10-06
klengel_hans_caspar;1701-10-06
schwarzburg-sondershausen_auguste_dorothea;1701-10-06
braunschweig-wolfenbuettel_anton_ulrich;1701-10-06
molière_jean-baptiste_poquelin;1701-10-07
braunschweig-wolfenbuettel_anton_ulrich;1701-10-07
schleswig-holstein-sonderburg-norburg_herzogtum;1701-10-07
schleswig-holstein-sonderburg-ploen_adolf_august;1701-10-08
braunschweig-wolfenbuettel_elisabeth_sophia_maria;1701-10-08
braunschweig-wolfenbuettel_elisabeth_juliane;1701-10-08
braunschweig-wolfenbuettel_rudolph_august;1701-10-08
braunschweig-wolfenbuettel_anton_ulrich;1701-10-08
schleswig-holstein-sonderburg-ploen_johann_adolf;1701-10-08
schleswig-holstein-sonderburg-ploen_dorothea_sophia;1701-10-08
braunschweig-wolfenbuettel_august_wilhelm;1701-10-08
braunschweig-wolfenbuettel_sophia_amalia;1701-10-08
braunschweig-wolfenbuettel_henriette_christine;1701-10-08
schwarzburg-sondershausen_auguste_dorothea;1701-10-08
braunschweig-wolfenbuettel_christine_luise;1701-10-08
schleswig-holstein-sonderburg-norburg_ernst_leopold;1701-10-08
braunschweig-wolfenbuettel-bevern_august_ferdinand;1701-10-08
braunschweig-wolfenbuettel-bevern_ferdinand_christian;1701-10-08
schleswig-holstein-sonderburg-wiesenburg_johanna_magdalena_louisa;1701-10-08
usson_jean;1701-10-08
niekamp_johann;1701-10-08
braunschweig-wolfenbuettel_anton_ulrich;1701-10-08
braunschweig-wolfenbuettel_antoinette_amalia;1701-10-08
braunschweig-wolfenbuettel_rudolph_august;1701-10-08
braunschweig-wolfenbuettel_elisabeth_sophia_maria;1701-10-08
schleswig-holstein-sonderburg-ploen_adolf_august;1701-10-08
bennigsen_levin_adolf;1701-10-09
niekamp_johann;1701-10-09
matthaeus_heiliger;1701-10-09
braunschweig-wolfenbuettel_rudolph_august;1701-10-09
braunschweig-wolfenbuettel_elisabeth_sophia_maria;1701-10-09
schleswig-holstein-sonderburg-ploen_adolf_august;1701-10-11
braunschweig-wolfenbuettel_elisabeth_sophia_maria;1701-10-11
braunschweig-wolfenbuettel-bevern_sophia_eleonora;1701-10-12
usson_jean;1701-10-12
braunschweig-wolfenbuettel_august_wilhelm;1701-10-13
dageroth_friedrich_jakob;1701-10-13
behm_heinrich_julius;1701-10-13
steinberg_friedrich;1701-10-13
braunschweig-wolfenbuettel_elisabeth_sophia_maria;1701-10-13
schleswig-holstein-sonderburg-ploen_adolf_august;1701-10-13
schleswig-holstein-sonderburg-ploen_johann_adolf;1701-10-13
braunschweig-wolfenbuettel_august_wilhelm;1701-10-13
schleswig-holstein-sonderburg-ploen_dorothea_sophia;1701-10-13
braunschweig-wolfenbuettel_sophia_amalia;1701-10-13
braunschweig-wolfenbuettel_anton_ulrich;1701-10-13
schleswig-holstein-sonderburg-norburg_ernst_leopold;1701-10-13
braunschweig-wolfenbuettel_elisabeth_sophia_maria;1701-10-13
braunschweig-wolfenbuettel_elisabeth_juliane;1701-10-13
braunschweig-wolfenbuettel_henriette_christine;1701-10-13
schwarzburg-sondershausen_auguste_dorothea;1701-10-13
braunschweig-wolfenbuettel_christine_luise;1701-10-13
braunschweig-wolfenbuettel-bevern_sophia_eleonora;1701-10-13
sachsen-zeitz_anna_friederica_philippina;1701-10-13
braunschweig-wolfenbuettel-bevern_ferdinand_christian;1701-10-13
braunschweig-wolfenbuettel-bevern_august_ferdinand;1701-10-13
braunschweig-wolfenbuettel_elisabeth_juliane;1701-10-13
braunschweig-wolfenbuettel_august_wilhelm;1701-10-13
braunschweig-wolfenbuettel_sophia_amalia;1701-10-13
braunschweig-wolfenbuettel_christine_luise;1701-10-13
probst_maria_elisabeth;1701-10-13
imhoff_sophia_henriette;1701-10-13
braunschweig-wolfenbuettel_elisabeth_sophia_maria;1701-10-13
braunschweig-wolfenbuettel-bevern_sophia_eleonora;1701-10-13
braunschweig-wolfenbuettel-bevern_august_ferdinand;1701-10-13
braunschweig-wolfenbuettel_anton_ulrich;1701-10-13
kragen_christoph_julius;1701-10-13
kragen_christoph_julius;1701-10-13
heringen_georg_albrecht;1701-10-13
bernstorff_hans_valentin;1701-10-13
schleswig-holstein-sonderburg-ploen_adolf_august;1701-10-13
braunschweig-wolfenbuettel_rudolph_august;1701-10-13
braunschweig-wolfenbuettel_elisabeth_sophia_maria;1701-10-13
schleswig-holstein-sonderburg-ploen_adolf_august;1701-10-13
lautensack_johann_peter;1701-10-13
ingersleben_wilhelmine_elisabeth;1701-10-13
ingersleben_caspar_heinrich;1701-10-13
probst_philipp_ludwig;1701-10-13
mencke_otto;1701-10-13
braunschweig-wolfenbuettel-bevern_august_ferdinand;1701-10-14
braunschweig-wolfenbuettel-bevern_sophia_eleonora;1701-10-14
braunschweig-wolfenbuettel-bevern_ferdinand_christian;1701-10-14
kaiserin_elisabeth_christine;1701-10-14
diepenbrock_anon_1;1701-10-14
braunschweig-wolfenbuettel_anton_ulrich;1701-10-14
braunschweig-wolfenbuettel_august_wilhelm;1701-10-14
braunschweig-wolfenbuettel_christine_luise;1701-10-14
braunschweig-wolfenbuettel_sophia_amalia;1701-10-14
braunschweig-wolfenbuettel_elisabeth_juliane;1701-10-14
voelckening_jobst_eberhard;1701-10-15
eggeling_johann_gotthard;1701-10-15
campen_bernhard_adolph;1701-10-15
imhoff_anton_albrecht;1701-10-15
luening_johann_friedrich;1701-10-15
brion_abel_armand;1701-10-15
braunschweig-wolfenbuettel_christine_luise;1701-10-16
schleswig-holstein-sonderburg-ploen_adolf_august;1701-10-16
braunschweig-wolfenbuettel_elisabeth_sophia_maria;1701-10-16
schleswig-holstein-sonderburg-ploen_johann_adolf;1701-10-16
schleswig-holstein-sonderburg-ploen_dorothea_sophia;1701-10-16
braunschweig-wolfenbuettel_august_wilhelm;1701-10-18
wartensleben_simon_elmershausen;1701-10-18
schleswig-holstein-sonderburg-ploen_adolf_august;1701-10-18
braunschweig-wolfenbuettel_anton_ulrich;1701-10-18
braunschweig-wolfenbuettel_anton_ulrich;1701-10-18
braunschweig-wolfenbuettel_august_wilhelm;1701-10-18
usson_jean;1701-10-18
bourgogne_louis;1701-10-18
braunschweig-wolfenbuettel_christine_luise;1701-10-18
braunschweig-wolfenbuettel-bevern_august_ferdinand;1701-10-18
braunschweig-wolfenbuettel_christine_luise;1701-10-19
braunschweig-wolfenbuettel-bevern_august_ferdinand;1701-10-19
braunschweig-wolfenbuettel_henriette_christine;1701-10-19
braunschweig-wolfenbuettel_henriette_christine;1701-10-20
braunschweig-wolfenbuettel-bevern_sophia_eleonora;1701-10-20
imhoff_anton_albrecht;1701-10-21
schleswig-holstein-sonderburg-ploen_johann_adolf;1701-10-21
schleswig-holstein-sonderburg-ploen_dorothea_sophia;1701-10-21
schleswig-holstein-sonderburg-ploen_adolf_august;1701-10-21
braunschweig-wolfenbuettel_elisabeth_sophia_maria;1701-10-21
sachsen-zeitz_anna_friederica_philippina;1701-10-21
braunschweig-wolfenbuettel_august_wilhelm;1701-10-21
braunschweig-wolfenbuettel_sophia_amalia;1701-10-21
braunschweig-wolfenbuettel-bevern_august_ferdinand;1701-10-21
braunschweig-wolfenbuettel-bevern_ferdinand_christian;1701-10-21
schleswig-holstein-sonderburg-norburg_ernst_leopold;1701-10-21
schleswig-holstein-sonderburg-ploen_johann_adolf;1701-10-21
schleswig-holstein-sonderburg-ploen_dorothea_sophia;1701-10-21
braunschweig-wolfenbuettel_anton_ulrich;1701-10-21
braunschweig-wolfenbuettel_elisabeth_juliane;1701-10-21
braunschweig-wolfenbuettel_christine_luise;1701-10-21
braunschweig-wolfenbuettel_elisabeth_juliane;1701-10-22
schwarzburg-sondershausen_auguste_dorothea;1701-10-22
schleswig-holstein-sonderburg-ploen_johann_adolf;1701-10-22
schleswig-holstein-sonderburg-ploen_dorothea_sophia;1701-10-22
sachsen-zeitz_anna_friederica_philippina;1701-10-22
braunschweig-wolfenbuettel_christine_luise;1701-10-23
braunschweig-wolfenbuettel_christine_luise;1701-10-24
braunschweig-wolfenbuettel-bevern_august_ferdinand;1701-10-24
braunschweig-wolfenbuettel_rudolph_august;1701-10-25
schleswig-holstein-sonderburg-ploen_adolf_august;1701-10-25
braunschweig-wolfenbuettel_elisabeth_sophia_maria;1701-10-25
lenthe_anon_1;1701-10-21
braunschweig-wolfenbuettel_christine_luise;1701-10-21
toepfer_johann_georg;1701-10-24
braunschweig-wolfenbuettel-bevern_august_ferdinand;1701-10-26
braunschweig-wolfenbuettel-bevern_august_ferdinand;1701-10-27
kuehlewein_johann_friedrich;1701-10-28
matti_dominico;1701-10-28
schleswig-holstein-sonderburg-ploen_adolf_august;1701-10-28
braunschweig-wolfenbuettel_elisabeth_sophia_maria;1701-10-28
braunschweig-wolfenbuettel_august_wilhelm;1701-10-28
braunschweig-wolfenbuettel-bevern_august_ferdinand;1701-10-28
braunschweig-wolfenbuettel_christine_luise;1701-10-28
schwartzkoppen_burchard;1701-10-28
braunschweig-wolfenbuettel_august_wilhelm;1701-10-28
braunschweig-wolfenbuettel_sophia_amalia;1701-10-28
braunschweig-wolfenbuettel-bevern_august_ferdinand;1701-10-28
schleswig-holstein-sonderburg-ploen_adolf_august;1701-10-30
braunschweig-wolfenbuettel_elisabeth_sophia_maria;1701-10-30
braunschweig-wolfenbuettel-bevern_august_ferdinand;1701-10-30
braunschweig-wolfenbuettel_christine_luise;1701-10-30
gemäl_anon_1;1701-10-30
schwarzburg-sondershausen_auguste_dorothea;1701-10-31
pape_julius_basilius;1701-10-31
jettebrock_georg_ernst;1701-09-22
braunschweig-wolfenbuettel_rudolph_august;1701-09-22
braunschweig-wolfenbuettel_august_wilhelm;1701-09-22
schleswig-holstein-sonderburg-ploen_adolf_august;1701-09-22
braunschweig-wolfenbuettel_elisabeth_sophia_maria;1701-09-22
braunschweig-wolfenbuettel_sophia_amalia;1701-09-22
braunschweig-wolfenbuettel_christine_luise;1701-11-01
schwarzburg-sondershausen_auguste_dorothea;1701-11-01
braunschweig-wolfenbuettel_sophia_amalia;1701-11-01
braunschweig-wolfenbuettel-bevern_august_ferdinand;1701-11-01
schwarzburg-sondershausen_auguste_dorothea;1701-11-02
braunschweig-wolfenbuettel-bevern_august_ferdinand;1701-11-02
braunschweig-wolfenbuettel_anton_ulrich;1701-11-03
schmale_heinrich;1701-11-03
braunschweig-wolfenbuettel-bevern_august_ferdinand;1701-11-04
braunschweig-wolfenbuettel_sophia_amalia;1701-11-04
braunschweig-wolfenbuettel_august_wilhelm;1701-11-04
braunschweig-wolfenbuettel_christine_luise;1701-10-31
braunschweig-wolfenbuettel-bevern_august_ferdinand;1701-10-31
matthiae_andreas;1701-10-31
braunschweig-wolfenbuettel_ferdinand_albrecht_ii;1701-10-31
axel_anon_1;1701-10-30
usson_jean;1701-11-05
braunschweig-wolfenbuettel_christine_luise;1701-11-06
braunschweig-wolfenbuettel_anton_ulrich;1701-11-06
cramm_johann_ludwig;1701-11-07
streithorst_franz_christoph_ernst;1701-11-07
braunschweig-wolfenbuettel_christine_luise;1701-11-10
schwarzburg-sondershausen_auguste_dorothea;1701-11-10
braunschweig-wolfenbuettel-bevern_august_ferdinand;1701-11-10
braunschweig-wolfenbuettel-bevern_ferdinand_christian;1701-11-10
castell-remlingen_leopold_friedrich_ernst;1701-11-10
spoercken_georg_friedrich;1701-11-10
usson_jean;1701-11-10
imhoff_anton_albrecht;1701-11-10
imhoff_sophia_henriette;1701-11-10
probst_maria_elisabeth;1701-11-10
spoercken_anna_elisabeth;1701-11-10
braunschweig-wolfenbuettel_august_wilhelm;1701-11-13
braunschweig-wolfenbuettel_sophia_amalia;1701-11-13
braunschweig-wolfenbuettel_christine_luise;1701-11-14
usson_jean;1701-11-14
kaiserin_elisabeth_christine;1701-11-14
braunschweig-wolfenbuettel-bevern_ferdinand_christian;1701-11-14
mencke_otto;1701-11-14
mencke_eva_margaretha;1701-11-14
braunschweig-wolfenbuettel-bevern_august_ferdinand;1701-11-14
schwarzburg-sondershausen_auguste_dorothea;1701-11-14
spoercken_georg_friedrich;1701-11-14
braunschweig-wolfenbuettel_christine_luise;1701-11-14
imhoff_anton_albrecht;1701-11-14
braunschweig-wolfenbuettel_sophia_amalia;1701-11-14
post_dorothea_elisabeth;1701-11-14
braunschweig-wolfenbuettel_august_wilhelm;1701-11-14
imhoff_sophia_henriette;1701-11-14
castell-remlingen_leopold_friedrich_ernst;1701-11-14
veltheim_august_rudolph;1701-11-14
braunschweig-wolfenbuettel-bevern_august_ferdinand;1701-11-14
wegscheider_johann_sebastian;1701-11-14
braunschweig-wolfenbuettel_christine_luise;1701-11-14
alvensleben_johann_friedrich;1701-11-16
braunschweig-wolfenbuettel_anton_ulrich;1701-11-17
braunschweig-wolfenbuettel_elisabeth_juliane;1701-11-16
braunschweig-wolfenbuettel_august_wilhelm;1701-11-15
oppel_moritz_friedrich;1701-11-15
braunschweig-wolfenbuettel_anton_ulrich;1701-11-18
braunschweig-wolfenbuettel_august_wilhelm;1701-11-18
braunschweig-wolfenbuettel_sophia_amalia;1701-11-18
spoercken_georg_friedrich;1701-11-18
castell-remlingen_friedrich_magnus;1701-11-19
castell-remlingen_leopold_friedrich_ernst;1701-11-19
braunschweig-wolfenbuettel_anton_ulrich;1701-11-21
braunschweig-wolfenbuettel_elisabeth_juliane;1701-11-21
braunschweig-wolfenbuettel_august_wilhelm;1701-11-22
heron_charles-francois;1701-11-24
braunschweig-wolfenbuettel_anton_ulrich;1701-11-25
braunschweig-wolfenbuettel_elisabeth_juliane;1701-11-25
schwarzburg-sondershausen_auguste_dorothea;1701-11-25
braunschweig-wolfenbuettel_sophia_amalia;1701-11-25
braunschweig-wolfenbuettel_christine_luise;1701-11-25
braunschweig-wolfenbuettel-bevern_august_ferdinand;1701-11-25
mencke_otto;1701-11-25
steinberg_friedrich;1701-11-25
kragen_mette_katharina;1701-11-25
schleinitz_hans_georg_haubold;1701-11-25
voigt_johann_justus;1701-11-25
braunschweig-wolfenbuettel_august_wilhelm;1701-11-25
walther_friedrich_hans;1701-11-25
usson_jean;1701-11-27
sachsen-gotha-altenburg_friedrich_ii;1701-11-27
niekamp_johann;1701-11-28
braunschweig-wolfenbuettel_christine_luise;1701-11-28
braunschweig-wolfenbuettel_anton_ulrich;1701-11-29
kuehlewein_johann_friedrich;1701-11-29
matthiae_andreas;1701-11-29
goes_ernst;1701-11-29
kropff_heinrich_siegmund;1701-11-30
braunschweig-wolfenbuettel-bevern_august_ferdinand;1701-11-30
wied-neuwied_friedrich_wilhelm;1701-11-30
braunschweig-wolfenbuettel_elisabeth_juliane;1701-12-06
guiscard_louis;1701-12-07
frankreich_ludwig_xiv;1701-12-07
schleswig-holstein-sonderburg-norburg_ernst_leopold;1701-12-07
hertel_lorenz;1701-12-07
schwarzburg-sondershausen_auguste_dorothea;1701-12-07
mencke_otto;1701-12-07
guiscard_louis;1701-12-08
braunschweig-wolfenbuettel_anton_ulrich;1701-12-08
braunschweig-wolfenbuettel_christine_luise;1701-12-08
braunschweig-wolfenbuettel_sophia_amalia;1701-12-08
braunschweig-wolfenbuettel_elisabeth_juliane;1701-12-08
steinberg_friedrich;1701-12-08
meer_aelbert;1701-12-08
braunschweig-wolfenbuettel_anton_ulrich;1701-12-09
braunschweig-wolfenbuettel_august_wilhelm;1701-12-09
guiscard_louis;1701-12-09
usson_jean;1701-12-09
meer_aelbert;1701-12-09
braunschweig-wolfenbuettel_august_wilhelm;1701-12-09
braunschweig-wolfenbuettel-bevern_august_ferdinand;1701-12-09
steinberg_friedrich;1701-12-09
mencke_otto;1701-12-09
imhoff_anton_albrecht;1701-12-09
guiscard_louis;1701-12-09
usson_jean;1701-12-09
meer_aelbert;1701-12-09
braunschweig-wolfenbuettel_august_wilhelm;1701-12-12
braunschweig-wolfenbuettel_sophia_amalia;1701-12-12
braunschweig-wolfenbuettel_christine_luise;1701-12-12
braunschweig-wolfenbuettel-bevern_august_ferdinand;1701-12-12
schwarzburg-sondershausen_auguste_dorothea;1701-12-12
schwartzkoppen_johann_georg;1701-12-12
braunschweig-wolfenbuettel_anton_ulrich;1701-12-12
braunschweig-wolfenbuettel-bevern_august_ferdinand;1701-12-12
hoyer_johann_heinrich;1701-12-08
bose_christoph_dietrich_d_ae;1701-12-08
steinau_adam_heinrich;1701-12-08
milckau_moritz_friedrich;1701-12-08
trebra_caspar_wilhelm;1701-12-08
valckenier_pieter;1701-12-08
luppels_bernhard_daniel;1701-12-10
braunschweig-wolfenbuettel_christine_luise;1701-12-10
matthiae_andreas;1701-12-12
braunschweig-wolfenbuettel_august_wilhelm;1701-12-13
schwarzburg-sondershausen_auguste_dorothea;1701-12-15
braunschweig-wolfenbuettel_sophia_amalia;1701-12-15
braunschweig-wolfenbuettel_christine_luise;1701-12-16
braunschweig-wolfenbuettel-bevern_august_ferdinand;1701-12-16
koetzler_maria_eleonora;1701-12-16
usson_jean;1701-12-16
voelckening_jobst_eberhard;1701-12-17
volckmann_paul;1701-12-17
eggeling_johann_gotthard;1701-12-17
braunschweig-wolfenbuettel_anton_ulrich;1701-12-19
braunschweig-wolfenbuettel_elisabeth_juliane;1701-12-19
bennigsen_levin_adolf;1701-12-19
cramm_hans_adolph;1701-12-19
amat_etienne;1701-12-19
axel_anon_1;1701-12-19
luppels_bernhard_daniel;1701-12-20
braunschweig-wolfenbuettel_christine_luise;1701-12-20
guenther_johann_kaspar;1701-12-21
epp_anon_1;1701-12-21
axel_anon_1;1701-12-22
braunschweig-wolfenbuettel_christine_luise;1701-12-23
braunschweig-wolfenbuettel_ferdinand_albrecht_ii;1701-12-23
walther_friedrich_hans;1701-12-23
usson_elisabeth;1701-12-23
milckau_moritz_friedrich;1701-12-23
braunschweig-wolfenbuettel_anton_ulrich;1701-12-23
toepfer_johann_georg;1701-12-23
guenther_johann_kaspar;1701-12-23
matthiae_andreas;1701-12-23
cray_isaac;1701-12-23
scheller_esajas;1701-12-23
kuehlewein_johann_friedrich;1701-12-23
lillie_johann_dieter;1701-12-23
braunschweig-wolfenbuettel_august_wilhelm;1701-12-23
braunschweig-wolfenbuettel_christine_luise;1701-12-24
usson_elisabeth;1701-12-24
braunschweig-wolfenbuettel_elisabeth_juliane;1701-12-24
usson_jean;1701-12-24
braunschweig-wolfenbuettel_anton_ulrich;1701-12-24
braunschweig-wolfenbuettel_august_wilhelm;1701-12-24
braunschweig-wolfenbuettel_sophia_amalia;1701-12-24
braunschweig-wolfenbuettel_christine_luise;1701-12-24
usson_elisabeth;1701-12-24
usson_elisabeth;1701-12-25
braunschweig-wolfenbuettel_august_wilhelm;1701-12-25
braunschweig-wolfenbuettel_sophia_amalia;1701-12-25
braunschweig-wolfenbuettel_christine_luise;1701-12-25
usson_jean;1701-12-25
rappach_karl_ernst;1701-12-25
braunschweig-wolfenbuettel_elisabeth_juliane;1701-12-26
stockhausen_julius_johann;1701-12-26
braunschweig-wolfenbuettel_anton_ulrich;1701-12-27
braunschweig-wolfenbuettel_august_wilhelm;1701-12-27
braunschweig-wolfenbuettel_sophia_amalia;1701-12-27
braunschweig-wolfenbuettel_christine_luise;1701-12-27
kaiserin_elisabeth_christine;1701-12-27
braunschweig-wolfenbuettel-bevern_august_ferdinand;1701-12-27
post_christian_ludwig;1701-12-27
imhoff_anton_albrecht;1701-12-27
usson_jean;1701-12-27
hasberg_kurd;1701-12-27
hasberg_sophie_ilse;1701-12-27
hasberg_anon_1;1701-12-27
hasberg_anon_2;1701-12-27
schulenburg_matthias_johann;1701-12-27
wolffradt_hermann_christian;1701-12-27
cramm_hans_adolph;1701-12-28
kragen_christoph_julius;1701-12-28
cramm_eleonore_elisabeth;1701-12-28
cramm_hans_adolph;1701-12-28
henninger_christoph;1701-12-28
braunschweig-wolfenbuettel_christine_luise;1701-12-28
schwarzburg-sondershausen_auguste_dorothea;1701-12-28
braunschweig-wolfenbuettel-bevern_august_ferdinand;1701-12-28
niekamp_johann;1701-12-28
knopf_albert_fiedler;1701-12-28
behm_christian_heinrich;1701-12-28
braunschweig-wolfenbuettel_rudolph_august;1701-12-28
schwartzkoppen_burchard;1701-12-28
alvensleben_johann_friedrich;1701-12-29
matthiae_andreas;1701-12-31
usson_jean;1701-12-31
braunschweig-wolfenbuettel_christine_luise;1701-12-31
braunschweig-wolfenbuettel_august_wilhelm;1701-12-31
spoercken_georg_friedrich;1701-12-31
spoercken_anna_elisabeth;1701-12-31
kielmansegg_melusine_agnes;1701-12-31
braunschweig-wolfenbuettel_anton_ulrich;1701-12-31
mueller_anna_katharina;1701-12-31
printzeler_franz_karl;1701-12-31
mueller_philipp_2;1701-12-31
braunschweig-wolfenbuettel_rudolph_august;1701-12-31
mueller_philipp_1;1701-12-31
braunschweig-wolfenbuettel_christine_luise;1701-12-31
spoercken_christine_luise;1701-12-31
steinberg_gertrud_luise;1701-12-31
steinberg_eva_friederika;1701-12-31
menthe_rosina_elisabeth;1701-12-31
schulenburg_friedrich_achaz;1701-12-31
braunschweig-wolfenbuettel_anton_ulrich;1701-12-31
rheden_henning_christoph;1701-12-31
jettebrock_georg_ernst;1701-12-31
henninger_christoph;1701-12-31
cramm_eleonore_elisabeth;1701-12-31
steinberg_friedrich;1701-12-31
baertling_georg_heinrich;1701-12-31
heringen_georg_albrecht;1701-12-31
hagen_busso;1701-12-31
tuerck_anton_julius;1701-12-31
voelckening_jobst_eberhard;1701-12-31
haake_simon_martin;1701-12-31
castell-remlingen_leopold_friedrich_ernst;1701-12-31
zaschnitz_christoph_heinrich;1701-12-31
braunschweig-wolfenbuettel_ferdinand_albrecht_ii;1701-12-31
nassau-oranien_haus;1701-12-31
barclay_john;1701-05-20
behm_christian_heinrich;1701-10-27
schmidt_johann_andreas;1701-10-27
walther_friedrich;1701-11-05
knorr-rosenroth_christian;1701-11-09
julius_anon;1701-11-26
attems_elisabeth_katharina;1701-11-26
nassau-hadamar_joseph_hugo;1701-11-26
savoyen_karl_emanuel_iii;1701-11-26
savoyen-carignan_louis_thomas;1701-11-26
savoyen-carignan_maria_isabella;1701-11-26
daenemark_luise;1701-11-26
daenemark_friedrich_karl;1701-11-26
kaiserin_wilhelmine_amalie;1701-11-26
kaiserin_maria_amalia;1701-11-26
spanien_philipp_v;1701-11-26
spanien_maria_luisa;1701-11-26
mecklenburg-strelitz_maria;1701-11-26
nassau-dillenburg_heinrich;1701-11-26
nassau-oranien_haus;1701-11-26
sachsen-merseburg_christiana;1701-11-26
schleswig-holstein-sonderburg-augustenburg_auguste;1701-11-26
daenemark_friedrich_iv;1701-11-26
wuerttemberg-neuenstadt_ferdinand_wilhelm;1701-11-26
frankreich_ludwig_xiv;1701-11-26
orleans_philippe;1701-11-26
starhemberg_ernst_ruediger;1701-11-26
lippe-brake_august;1701-11-26
england_jakob_ii;1701-11-26
sachsen-eisenach_johannetta;1701-11-26
sayn-wittgenstein-sayn_ernst;1701-11-26
